id,date,user,pc,filename,activity,to_removable_media,from_removable_media,content
F-C1000-0-0,05/02/2011 11:00:00,C1000,PC-C1000,C:\docs\report_0.pdf,File Open,False,False,
F-C1000-0-1,05/02/2011 11:01:00,C1000,PC-C1000,C:\docs\report_1.pdf,File Open,False,False,
F-C1000-0-2,05/02/2011 11:02:00,C1000,PC-C1000,C:\docs\report_2.pdf,File Open,False,False,
F-C1000-0-3,05/02/2011 11:03:00,C1000,PC-C1000,C:\docs\report_3.pdf,File Open,False,False,
F-C1000-0-4,05/02/2011 11:04:00,C1000,PC-C1000,C:\docs\report_4.pdf,File Open,False,False,
F-C1000-0-5,05/02/2011 11:05:00,C1000,PC-C1000,C:\docs\report_5.pdf,File Open,False,False,
F-C1000-0-6,05/02/2011 11:06:00,C1000,PC-C1000,C:\docs\report_6.pdf,File Open,False,False,
F-C1000-0-7,05/02/2011 11:07:00,C1000,PC-C1000,C:\docs\report_7.pdf,File Open,False,False,
F-C1001-0-0,05/02/2011 11:00:00,C1001,PC-C1001,C:\docs\report_0.pdf,File Open,False,False,
F-C1001-0-1,05/02/2011 11:01:00,C1001,PC-C1001,C:\docs\report_1.pdf,File Open,False,False,
F-C1001-0-2,05/02/2011 11:02:00,C1001,PC-C1001,C:\docs\report_2.pdf,File Open,False,False,
F-C1001-0-3,05/02/2011 11:03:00,C1001,PC-C1001,C:\docs\report_3.pdf,File Open,False,False,
F-C1001-0-4,05/02/2011 11:04:00,C1001,PC-C1001,C:\docs\report_4.pdf,File Open,False,False,
F-C1001-0-5,05/02/2011 11:05:00,C1001,PC-C1001,C:\docs\report_5.pdf,File Open,False,False,
F-C1001-0-6,05/02/2011 11:06:00,C1001,PC-C1001,C:\docs\report_6.pdf,File Open,False,False,
F-C1001-0-7,05/02/2011 11:07:00,C1001,PC-C1001,C:\docs\report_7.pdf,File Open,False,False,
F-C1001-0-8,05/02/2011 11:08:00,C1001,PC-C1001,C:\docs\report_8.pdf,File Open,False,False,
F-C1002-0-0,05/02/2011 11:00:00,C1002,PC-C1002,C:\docs\report_0.pdf,File Open,False,False,
F-C1002-0-1,05/02/2011 11:01:00,C1002,PC-C1002,C:\docs\report_1.pdf,File Open,False,False,
F-C1002-0-2,05/02/2011 11:02:00,C1002,PC-C1002,C:\docs\report_2.pdf,File Open,False,False,
F-C1002-0-3,05/02/2011 11:03:00,C1002,PC-C1002,C:\docs\report_3.pdf,File Open,False,False,
F-C1002-0-4,05/02/2011 11:04:00,C1002,PC-C1002,C:\docs\report_4.pdf,File Open,False,False,
F-C1002-0-5,05/02/2011 11:05:00,C1002,PC-C1002,C:\docs\report_5.pdf,File Open,False,False,
F-C1002-0-6,05/02/2011 11:06:00,C1002,PC-C1002,C:\docs\report_6.pdf,File Open,False,False,
F-C1002-0-7,05/02/2011 11:07:00,C1002,PC-C1002,C:\docs\report_7.pdf,File Open,False,False,
F-C1002-0-8,05/02/2011 11:08:00,C1002,PC-C1002,C:\docs\report_8.pdf,File Open,False,False,
F-C1002-0-9,05/02/2011 11:09:00,C1002,PC-C1002,C:\docs\report_9.pdf,File Open,False,False,
F-C1003-0-0,05/02/2011 11:00:00,C1003,PC-C1003,C:\docs\report_0.pdf,File Open,False,False,
F-C1003-0-1,05/02/2011 11:01:00,C1003,PC-C1003,C:\docs\report_1.pdf,File Open,False,False,
F-C1003-0-2,05/02/2011 11:02:00,C1003,PC-C1003,C:\docs\report_2.pdf,File Open,False,False,
F-C1003-0-3,05/02/2011 11:03:00,C1003,PC-C1003,C:\docs\report_3.pdf,File Open,False,False,
F-C1003-0-4,05/02/2011 11:04:00,C1003,PC-C1003,C:\docs\report_4.pdf,File Open,False,False,
F-C1003-0-5,05/02/2011 11:05:00,C1003,PC-C1003,C:\docs\report_5.pdf,File Open,False,False,
F-C1003-0-6,05/02/2011 11:06:00,C1003,PC-C1003,C:\docs\report_6.pdf,File Open,False,False,
F-C1003-0-7,05/02/2011 11:07:00,C1003,PC-C1003,C:\docs\report_7.pdf,File Open,False,False,
F-C1004-0-0,05/02/2011 11:00:00,C1004,PC-C1004,C:\docs\report_0.pdf,File Open,False,False,
F-C1004-0-1,05/02/2011 11:01:00,C1004,PC-C1004,C:\docs\report_1.pdf,File Open,False,False,
F-C1004-0-2,05/02/2011 11:02:00,C1004,PC-C1004,C:\docs\report_2.pdf,File Open,False,False,
F-C1004-0-3,05/02/2011 11:03:00,C1004,PC-C1004,C:\docs\report_3.pdf,File Open,False,False,
F-C1004-0-4,05/02/2011 11:04:00,C1004,PC-C1004,C:\docs\report_4.pdf,File Open,False,False,
F-C1004-0-5,05/02/2011 11:05:00,C1004,PC-C1004,C:\docs\report_5.pdf,File Open,False,False,
F-C1004-0-6,05/02/2011 11:06:00,C1004,PC-C1004,C:\docs\report_6.pdf,File Open,False,False,
F-C1004-0-7,05/02/2011 11:07:00,C1004,PC-C1004,C:\docs\report_7.pdf,File Open,False,False,
F-C1004-0-8,05/02/2011 11:08:00,C1004,PC-C1004,C:\docs\report_8.pdf,File Open,False,False,
F-C1005-0-0,05/02/2011 11:00:00,C1005,PC-C1005,C:\docs\report_0.pdf,File Open,False,False,
F-C1005-0-1,05/02/2011 11:01:00,C1005,PC-C1005,C:\docs\report_1.pdf,File Open,False,False,
F-C1005-0-2,05/02/2011 11:02:00,C1005,PC-C1005,C:\docs\report_2.pdf,File Open,False,False,
F-C1005-0-3,05/02/2011 11:03:00,C1005,PC-C1005,C:\docs\report_3.pdf,File Open,False,False,
F-C1005-0-4,05/02/2011 11:04:00,C1005,PC-C1005,C:\docs\report_4.pdf,File Open,False,False,
F-C1005-0-5,05/02/2011 11:05:00,C1005,PC-C1005,C:\docs\report_5.pdf,File Open,False,False,
F-C1005-0-6,05/02/2011 11:06:00,C1005,PC-C1005,C:\docs\report_6.pdf,File Open,False,False,
F-C1005-0-7,05/02/2011 11:07:00,C1005,PC-C1005,C:\docs\report_7.pdf,File Open,False,False,
F-C1005-0-8,05/02/2011 11:08:00,C1005,PC-C1005,C:\docs\report_8.pdf,File Open,False,False,
F-C1005-0-9,05/02/2011 11:09:00,C1005,PC-C1005,C:\docs\report_9.pdf,File Open,False,False,
F-C1006-0-0,05/02/2011 11:00:00,C1006,PC-C1006,C:\docs\report_0.pdf,File Open,False,False,
F-C1006-0-1,05/02/2011 11:01:00,C1006,PC-C1006,C:\docs\report_1.pdf,File Open,False,False,
F-C1006-0-2,05/02/2011 11:02:00,C1006,PC-C1006,C:\docs\report_2.pdf,File Open,False,False,
F-C1006-0-3,05/02/2011 11:03:00,C1006,PC-C1006,C:\docs\report_3.pdf,File Open,False,False,
F-C1006-0-4,05/02/2011 11:04:00,C1006,PC-C1006,C:\docs\report_4.pdf,File Open,False,False,
F-C1006-0-5,05/02/2011 11:05:00,C1006,PC-C1006,C:\docs\report_5.pdf,File Open,False,False,
F-C1006-0-6,05/02/2011 11:06:00,C1006,PC-C1006,C:\docs\report_6.pdf,File Open,False,False,
F-C1006-0-7,05/02/2011 11:07:00,C1006,PC-C1006,C:\docs\report_7.pdf,File Open,False,False,
F-C1007-0-0,05/02/2011 11:00:00,C1007,PC-C1007,C:\docs\report_0.pdf,File Open,False,False,
F-C1007-0-1,05/02/2011 11:01:00,C1007,PC-C1007,C:\docs\report_1.pdf,File Open,False,False,
F-C1007-0-2,05/02/2011 11:02:00,C1007,PC-C1007,C:\docs\report_2.pdf,File Open,False,False,
F-C1007-0-3,05/02/2011 11:03:00,C1007,PC-C1007,C:\docs\report_3.pdf,File Open,False,False,
F-C1007-0-4,05/02/2011 11:04:00,C1007,PC-C1007,C:\docs\report_4.pdf,File Open,False,False,
F-C1007-0-5,05/02/2011 11:05:00,C1007,PC-C1007,C:\docs\report_5.pdf,File Open,False,False,
F-C1007-0-6,05/02/2011 11:06:00,C1007,PC-C1007,C:\docs\report_6.pdf,File Open,False,False,
F-C1007-0-7,05/02/2011 11:07:00,C1007,PC-C1007,C:\docs\report_7.pdf,File Open,False,False,
F-C1007-0-8,05/02/2011 11:08:00,C1007,PC-C1007,C:\docs\report_8.pdf,File Open,False,False,
F-C1008-0-0,05/02/2011 11:00:00,C1008,PC-C1008,C:\docs\report_0.pdf,File Open,False,False,
F-C1008-0-1,05/02/2011 11:01:00,C1008,PC-C1008,C:\docs\report_1.pdf,File Open,False,False,
F-C1008-0-2,05/02/2011 11:02:00,C1008,PC-C1008,C:\docs\report_2.pdf,File Open,False,False,
F-C1008-0-3,05/02/2011 11:03:00,C1008,PC-C1008,C:\docs\report_3.pdf,File Open,False,False,
F-C1008-0-4,05/02/2011 11:04:00,C1008,PC-C1008,C:\docs\report_4.pdf,File Open,False,False,
F-C1008-0-5,05/02/2011 11:05:00,C1008,PC-C1008,C:\docs\report_5.pdf,File Open,False,False,
F-C1008-0-6,05/02/2011 11:06:00,C1008,PC-C1008,C:\docs\report_6.pdf,File Open,False,False,
F-C1008-0-7,05/02/2011 11:07:00,C1008,PC-C1008,C:\docs\report_7.pdf,File Open,False,False,
F-C1008-0-8,05/02/2011 11:08:00,C1008,PC-C1008,C:\docs\report_8.pdf,File Open,False,False,
F-C1008-0-9,05/02/2011 11:09:00,C1008,PC-C1008,C:\docs\report_9.pdf,File Open,False,False,
F-C1009-0-0,05/02/2011 11:00:00,C1009,PC-C1009,C:\docs\report_0.pdf,File Open,False,False,
F-C1009-0-1,05/02/2011 11:01:00,C1009,PC-C1009,C:\docs\report_1.pdf,File Open,False,False,
F-C1009-0-2,05/02/2011 11:02:00,C1009,PC-C1009,C:\docs\report_2.pdf,File Open,False,False,
F-C1009-0-3,05/02/2011 11:03:00,C1009,PC-C1009,C:\docs\report_3.pdf,File Open,False,False,
F-C1009-0-4,05/02/2011 11:04:00,C1009,PC-C1009,C:\docs\report_4.pdf,File Open,False,False,
F-C1009-0-5,05/02/2011 11:05:00,C1009,PC-C1009,C:\docs\report_5.pdf,File Open,False,False,
F-C1009-0-6,05/02/2011 11:06:00,C1009,PC-C1009,C:\docs\report_6.pdf,File Open,False,False,
F-C1009-0-7,05/02/2011 11:07:00,C1009,PC-C1009,C:\docs\report_7.pdf,File Open,False,False,
F-C1010-0-0,05/02/2011 11:00:00,C1010,PC-C1010,C:\docs\report_0.pdf,File Open,False,False,
F-C1010-0-1,05/02/2011 11:01:00,C1010,PC-C1010,C:\docs\report_1.pdf,File Open,False,False,
F-C1010-0-2,05/02/2011 11:02:00,C1010,PC-C1010,C:\docs\report_2.pdf,File Open,False,False,
F-C1010-0-3,05/02/2011 11:03:00,C1010,PC-C1010,C:\docs\report_3.pdf,File Open,False,False,
F-C1010-0-4,05/02/2011 11:04:00,C1010,PC-C1010,C:\docs\report_4.pdf,File Open,False,False,
F-C1010-0-5,05/02/2011 11:05:00,C1010,PC-C1010,C:\docs\report_5.pdf,File Open,False,False,
F-C1010-0-6,05/02/2011 11:06:00,C1010,PC-C1010,C:\docs\report_6.pdf,File Open,False,False,
F-C1010-0-7,05/02/2011 11:07:00,C1010,PC-C1010,C:\docs\report_7.pdf,File Open,False,False,
F-C1010-0-8,05/02/2011 11:08:00,C1010,PC-C1010,C:\docs\report_8.pdf,File Open,False,False,
F-C1011-0-0,05/02/2011 11:00:00,C1011,PC-C1011,C:\docs\report_0.pdf,File Open,False,False,
F-C1011-0-1,05/02/2011 11:01:00,C1011,PC-C1011,C:\docs\report_1.pdf,File Open,False,False,
F-C1011-0-2,05/02/2011 11:02:00,C1011,PC-C1011,C:\docs\report_2.pdf,File Open,False,False,
F-C1011-0-3,05/02/2011 11:03:00,C1011,PC-C1011,C:\docs\report_3.pdf,File Open,False,False,
F-C1011-0-4,05/02/2011 11:04:00,C1011,PC-C1011,C:\docs\report_4.pdf,File Open,False,False,
F-C1011-0-5,05/02/2011 11:05:00,C1011,PC-C1011,C:\docs\report_5.pdf,File Open,False,False,
F-C1011-0-6,05/02/2011 11:06:00,C1011,PC-C1011,C:\docs\report_6.pdf,File Open,False,False,
F-C1011-0-7,05/02/2011 11:07:00,C1011,PC-C1011,C:\docs\report_7.pdf,File Open,False,False,
F-C1011-0-8,05/02/2011 11:08:00,C1011,PC-C1011,C:\docs\report_8.pdf,File Open,False,False,
F-C1011-0-9,05/02/2011 11:09:00,C1011,PC-C1011,C:\docs\report_9.pdf,File Open,False,False,
F-C1012-0-0,05/02/2011 11:00:00,C1012,PC-C1012,C:\docs\report_0.pdf,File Open,False,False,
F-C1012-0-1,05/02/2011 11:01:00,C1012,PC-C1012,C:\docs\report_1.pdf,File Open,False,False,
F-C1012-0-2,05/02/2011 11:02:00,C1012,PC-C1012,C:\docs\report_2.pdf,File Open,False,False,
F-C1012-0-3,05/02/2011 11:03:00,C1012,PC-C1012,C:\docs\report_3.pdf,File Open,False,False,
F-C1012-0-4,05/02/2011 11:04:00,C1012,PC-C1012,C:\docs\report_4.pdf,File Open,False,False,
F-C1012-0-5,05/02/2011 11:05:00,C1012,PC-C1012,C:\docs\report_5.pdf,File Open,False,False,
F-C1012-0-6,05/02/2011 11:06:00,C1012,PC-C1012,C:\docs\report_6.pdf,File Open,False,False,
F-C1012-0-7,05/02/2011 11:07:00,C1012,PC-C1012,C:\docs\report_7.pdf,File Open,False,False,
F-C1013-0-0,05/02/2011 11:00:00,C1013,PC-C1013,C:\docs\report_0.pdf,File Open,False,False,
F-C1013-0-1,05/02/2011 11:01:00,C1013,PC-C1013,C:\docs\report_1.pdf,File Open,False,False,
F-C1013-0-2,05/02/2011 11:02:00,C1013,PC-C1013,C:\docs\report_2.pdf,File Open,False,False,
F-C1013-0-3,05/02/2011 11:03:00,C1013,PC-C1013,C:\docs\report_3.pdf,File Open,False,False,
F-C1013-0-4,05/02/2011 11:04:00,C1013,PC-C1013,C:\docs\report_4.pdf,File Open,False,False,
F-C1013-0-5,05/02/2011 11:05:00,C1013,PC-C1013,C:\docs\report_5.pdf,File Open,False,False,
F-C1013-0-6,05/02/2011 11:06:00,C1013,PC-C1013,C:\docs\report_6.pdf,File Open,False,False,
F-C1013-0-7,05/02/2011 11:07:00,C1013,PC-C1013,C:\docs\report_7.pdf,File Open,False,False,
F-C1013-0-8,05/02/2011 11:08:00,C1013,PC-C1013,C:\docs\report_8.pdf,File Open,False,False,
F-C1014-0-0,05/02/2011 11:00:00,C1014,PC-C1014,C:\docs\report_0.pdf,File Open,False,False,
F-C1014-0-1,05/02/2011 11:01:00,C1014,PC-C1014,C:\docs\report_1.pdf,File Open,False,False,
F-C1014-0-2,05/02/2011 11:02:00,C1014,PC-C1014,C:\docs\report_2.pdf,File Open,False,False,
F-C1014-0-3,05/02/2011 11:03:00,C1014,PC-C1014,C:\docs\report_3.pdf,File Open,False,False,
F-C1014-0-4,05/02/2011 11:04:00,C1014,PC-C1014,C:\docs\report_4.pdf,File Open,False,False,
F-C1014-0-5,05/02/2011 11:05:00,C1014,PC-C1014,C:\docs\report_5.pdf,File Open,False,False,
F-C1014-0-6,05/02/2011 11:06:00,C1014,PC-C1014,C:\docs\report_6.pdf,File Open,False,False,
F-C1014-0-7,05/02/2011 11:07:00,C1014,PC-C1014,C:\docs\report_7.pdf,File Open,False,False,
F-C1014-0-8,05/02/2011 11:08:00,C1014,PC-C1014,C:\docs\report_8.pdf,File Open,False,False,
F-C1014-0-9,05/02/2011 11:09:00,C1014,PC-C1014,C:\docs\report_9.pdf,File Open,False,False,
F-C1015-0-0,05/02/2011 11:00:00,C1015,PC-C1015,C:\docs\report_0.pdf,File Open,False,False,
F-C1015-0-1,05/02/2011 11:01:00,C1015,PC-C1015,C:\docs\report_1.pdf,File Open,False,False,
F-C1015-0-2,05/02/2011 11:02:00,C1015,PC-C1015,C:\docs\report_2.pdf,File Open,False,False,
F-C1015-0-3,05/02/2011 11:03:00,C1015,PC-C1015,C:\docs\report_3.pdf,File Open,False,False,
F-C1015-0-4,05/02/2011 11:04:00,C1015,PC-C1015,C:\docs\report_4.pdf,File Open,False,False,
F-C1015-0-5,05/02/2011 11:05:00,C1015,PC-C1015,C:\docs\report_5.pdf,File Open,False,False,
F-C1015-0-6,05/02/2011 11:06:00,C1015,PC-C1015,C:\docs\report_6.pdf,File Open,False,False,
F-C1015-0-7,05/02/2011 11:07:00,C1015,PC-C1015,C:\docs\report_7.pdf,File Open,False,False,
F-C1016-0-0,05/02/2011 11:00:00,C1016,PC-C1016,C:\docs\report_0.pdf,File Open,False,False,
F-C1016-0-1,05/02/2011 11:01:00,C1016,PC-C1016,C:\docs\report_1.pdf,File Open,False,False,
F-C1016-0-2,05/02/2011 11:02:00,C1016,PC-C1016,C:\docs\report_2.pdf,File Open,False,False,
F-C1016-0-3,05/02/2011 11:03:00,C1016,PC-C1016,C:\docs\report_3.pdf,File Open,False,False,
F-C1016-0-4,05/02/2011 11:04:00,C1016,PC-C1016,C:\docs\report_4.pdf,File Open,False,False,
F-C1016-0-5,05/02/2011 11:05:00,C1016,PC-C1016,C:\docs\report_5.pdf,File Open,False,False,
F-C1016-0-6,05/02/2011 11:06:00,C1016,PC-C1016,C:\docs\report_6.pdf,File Open,False,False,
F-C1016-0-7,05/02/2011 11:07:00,C1016,PC-C1016,C:\docs\report_7.pdf,File Open,False,False,
F-C1016-0-8,05/02/2011 11:08:00,C1016,PC-C1016,C:\docs\report_8.pdf,File Open,False,False,
F-C1017-0-0,05/02/2011 11:00:00,C1017,PC-C1017,C:\docs\report_0.pdf,File Open,False,False,
F-C1017-0-1,05/02/2011 11:01:00,C1017,PC-C1017,C:\docs\report_1.pdf,File Open,False,False,
F-C1017-0-2,05/02/2011 11:02:00,C1017,PC-C1017,C:\docs\report_2.pdf,File Open,False,False,
F-C1017-0-3,05/02/2011 11:03:00,C1017,PC-C1017,C:\docs\report_3.pdf,File Open,False,False,
F-C1017-0-4,05/02/2011 11:04:00,C1017,PC-C1017,C:\docs\report_4.pdf,File Open,False,False,
F-C1017-0-5,05/02/2011 11:05:00,C1017,PC-C1017,C:\docs\report_5.pdf,File Open,False,False,
F-C1017-0-6,05/02/2011 11:06:00,C1017,PC-C1017,C:\docs\report_6.pdf,File Open,False,False,
F-C1017-0-7,05/02/2011 11:07:00,C1017,PC-C1017,C:\docs\report_7.pdf,File Open,False,False,
F-C1017-0-8,05/02/2011 11:08:00,C1017,PC-C1017,C:\docs\report_8.pdf,File Open,False,False,
F-C1017-0-9,05/02/2011 11:09:00,C1017,PC-C1017,C:\docs\report_9.pdf,File Open,False,False,
F-C1018-0-0,05/02/2011 11:00:00,C1018,PC-C1018,C:\docs\report_0.pdf,File Open,False,False,
F-C1018-0-1,05/02/2011 11:01:00,C1018,PC-C1018,C:\docs\report_1.pdf,File Open,False,False,
F-C1018-0-2,05/02/2011 11:02:00,C1018,PC-C1018,C:\docs\report_2.pdf,File Open,False,False,
F-C1018-0-3,05/02/2011 11:03:00,C1018,PC-C1018,C:\docs\report_3.pdf,File Open,False,False,
F-C1018-0-4,05/02/2011 11:04:00,C1018,PC-C1018,C:\docs\report_4.pdf,File Open,False,False,
F-C1018-0-5,05/02/2011 11:05:00,C1018,PC-C1018,C:\docs\report_5.pdf,File Open,False,False,
F-C1018-0-6,05/02/2011 11:06:00,C1018,PC-C1018,C:\docs\report_6.pdf,File Open,False,False,
F-C1018-0-7,05/02/2011 11:07:00,C1018,PC-C1018,C:\docs\report_7.pdf,File Open,False,False,
F-C1019-0-0,05/02/2011 11:00:00,C1019,PC-C1019,C:\docs\report_0.pdf,File Open,False,False,
F-C1019-0-1,05/02/2011 11:01:00,C1019,PC-C1019,C:\docs\report_1.pdf,File Open,False,False,
F-C1019-0-2,05/02/2011 11:02:00,C1019,PC-C1019,C:\docs\report_2.pdf,File Open,False,False,
F-C1019-0-3,05/02/2011 11:03:00,C1019,PC-C1019,C:\docs\report_3.pdf,File Open,False,False,
F-C1019-0-4,05/02/2011 11:04:00,C1019,PC-C1019,C:\docs\report_4.pdf,File Open,False,False,
F-C1019-0-5,05/02/2011 11:05:00,C1019,PC-C1019,C:\docs\report_5.pdf,File Open,False,False,
F-C1019-0-6,05/02/2011 11:06:00,C1019,PC-C1019,C:\docs\report_6.pdf,File Open,False,False,
F-C1019-0-7,05/02/2011 11:07:00,C1019,PC-C1019,C:\docs\report_7.pdf,File Open,False,False,
F-C1019-0-8,05/02/2011 11:08:00,C1019,PC-C1019,C:\docs\report_8.pdf,File Open,False,False,
F-C1000-1-0,05/03/2011 11:00:00,C1000,PC-C1000,C:\docs\report_0.pdf,File Open,False,False,
F-C1000-1-1,05/03/2011 11:01:00,C1000,PC-C1000,C:\docs\report_1.pdf,File Open,False,False,
F-C1000-1-2,05/03/2011 11:02:00,C1000,PC-C1000,C:\docs\report_2.pdf,File Open,False,False,
F-C1000-1-3,05/03/2011 11:03:00,C1000,PC-C1000,C:\docs\report_3.pdf,File Open,False,False,
F-C1000-1-4,05/03/2011 11:04:00,C1000,PC-C1000,C:\docs\report_4.pdf,File Open,False,False,
F-C1000-1-5,05/03/2011 11:05:00,C1000,PC-C1000,C:\docs\report_5.pdf,File Open,False,False,
F-C1000-1-6,05/03/2011 11:06:00,C1000,PC-C1000,C:\docs\report_6.pdf,File Open,False,False,
F-C1000-1-7,05/03/2011 11:07:00,C1000,PC-C1000,C:\docs\report_7.pdf,File Open,False,False,
F-C1000-1-8,05/03/2011 11:08:00,C1000,PC-C1000,C:\docs\report_8.pdf,File Open,False,False,
F-C1001-1-0,05/03/2011 11:00:00,C1001,PC-C1001,C:\docs\report_0.pdf,File Open,False,False,
F-C1001-1-1,05/03/2011 11:01:00,C1001,PC-C1001,C:\docs\report_1.pdf,File Open,False,False,
F-C1001-1-2,05/03/2011 11:02:00,C1001,PC-C1001,C:\docs\report_2.pdf,File Open,False,False,
F-C1001-1-3,05/03/2011 11:03:00,C1001,PC-C1001,C:\docs\report_3.pdf,File Open,False,False,
F-C1001-1-4,05/03/2011 11:04:00,C1001,PC-C1001,C:\docs\report_4.pdf,File Open,False,False,
F-C1001-1-5,05/03/2011 11:05:00,C1001,PC-C1001,C:\docs\report_5.pdf,File Open,False,False,
F-C1001-1-6,05/03/2011 11:06:00,C1001,PC-C1001,C:\docs\report_6.pdf,File Open,False,False,
F-C1001-1-7,05/03/2011 11:07:00,C1001,PC-C1001,C:\docs\report_7.pdf,File Open,False,False,
F-C1001-1-8,05/03/2011 11:08:00,C1001,PC-C1001,C:\docs\report_8.pdf,File Open,False,False,
F-C1001-1-9,05/03/2011 11:09:00,C1001,PC-C1001,C:\docs\report_9.pdf,File Open,False,False,
F-C1002-1-0,05/03/2011 11:00:00,C1002,PC-C1002,C:\docs\report_0.pdf,File Open,False,False,
F-C1002-1-1,05/03/2011 11:01:00,C1002,PC-C1002,C:\docs\report_1.pdf,File Open,False,False,
F-C1002-1-2,05/03/2011 11:02:00,C1002,PC-C1002,C:\docs\report_2.pdf,File Open,False,False,
F-C1002-1-3,05/03/2011 11:03:00,C1002,PC-C1002,C:\docs\report_3.pdf,File Open,False,False,
F-C1002-1-4,05/03/2011 11:04:00,C1002,PC-C1002,C:\docs\report_4.pdf,File Open,False,False,
F-C1002-1-5,05/03/2011 11:05:00,C1002,PC-C1002,C:\docs\report_5.pdf,File Open,False,False,
F-C1002-1-6,05/03/2011 11:06:00,C1002,PC-C1002,C:\docs\report_6.pdf,File Open,False,False,
F-C1002-1-7,05/03/2011 11:07:00,C1002,PC-C1002,C:\docs\report_7.pdf,File Open,False,False,
F-C1003-1-0,05/03/2011 11:00:00,C1003,PC-C1003,C:\docs\report_0.pdf,File Open,False,False,
F-C1003-1-1,05/03/2011 11:01:00,C1003,PC-C1003,C:\docs\report_1.pdf,File Open,False,False,
F-C1003-1-2,05/03/2011 11:02:00,C1003,PC-C1003,C:\docs\report_2.pdf,File Open,False,False,
F-C1003-1-3,05/03/2011 11:03:00,C1003,PC-C1003,C:\docs\report_3.pdf,File Open,False,False,
F-C1003-1-4,05/03/2011 11:04:00,C1003,PC-C1003,C:\docs\report_4.pdf,File Open,False,False,
F-C1003-1-5,05/03/2011 11:05:00,C1003,PC-C1003,C:\docs\report_5.pdf,File Open,False,False,
F-C1003-1-6,05/03/2011 11:06:00,C1003,PC-C1003,C:\docs\report_6.pdf,File Open,False,False,
F-C1003-1-7,05/03/2011 11:07:00,C1003,PC-C1003,C:\docs\report_7.pdf,File Open,False,False,
F-C1003-1-8,05/03/2011 11:08:00,C1003,PC-C1003,C:\docs\report_8.pdf,File Open,False,False,
F-C1004-1-0,05/03/2011 11:00:00,C1004,PC-C1004,C:\docs\report_0.pdf,File Open,False,False,
F-C1004-1-1,05/03/2011 11:01:00,C1004,PC-C1004,C:\docs\report_1.pdf,File Open,False,False,
F-C1004-1-2,05/03/2011 11:02:00,C1004,PC-C1004,C:\docs\report_2.pdf,File Open,False,False,
F-C1004-1-3,05/03/2011 11:03:00,C1004,PC-C1004,C:\docs\report_3.pdf,File Open,False,False,
F-C1004-1-4,05/03/2011 11:04:00,C1004,PC-C1004,C:\docs\report_4.pdf,File Open,False,False,
F-C1004-1-5,05/03/2011 11:05:00,C1004,PC-C1004,C:\docs\report_5.pdf,File Open,False,False,
F-C1004-1-6,05/03/2011 11:06:00,C1004,PC-C1004,C:\docs\report_6.pdf,File Open,False,False,
F-C1004-1-7,05/03/2011 11:07:00,C1004,PC-C1004,C:\docs\report_7.pdf,File Open,False,False,
F-C1004-1-8,05/03/2011 11:08:00,C1004,PC-C1004,C:\docs\report_8.pdf,File Open,False,False,
F-C1004-1-9,05/03/2011 11:09:00,C1004,PC-C1004,C:\docs\report_9.pdf,File Open,False,False,
F-C1005-1-0,05/03/2011 11:00:00,C1005,PC-C1005,C:\docs\report_0.pdf,File Open,False,False,
F-C1005-1-1,05/03/2011 11:01:00,C1005,PC-C1005,C:\docs\report_1.pdf,File Open,False,False,
F-C1005-1-2,05/03/2011 11:02:00,C1005,PC-C1005,C:\docs\report_2.pdf,File Open,False,False,
F-C1005-1-3,05/03/2011 11:03:00,C1005,PC-C1005,C:\docs\report_3.pdf,File Open,False,False,
F-C1005-1-4,05/03/2011 11:04:00,C1005,PC-C1005,C:\docs\report_4.pdf,File Open,False,False,
F-C1005-1-5,05/03/2011 11:05:00,C1005,PC-C1005,C:\docs\report_5.pdf,File Open,False,False,
F-C1005-1-6,05/03/2011 11:06:00,C1005,PC-C1005,C:\docs\report_6.pdf,File Open,False,False,
F-C1005-1-7,05/03/2011 11:07:00,C1005,PC-C1005,C:\docs\report_7.pdf,File Open,False,False,
F-C1006-1-0,05/03/2011 11:00:00,C1006,PC-C1006,C:\docs\report_0.pdf,File Open,False,False,
F-C1006-1-1,05/03/2011 11:01:00,C1006,PC-C1006,C:\docs\report_1.pdf,File Open,False,False,
F-C1006-1-2,05/03/2011 11:02:00,C1006,PC-C1006,C:\docs\report_2.pdf,File Open,False,False,
F-C1006-1-3,05/03/2011 11:03:00,C1006,PC-C1006,C:\docs\report_3.pdf,File Open,False,False,
F-C1006-1-4,05/03/2011 11:04:00,C1006,PC-C1006,C:\docs\report_4.pdf,File Open,False,False,
F-C1006-1-5,05/03/2011 11:05:00,C1006,PC-C1006,C:\docs\report_5.pdf,File Open,False,False,
F-C1006-1-6,05/03/2011 11:06:00,C1006,PC-C1006,C:\docs\report_6.pdf,File Open,False,False,
F-C1006-1-7,05/03/2011 11:07:00,C1006,PC-C1006,C:\docs\report_7.pdf,File Open,False,False,
F-C1006-1-8,05/03/2011 11:08:00,C1006,PC-C1006,C:\docs\report_8.pdf,File Open,False,False,
F-C1007-1-0,05/03/2011 11:00:00,C1007,PC-C1007,C:\docs\report_0.pdf,File Open,False,False,
F-C1007-1-1,05/03/2011 11:01:00,C1007,PC-C1007,C:\docs\report_1.pdf,File Open,False,False,
F-C1007-1-2,05/03/2011 11:02:00,C1007,PC-C1007,C:\docs\report_2.pdf,File Open,False,False,
F-C1007-1-3,05/03/2011 11:03:00,C1007,PC-C1007,C:\docs\report_3.pdf,File Open,False,False,
F-C1007-1-4,05/03/2011 11:04:00,C1007,PC-C1007,C:\docs\report_4.pdf,File Open,False,False,
F-C1007-1-5,05/03/2011 11:05:00,C1007,PC-C1007,C:\docs\report_5.pdf,File Open,False,False,
F-C1007-1-6,05/03/2011 11:06:00,C1007,PC-C1007,C:\docs\report_6.pdf,File Open,False,False,
F-C1007-1-7,05/03/2011 11:07:00,C1007,PC-C1007,C:\docs\report_7.pdf,File Open,False,False,
F-C1007-1-8,05/03/2011 11:08:00,C1007,PC-C1007,C:\docs\report_8.pdf,File Open,False,False,
F-C1007-1-9,05/03/2011 11:09:00,C1007,PC-C1007,C:\docs\report_9.pdf,File Open,False,False,
F-C1008-1-0,05/03/2011 11:00:00,C1008,PC-C1008,C:\docs\report_0.pdf,File Open,False,False,
F-C1008-1-1,05/03/2011 11:01:00,C1008,PC-C1008,C:\docs\report_1.pdf,File Open,False,False,
F-C1008-1-2,05/03/2011 11:02:00,C1008,PC-C1008,C:\docs\report_2.pdf,File Open,False,False,
F-C1008-1-3,05/03/2011 11:03:00,C1008,PC-C1008,C:\docs\report_3.pdf,File Open,False,False,
F-C1008-1-4,05/03/2011 11:04:00,C1008,PC-C1008,C:\docs\report_4.pdf,File Open,False,False,
F-C1008-1-5,05/03/2011 11:05:00,C1008,PC-C1008,C:\docs\report_5.pdf,File Open,False,False,
F-C1008-1-6,05/03/2011 11:06:00,C1008,PC-C1008,C:\docs\report_6.pdf,File Open,False,False,
F-C1008-1-7,05/03/2011 11:07:00,C1008,PC-C1008,C:\docs\report_7.pdf,File Open,False,False,
F-C1009-1-0,05/03/2011 11:00:00,C1009,PC-C1009,C:\docs\report_0.pdf,File Open,False,False,
F-C1009-1-1,05/03/2011 11:01:00,C1009,PC-C1009,C:\docs\report_1.pdf,File Open,False,False,
F-C1009-1-2,05/03/2011 11:02:00,C1009,PC-C1009,C:\docs\report_2.pdf,File Open,False,False,
F-C1009-1-3,05/03/2011 11:03:00,C1009,PC-C1009,C:\docs\report_3.pdf,File Open,False,False,
F-C1009-1-4,05/03/2011 11:04:00,C1009,PC-C1009,C:\docs\report_4.pdf,File Open,False,False,
F-C1009-1-5,05/03/2011 11:05:00,C1009,PC-C1009,C:\docs\report_5.pdf,File Open,False,False,
F-C1009-1-6,05/03/2011 11:06:00,C1009,PC-C1009,C:\docs\report_6.pdf,File Open,False,False,
F-C1009-1-7,05/03/2011 11:07:00,C1009,PC-C1009,C:\docs\report_7.pdf,File Open,False,False,
F-C1009-1-8,05/03/2011 11:08:00,C1009,PC-C1009,C:\docs\report_8.pdf,File Open,False,False,
F-C1010-1-0,05/03/2011 11:00:00,C1010,PC-C1010,C:\docs\report_0.pdf,File Open,False,False,
F-C1010-1-1,05/03/2011 11:01:00,C1010,PC-C1010,C:\docs\report_1.pdf,File Open,False,False,
F-C1010-1-2,05/03/2011 11:02:00,C1010,PC-C1010,C:\docs\report_2.pdf,File Open,False,False,
F-C1010-1-3,05/03/2011 11:03:00,C1010,PC-C1010,C:\docs\report_3.pdf,File Open,False,False,
F-C1010-1-4,05/03/2011 11:04:00,C1010,PC-C1010,C:\docs\report_4.pdf,File Open,False,False,
F-C1010-1-5,05/03/2011 11:05:00,C1010,PC-C1010,C:\docs\report_5.pdf,File Open,False,False,
F-C1010-1-6,05/03/2011 11:06:00,C1010,PC-C1010,C:\docs\report_6.pdf,File Open,False,False,
F-C1010-1-7,05/03/2011 11:07:00,C1010,PC-C1010,C:\docs\report_7.pdf,File Open,False,False,
F-C1010-1-8,05/03/2011 11:08:00,C1010,PC-C1010,C:\docs\report_8.pdf,File Open,False,False,
F-C1010-1-9,05/03/2011 11:09:00,C1010,PC-C1010,C:\docs\report_9.pdf,File Open,False,False,
F-C1011-1-0,05/03/2011 11:00:00,C1011,PC-C1011,C:\docs\report_0.pdf,File Open,False,False,
F-C1011-1-1,05/03/2011 11:01:00,C1011,PC-C1011,C:\docs\report_1.pdf,File Open,False,False,
F-C1011-1-2,05/03/2011 11:02:00,C1011,PC-C1011,C:\docs\report_2.pdf,File Open,False,False,
F-C1011-1-3,05/03/2011 11:03:00,C1011,PC-C1011,C:\docs\report_3.pdf,File Open,False,False,
F-C1011-1-4,05/03/2011 11:04:00,C1011,PC-C1011,C:\docs\report_4.pdf,File Open,False,False,
F-C1011-1-5,05/03/2011 11:05:00,C1011,PC-C1011,C:\docs\report_5.pdf,File Open,False,False,
F-C1011-1-6,05/03/2011 11:06:00,C1011,PC-C1011,C:\docs\report_6.pdf,File Open,False,False,
F-C1011-1-7,05/03/2011 11:07:00,C1011,PC-C1011,C:\docs\report_7.pdf,File Open,False,False,
F-C1012-1-0,05/03/2011 11:00:00,C1012,PC-C1012,C:\docs\report_0.pdf,File Open,False,False,
F-C1012-1-1,05/03/2011 11:01:00,C1012,PC-C1012,C:\docs\report_1.pdf,File Open,False,False,
F-C1012-1-2,05/03/2011 11:02:00,C1012,PC-C1012,C:\docs\report_2.pdf,File Open,False,False,
F-C1012-1-3,05/03/2011 11:03:00,C1012,PC-C1012,C:\docs\report_3.pdf,File Open,False,False,
F-C1012-1-4,05/03/2011 11:04:00,C1012,PC-C1012,C:\docs\report_4.pdf,File Open,False,False,
F-C1012-1-5,05/03/2011 11:05:00,C1012,PC-C1012,C:\docs\report_5.pdf,File Open,False,False,
F-C1012-1-6,05/03/2011 11:06:00,C1012,PC-C1012,C:\docs\report_6.pdf,File Open,False,False,
F-C1012-1-7,05/03/2011 11:07:00,C1012,PC-C1012,C:\docs\report_7.pdf,File Open,False,False,
F-C1012-1-8,05/03/2011 11:08:00,C1012,PC-C1012,C:\docs\report_8.pdf,File Open,False,False,
F-C1013-1-0,05/03/2011 11:00:00,C1013,PC-C1013,C:\docs\report_0.pdf,File Open,False,False,
F-C1013-1-1,05/03/2011 11:01:00,C1013,PC-C1013,C:\docs\report_1.pdf,File Open,False,False,
F-C1013-1-2,05/03/2011 11:02:00,C1013,PC-C1013,C:\docs\report_2.pdf,File Open,False,False,
F-C1013-1-3,05/03/2011 11:03:00,C1013,PC-C1013,C:\docs\report_3.pdf,File Open,False,False,
F-C1013-1-4,05/03/2011 11:04:00,C1013,PC-C1013,C:\docs\report_4.pdf,File Open,False,False,
F-C1013-1-5,05/03/2011 11:05:00,C1013,PC-C1013,C:\docs\report_5.pdf,File Open,False,False,
F-C1013-1-6,05/03/2011 11:06:00,C1013,PC-C1013,C:\docs\report_6.pdf,File Open,False,False,
F-C1013-1-7,05/03/2011 11:07:00,C1013,PC-C1013,C:\docs\report_7.pdf,File Open,False,False,
F-C1013-1-8,05/03/2011 11:08:00,C1013,PC-C1013,C:\docs\report_8.pdf,File Open,False,False,
F-C1013-1-9,05/03/2011 11:09:00,C1013,PC-C1013,C:\docs\report_9.pdf,File Open,False,False,
F-C1014-1-0,05/03/2011 11:00:00,C1014,PC-C1014,C:\docs\report_0.pdf,File Open,False,False,
F-C1014-1-1,05/03/2011 11:01:00,C1014,PC-C1014,C:\docs\report_1.pdf,File Open,False,False,
F-C1014-1-2,05/03/2011 11:02:00,C1014,PC-C1014,C:\docs\report_2.pdf,File Open,False,False,
F-C1014-1-3,05/03/2011 11:03:00,C1014,PC-C1014,C:\docs\report_3.pdf,File Open,False,False,
F-C1014-1-4,05/03/2011 11:04:00,C1014,PC-C1014,C:\docs\report_4.pdf,File Open,False,False,
F-C1014-1-5,05/03/2011 11:05:00,C1014,PC-C1014,C:\docs\report_5.pdf,File Open,False,False,
F-C1014-1-6,05/03/2011 11:06:00,C1014,PC-C1014,C:\docs\report_6.pdf,File Open,False,False,
F-C1014-1-7,05/03/2011 11:07:00,C1014,PC-C1014,C:\docs\report_7.pdf,File Open,False,False,
F-C1015-1-0,05/03/2011 11:00:00,C1015,PC-C1015,C:\docs\report_0.pdf,File Open,False,False,
F-C1015-1-1,05/03/2011 11:01:00,C1015,PC-C1015,C:\docs\report_1.pdf,File Open,False,False,
F-C1015-1-2,05/03/2011 11:02:00,C1015,PC-C1015,C:\docs\report_2.pdf,File Open,False,False,
F-C1015-1-3,05/03/2011 11:03:00,C1015,PC-C1015,C:\docs\report_3.pdf,File Open,False,False,
F-C1015-1-4,05/03/2011 11:04:00,C1015,PC-C1015,C:\docs\report_4.pdf,File Open,False,False,
F-C1015-1-5,05/03/2011 11:05:00,C1015,PC-C1015,C:\docs\report_5.pdf,File Open,False,False,
F-C1015-1-6,05/03/2011 11:06:00,C1015,PC-C1015,C:\docs\report_6.pdf,File Open,False,False,
F-C1015-1-7,05/03/2011 11:07:00,C1015,PC-C1015,C:\docs\report_7.pdf,File Open,False,False,
F-C1015-1-8,05/03/2011 11:08:00,C1015,PC-C1015,C:\docs\report_8.pdf,File Open,False,False,
F-C1016-1-0,05/03/2011 11:00:00,C1016,PC-C1016,C:\docs\report_0.pdf,File Open,False,False,
F-C1016-1-1,05/03/2011 11:01:00,C1016,PC-C1016,C:\docs\report_1.pdf,File Open,False,False,
F-C1016-1-2,05/03/2011 11:02:00,C1016,PC-C1016,C:\docs\report_2.pdf,File Open,False,False,
F-C1016-1-3,05/03/2011 11:03:00,C1016,PC-C1016,C:\docs\report_3.pdf,File Open,False,False,
F-C1016-1-4,05/03/2011 11:04:00,C1016,PC-C1016,C:\docs\report_4.pdf,File Open,False,False,
F-C1016-1-5,05/03/2011 11:05:00,C1016,PC-C1016,C:\docs\report_5.pdf,File Open,False,False,
F-C1016-1-6,05/03/2011 11:06:00,C1016,PC-C1016,C:\docs\report_6.pdf,File Open,False,False,
F-C1016-1-7,05/03/2011 11:07:00,C1016,PC-C1016,C:\docs\report_7.pdf,File Open,False,False,
F-C1016-1-8,05/03/2011 11:08:00,C1016,PC-C1016,C:\docs\report_8.pdf,File Open,False,False,
F-C1016-1-9,05/03/2011 11:09:00,C1016,PC-C1016,C:\docs\report_9.pdf,File Open,False,False,
F-C1017-1-0,05/03/2011 11:00:00,C1017,PC-C1017,C:\docs\report_0.pdf,File Open,False,False,
F-C1017-1-1,05/03/2011 11:01:00,C1017,PC-C1017,C:\docs\report_1.pdf,File Open,False,False,
F-C1017-1-2,05/03/2011 11:02:00,C1017,PC-C1017,C:\docs\report_2.pdf,File Open,False,False,
F-C1017-1-3,05/03/2011 11:03:00,C1017,PC-C1017,C:\docs\report_3.pdf,File Open,False,False,
F-C1017-1-4,05/03/2011 11:04:00,C1017,PC-C1017,C:\docs\report_4.pdf,File Open,False,False,
F-C1017-1-5,05/03/2011 11:05:00,C1017,PC-C1017,C:\docs\report_5.pdf,File Open,False,False,
F-C1017-1-6,05/03/2011 11:06:00,C1017,PC-C1017,C:\docs\report_6.pdf,File Open,False,False,
F-C1017-1-7,05/03/2011 11:07:00,C1017,PC-C1017,C:\docs\report_7.pdf,File Open,False,False,
F-C1018-1-0,05/03/2011 11:00:00,C1018,PC-C1018,C:\docs\report_0.pdf,File Open,False,False,
F-C1018-1-1,05/03/2011 11:01:00,C1018,PC-C1018,C:\docs\report_1.pdf,File Open,False,False,
F-C1018-1-2,05/03/2011 11:02:00,C1018,PC-C1018,C:\docs\report_2.pdf,File Open,False,False,
F-C1018-1-3,05/03/2011 11:03:00,C1018,PC-C1018,C:\docs\report_3.pdf,File Open,False,False,
F-C1018-1-4,05/03/2011 11:04:00,C1018,PC-C1018,C:\docs\report_4.pdf,File Open,False,False,
F-C1018-1-5,05/03/2011 11:05:00,C1018,PC-C1018,C:\docs\report_5.pdf,File Open,False,False,
F-C1018-1-6,05/03/2011 11:06:00,C1018,PC-C1018,C:\docs\report_6.pdf,File Open,False,False,
F-C1018-1-7,05/03/2011 11:07:00,C1018,PC-C1018,C:\docs\report_7.pdf,File Open,False,False,
F-C1018-1-8,05/03/2011 11:08:00,C1018,PC-C1018,C:\docs\report_8.pdf,File Open,False,False,
F-C1019-1-0,05/03/2011 11:00:00,C1019,PC-C1019,C:\docs\report_0.pdf,File Open,False,False,
F-C1019-1-1,05/03/2011 11:01:00,C1019,PC-C1019,C:\docs\report_1.pdf,File Open,False,False,
F-C1019-1-2,05/03/2011 11:02:00,C1019,PC-C1019,C:\docs\report_2.pdf,File Open,False,False,
F-C1019-1-3,05/03/2011 11:03:00,C1019,PC-C1019,C:\docs\report_3.pdf,File Open,False,False,
F-C1019-1-4,05/03/2011 11:04:00,C1019,PC-C1019,C:\docs\report_4.pdf,File Open,False,False,
F-C1019-1-5,05/03/2011 11:05:00,C1019,PC-C1019,C:\docs\report_5.pdf,File Open,False,False,
F-C1019-1-6,05/03/2011 11:06:00,C1019,PC-C1019,C:\docs\report_6.pdf,File Open,False,False,
F-C1019-1-7,05/03/2011 11:07:00,C1019,PC-C1019,C:\docs\report_7.pdf,File Open,False,False,
F-C1019-1-8,05/03/2011 11:08:00,C1019,PC-C1019,C:\docs\report_8.pdf,File Open,False,False,
F-C1019-1-9,05/03/2011 11:09:00,C1019,PC-C1019,C:\docs\report_9.pdf,File Open,False,False,
F-C1000-2-0,05/04/2011 11:00:00,C1000,PC-C1000,C:\docs\report_0.pdf,File Open,False,False,
F-C1000-2-1,05/04/2011 11:01:00,C1000,PC-C1000,C:\docs\report_1.pdf,File Open,False,False,
F-C1000-2-2,05/04/2011 11:02:00,C1000,PC-C1000,C:\docs\report_2.pdf,File Open,False,False,
F-C1000-2-3,05/04/2011 11:03:00,C1000,PC-C1000,C:\docs\report_3.pdf,File Open,False,False,
F-C1000-2-4,05/04/2011 11:04:00,C1000,PC-C1000,C:\docs\report_4.pdf,File Open,False,False,
F-C1000-2-5,05/04/2011 11:05:00,C1000,PC-C1000,C:\docs\report_5.pdf,File Open,False,False,
F-C1000-2-6,05/04/2011 11:06:00,C1000,PC-C1000,C:\docs\report_6.pdf,File Open,False,False,
F-C1000-2-7,05/04/2011 11:07:00,C1000,PC-C1000,C:\docs\report_7.pdf,File Open,False,False,
F-C1000-2-8,05/04/2011 11:08:00,C1000,PC-C1000,C:\docs\report_8.pdf,File Open,False,False,
F-C1000-2-9,05/04/2011 11:09:00,C1000,PC-C1000,C:\docs\report_9.pdf,File Open,False,False,
F-C1000-2-10,05/04/2011 11:10:00,C1000,PC-C1000,C:\docs\report_10.pdf,File Open,False,False,
F-C1001-2-0,05/04/2011 11:00:00,C1001,PC-C1001,C:\docs\report_0.pdf,File Open,False,False,
F-C1001-2-1,05/04/2011 11:01:00,C1001,PC-C1001,C:\docs\report_1.pdf,File Open,False,False,
F-C1001-2-2,05/04/2011 11:02:00,C1001,PC-C1001,C:\docs\report_2.pdf,File Open,False,False,
F-C1001-2-3,05/04/2011 11:03:00,C1001,PC-C1001,C:\docs\report_3.pdf,File Open,False,False,
F-C1001-2-4,05/04/2011 11:04:00,C1001,PC-C1001,C:\docs\report_4.pdf,File Open,False,False,
F-C1001-2-5,05/04/2011 11:05:00,C1001,PC-C1001,C:\docs\report_5.pdf,File Open,False,False,
F-C1001-2-6,05/04/2011 11:06:00,C1001,PC-C1001,C:\docs\report_6.pdf,File Open,False,False,
F-C1001-2-7,05/04/2011 11:07:00,C1001,PC-C1001,C:\docs\report_7.pdf,File Open,False,False,
F-C1002-2-0,05/04/2011 11:00:00,C1002,PC-C1002,C:\docs\report_0.pdf,File Open,False,False,
F-C1002-2-1,05/04/2011 11:01:00,C1002,PC-C1002,C:\docs\report_1.pdf,File Open,False,False,
F-C1002-2-2,05/04/2011 11:02:00,C1002,PC-C1002,C:\docs\report_2.pdf,File Open,False,False,
F-C1002-2-3,05/04/2011 11:03:00,C1002,PC-C1002,C:\docs\report_3.pdf,File Open,False,False,
F-C1002-2-4,05/04/2011 11:04:00,C1002,PC-C1002,C:\docs\report_4.pdf,File Open,False,False,
F-C1002-2-5,05/04/2011 11:05:00,C1002,PC-C1002,C:\docs\report_5.pdf,File Open,False,False,
F-C1002-2-6,05/04/2011 11:06:00,C1002,PC-C1002,C:\docs\report_6.pdf,File Open,False,False,
F-C1002-2-7,05/04/2011 11:07:00,C1002,PC-C1002,C:\docs\report_7.pdf,File Open,False,False,
F-C1002-2-8,05/04/2011 11:08:00,C1002,PC-C1002,C:\docs\report_8.pdf,File Open,False,False,
F-C1003-2-0,05/04/2011 11:00:00,C1003,PC-C1003,C:\docs\report_0.pdf,File Open,False,False,
F-C1003-2-1,05/04/2011 11:01:00,C1003,PC-C1003,C:\docs\report_1.pdf,File Open,False,False,
F-C1003-2-2,05/04/2011 11:02:00,C1003,PC-C1003,C:\docs\report_2.pdf,File Open,False,False,
F-C1003-2-3,05/04/2011 11:03:00,C1003,PC-C1003,C:\docs\report_3.pdf,File Open,False,False,
F-C1003-2-4,05/04/2011 11:04:00,C1003,PC-C1003,C:\docs\report_4.pdf,File Open,False,False,
F-C1003-2-5,05/04/2011 11:05:00,C1003,PC-C1003,C:\docs\report_5.pdf,File Open,False,False,
F-C1003-2-6,05/04/2011 11:06:00,C1003,PC-C1003,C:\docs\report_6.pdf,File Open,False,False,
F-C1003-2-7,05/04/2011 11:07:00,C1003,PC-C1003,C:\docs\report_7.pdf,File Open,False,False,
F-C1003-2-8,05/04/2011 11:08:00,C1003,PC-C1003,C:\docs\report_8.pdf,File Open,False,False,
F-C1003-2-9,05/04/2011 11:09:00,C1003,PC-C1003,C:\docs\report_9.pdf,File Open,False,False,
F-C1004-2-0,05/04/2011 11:00:00,C1004,PC-C1004,C:\docs\report_0.pdf,File Open,False,False,
F-C1004-2-1,05/04/2011 11:01:00,C1004,PC-C1004,C:\docs\report_1.pdf,File Open,False,False,
F-C1004-2-2,05/04/2011 11:02:00,C1004,PC-C1004,C:\docs\report_2.pdf,File Open,False,False,
F-C1004-2-3,05/04/2011 11:03:00,C1004,PC-C1004,C:\docs\report_3.pdf,File Open,False,False,
F-C1004-2-4,05/04/2011 11:04:00,C1004,PC-C1004,C:\docs\report_4.pdf,File Open,False,False,
F-C1004-2-5,05/04/2011 11:05:00,C1004,PC-C1004,C:\docs\report_5.pdf,File Open,False,False,
F-C1004-2-6,05/04/2011 11:06:00,C1004,PC-C1004,C:\docs\report_6.pdf,File Open,False,False,
F-C1004-2-7,05/04/2011 11:07:00,C1004,PC-C1004,C:\docs\report_7.pdf,File Open,False,False,
F-C1005-2-0,05/04/2011 11:00:00,C1005,PC-C1005,C:\docs\report_0.pdf,File Open,False,False,
F-C1005-2-1,05/04/2011 11:01:00,C1005,PC-C1005,C:\docs\report_1.pdf,File Open,False,False,
F-C1005-2-2,05/04/2011 11:02:00,C1005,PC-C1005,C:\docs\report_2.pdf,File Open,False,False,
F-C1005-2-3,05/04/2011 11:03:00,C1005,PC-C1005,C:\docs\report_3.pdf,File Open,False,False,
F-C1005-2-4,05/04/2011 11:04:00,C1005,PC-C1005,C:\docs\report_4.pdf,File Open,False,False,
F-C1005-2-5,05/04/2011 11:05:00,C1005,PC-C1005,C:\docs\report_5.pdf,File Open,False,False,
F-C1005-2-6,05/04/2011 11:06:00,C1005,PC-C1005,C:\docs\report_6.pdf,File Open,False,False,
F-C1005-2-7,05/04/2011 11:07:00,C1005,PC-C1005,C:\docs\report_7.pdf,File Open,False,False,
F-C1005-2-8,05/04/2011 11:08:00,C1005,PC-C1005,C:\docs\report_8.pdf,File Open,False,False,
F-C1006-2-0,05/04/2011 11:00:00,C1006,PC-C1006,C:\docs\report_0.pdf,File Open,False,False,
F-C1006-2-1,05/04/2011 11:01:00,C1006,PC-C1006,C:\docs\report_1.pdf,File Open,False,False,
F-C1006-2-2,05/04/2011 11:02:00,C1006,PC-C1006,C:\docs\report_2.pdf,File Open,False,False,
F-C1006-2-3,05/04/2011 11:03:00,C1006,PC-C1006,C:\docs\report_3.pdf,File Open,False,False,
F-C1006-2-4,05/04/2011 11:04:00,C1006,PC-C1006,C:\docs\report_4.pdf,File Open,False,False,
F-C1006-2-5,05/04/2011 11:05:00,C1006,PC-C1006,C:\docs\report_5.pdf,File Open,False,False,
F-C1006-2-6,05/04/2011 11:06:00,C1006,PC-C1006,C:\docs\report_6.pdf,File Open,False,False,
F-C1006-2-7,05/04/2011 11:07:00,C1006,PC-C1006,C:\docs\report_7.pdf,File Open,False,False,
F-C1006-2-8,05/04/2011 11:08:00,C1006,PC-C1006,C:\docs\report_8.pdf,File Open,False,False,
F-C1006-2-9,05/04/2011 11:09:00,C1006,PC-C1006,C:\docs\report_9.pdf,File Open,False,False,
F-C1007-2-0,05/04/2011 11:00:00,C1007,PC-C1007,C:\docs\report_0.pdf,File Open,False,False,
F-C1007-2-1,05/04/2011 11:01:00,C1007,PC-C1007,C:\docs\report_1.pdf,File Open,False,False,
F-C1007-2-2,05/04/2011 11:02:00,C1007,PC-C1007,C:\docs\report_2.pdf,File Open,False,False,
F-C1007-2-3,05/04/2011 11:03:00,C1007,PC-C1007,C:\docs\report_3.pdf,File Open,False,False,
F-C1007-2-4,05/04/2011 11:04:00,C1007,PC-C1007,C:\docs\report_4.pdf,File Open,False,False,
F-C1007-2-5,05/04/2011 11:05:00,C1007,PC-C1007,C:\docs\report_5.pdf,File Open,False,False,
F-C1007-2-6,05/04/2011 11:06:00,C1007,PC-C1007,C:\docs\report_6.pdf,File Open,False,False,
F-C1007-2-7,05/04/2011 11:07:00,C1007,PC-C1007,C:\docs\report_7.pdf,File Open,False,False,
F-C1008-2-0,05/04/2011 11:00:00,C1008,PC-C1008,C:\docs\report_0.pdf,File Open,False,False,
F-C1008-2-1,05/04/2011 11:01:00,C1008,PC-C1008,C:\docs\report_1.pdf,File Open,False,False,
F-C1008-2-2,05/04/2011 11:02:00,C1008,PC-C1008,C:\docs\report_2.pdf,File Open,False,False,
F-C1008-2-3,05/04/2011 11:03:00,C1008,PC-C1008,C:\docs\report_3.pdf,File Open,False,False,
F-C1008-2-4,05/04/2011 11:04:00,C1008,PC-C1008,C:\docs\report_4.pdf,File Open,False,False,
F-C1008-2-5,05/04/2011 11:05:00,C1008,PC-C1008,C:\docs\report_5.pdf,File Open,False,False,
F-C1008-2-6,05/04/2011 11:06:00,C1008,PC-C1008,C:\docs\report_6.pdf,File Open,False,False,
F-C1008-2-7,05/04/2011 11:07:00,C1008,PC-C1008,C:\docs\report_7.pdf,File Open,False,False,
F-C1008-2-8,05/04/2011 11:08:00,C1008,PC-C1008,C:\docs\report_8.pdf,File Open,False,False,
F-C1009-2-0,05/04/2011 11:00:00,C1009,PC-C1009,C:\docs\report_0.pdf,File Open,False,False,
F-C1009-2-1,05/04/2011 11:01:00,C1009,PC-C1009,C:\docs\report_1.pdf,File Open,False,False,
F-C1009-2-2,05/04/2011 11:02:00,C1009,PC-C1009,C:\docs\report_2.pdf,File Open,False,False,
F-C1009-2-3,05/04/2011 11:03:00,C1009,PC-C1009,C:\docs\report_3.pdf,File Open,False,False,
F-C1009-2-4,05/04/2011 11:04:00,C1009,PC-C1009,C:\docs\report_4.pdf,File Open,False,False,
F-C1009-2-5,05/04/2011 11:05:00,C1009,PC-C1009,C:\docs\report_5.pdf,File Open,False,False,
F-C1009-2-6,05/04/2011 11:06:00,C1009,PC-C1009,C:\docs\report_6.pdf,File Open,False,False,
F-C1009-2-7,05/04/2011 11:07:00,C1009,PC-C1009,C:\docs\report_7.pdf,File Open,False,False,
F-C1009-2-8,05/04/2011 11:08:00,C1009,PC-C1009,C:\docs\report_8.pdf,File Open,False,False,
F-C1009-2-9,05/04/2011 11:09:00,C1009,PC-C1009,C:\docs\report_9.pdf,File Open,False,False,
F-C1010-2-0,05/04/2011 11:00:00,C1010,PC-C1010,C:\docs\report_0.pdf,File Open,False,False,
F-C1010-2-1,05/04/2011 11:01:00,C1010,PC-C1010,C:\docs\report_1.pdf,File Open,False,False,
F-C1010-2-2,05/04/2011 11:02:00,C1010,PC-C1010,C:\docs\report_2.pdf,File Open,False,False,
F-C1010-2-3,05/04/2011 11:03:00,C1010,PC-C1010,C:\docs\report_3.pdf,File Open,False,False,
F-C1010-2-4,05/04/2011 11:04:00,C1010,PC-C1010,C:\docs\report_4.pdf,File Open,False,False,
F-C1010-2-5,05/04/2011 11:05:00,C1010,PC-C1010,C:\docs\report_5.pdf,File Open,False,False,
F-C1010-2-6,05/04/2011 11:06:00,C1010,PC-C1010,C:\docs\report_6.pdf,File Open,False,False,
F-C1010-2-7,05/04/2011 11:07:00,C1010,PC-C1010,C:\docs\report_7.pdf,File Open,False,False,
F-C1011-2-0,05/04/2011 11:00:00,C1011,PC-C1011,C:\docs\report_0.pdf,File Open,False,False,
F-C1011-2-1,05/04/2011 11:01:00,C1011,PC-C1011,C:\docs\report_1.pdf,File Open,False,False,
F-C1011-2-2,05/04/2011 11:02:00,C1011,PC-C1011,C:\docs\report_2.pdf,File Open,False,False,
F-C1011-2-3,05/04/2011 11:03:00,C1011,PC-C1011,C:\docs\report_3.pdf,File Open,False,False,
F-C1011-2-4,05/04/2011 11:04:00,C1011,PC-C1011,C:\docs\report_4.pdf,File Open,False,False,
F-C1011-2-5,05/04/2011 11:05:00,C1011,PC-C1011,C:\docs\report_5.pdf,File Open,False,False,
F-C1011-2-6,05/04/2011 11:06:00,C1011,PC-C1011,C:\docs\report_6.pdf,File Open,False,False,
F-C1011-2-7,05/04/2011 11:07:00,C1011,PC-C1011,C:\docs\report_7.pdf,File Open,False,False,
F-C1011-2-8,05/04/2011 11:08:00,C1011,PC-C1011,C:\docs\report_8.pdf,File Open,False,False,
F-C1012-2-0,05/04/2011 11:00:00,C1012,PC-C1012,C:\docs\report_0.pdf,File Open,False,False,
F-C1012-2-1,05/04/2011 11:01:00,C1012,PC-C1012,C:\docs\report_1.pdf,File Open,False,False,
F-C1012-2-2,05/04/2011 11:02:00,C1012,PC-C1012,C:\docs\report_2.pdf,File Open,False,False,
F-C1012-2-3,05/04/2011 11:03:00,C1012,PC-C1012,C:\docs\report_3.pdf,File Open,False,False,
F-C1012-2-4,05/04/2011 11:04:00,C1012,PC-C1012,C:\docs\report_4.pdf,File Open,False,False,
F-C1012-2-5,05/04/2011 11:05:00,C1012,PC-C1012,C:\docs\report_5.pdf,File Open,False,False,
F-C1012-2-6,05/04/2011 11:06:00,C1012,PC-C1012,C:\docs\report_6.pdf,File Open,False,False,
F-C1012-2-7,05/04/2011 11:07:00,C1012,PC-C1012,C:\docs\report_7.pdf,File Open,False,False,
F-C1012-2-8,05/04/2011 11:08:00,C1012,PC-C1012,C:\docs\report_8.pdf,File Open,False,False,
F-C1012-2-9,05/04/2011 11:09:00,C1012,PC-C1012,C:\docs\report_9.pdf,File Open,False,False,
F-C1013-2-0,05/04/2011 11:00:00,C1013,PC-C1013,C:\docs\report_0.pdf,File Open,False,False,
F-C1013-2-1,05/04/2011 11:01:00,C1013,PC-C1013,C:\docs\report_1.pdf,File Open,False,False,
F-C1013-2-2,05/04/2011 11:02:00,C1013,PC-C1013,C:\docs\report_2.pdf,File Open,False,False,
F-C1013-2-3,05/04/2011 11:03:00,C1013,PC-C1013,C:\docs\report_3.pdf,File Open,False,False,
F-C1013-2-4,05/04/2011 11:04:00,C1013,PC-C1013,C:\docs\report_4.pdf,File Open,False,False,
F-C1013-2-5,05/04/2011 11:05:00,C1013,PC-C1013,C:\docs\report_5.pdf,File Open,False,False,
F-C1013-2-6,05/04/2011 11:06:00,C1013,PC-C1013,C:\docs\report_6.pdf,File Open,False,False,
F-C1013-2-7,05/04/2011 11:07:00,C1013,PC-C1013,C:\docs\report_7.pdf,File Open,False,False,
F-C1014-2-0,05/04/2011 11:00:00,C1014,PC-C1014,C:\docs\report_0.pdf,File Open,False,False,
F-C1014-2-1,05/04/2011 11:01:00,C1014,PC-C1014,C:\docs\report_1.pdf,File Open,False,False,
F-C1014-2-2,05/04/2011 11:02:00,C1014,PC-C1014,C:\docs\report_2.pdf,File Open,False,False,
F-C1014-2-3,05/04/2011 11:03:00,C1014,PC-C1014,C:\docs\report_3.pdf,File Open,False,False,
F-C1014-2-4,05/04/2011 11:04:00,C1014,PC-C1014,C:\docs\report_4.pdf,File Open,False,False,
F-C1014-2-5,05/04/2011 11:05:00,C1014,PC-C1014,C:\docs\report_5.pdf,File Open,False,False,
F-C1014-2-6,05/04/2011 11:06:00,C1014,PC-C1014,C:\docs\report_6.pdf,File Open,False,False,
F-C1014-2-7,05/04/2011 11:07:00,C1014,PC-C1014,C:\docs\report_7.pdf,File Open,False,False,
F-C1014-2-8,05/04/2011 11:08:00,C1014,PC-C1014,C:\docs\report_8.pdf,File Open,False,False,
F-C1015-2-0,05/04/2011 11:00:00,C1015,PC-C1015,C:\docs\report_0.pdf,File Open,False,False,
F-C1015-2-1,05/04/2011 11:01:00,C1015,PC-C1015,C:\docs\report_1.pdf,File Open,False,False,
F-C1015-2-2,05/04/2011 11:02:00,C1015,PC-C1015,C:\docs\report_2.pdf,File Open,False,False,
F-C1015-2-3,05/04/2011 11:03:00,C1015,PC-C1015,C:\docs\report_3.pdf,File Open,False,False,
F-C1015-2-4,05/04/2011 11:04:00,C1015,PC-C1015,C:\docs\report_4.pdf,File Open,False,False,
F-C1015-2-5,05/04/2011 11:05:00,C1015,PC-C1015,C:\docs\report_5.pdf,File Open,False,False,
F-C1015-2-6,05/04/2011 11:06:00,C1015,PC-C1015,C:\docs\report_6.pdf,File Open,False,False,
F-C1015-2-7,05/04/2011 11:07:00,C1015,PC-C1015,C:\docs\report_7.pdf,File Open,False,False,
F-C1015-2-8,05/04/2011 11:08:00,C1015,PC-C1015,C:\docs\report_8.pdf,File Open,False,False,
F-C1015-2-9,05/04/2011 11:09:00,C1015,PC-C1015,C:\docs\report_9.pdf,File Open,False,False,
F-C1016-2-0,05/04/2011 11:00:00,C1016,PC-C1016,C:\docs\report_0.pdf,File Open,False,False,
F-C1016-2-1,05/04/2011 11:01:00,C1016,PC-C1016,C:\docs\report_1.pdf,File Open,False,False,
F-C1016-2-2,05/04/2011 11:02:00,C1016,PC-C1016,C:\docs\report_2.pdf,File Open,False,False,
F-C1016-2-3,05/04/2011 11:03:00,C1016,PC-C1016,C:\docs\report_3.pdf,File Open,False,False,
F-C1016-2-4,05/04/2011 11:04:00,C1016,PC-C1016,C:\docs\report_4.pdf,File Open,False,False,
F-C1016-2-5,05/04/2011 11:05:00,C1016,PC-C1016,C:\docs\report_5.pdf,File Open,False,False,
F-C1016-2-6,05/04/2011 11:06:00,C1016,PC-C1016,C:\docs\report_6.pdf,File Open,False,False,
F-C1016-2-7,05/04/2011 11:07:00,C1016,PC-C1016,C:\docs\report_7.pdf,File Open,False,False,
F-C1017-2-0,05/04/2011 11:00:00,C1017,PC-C1017,C:\docs\report_0.pdf,File Open,False,False,
F-C1017-2-1,05/04/2011 11:01:00,C1017,PC-C1017,C:\docs\report_1.pdf,File Open,False,False,
F-C1017-2-2,05/04/2011 11:02:00,C1017,PC-C1017,C:\docs\report_2.pdf,File Open,False,False,
F-C1017-2-3,05/04/2011 11:03:00,C1017,PC-C1017,C:\docs\report_3.pdf,File Open,False,False,
F-C1017-2-4,05/04/2011 11:04:00,C1017,PC-C1017,C:\docs\report_4.pdf,File Open,False,False,
F-C1017-2-5,05/04/2011 11:05:00,C1017,PC-C1017,C:\docs\report_5.pdf,File Open,False,False,
F-C1017-2-6,05/04/2011 11:06:00,C1017,PC-C1017,C:\docs\report_6.pdf,File Open,False,False,
F-C1017-2-7,05/04/2011 11:07:00,C1017,PC-C1017,C:\docs\report_7.pdf,File Open,False,False,
F-C1017-2-8,05/04/2011 11:08:00,C1017,PC-C1017,C:\docs\report_8.pdf,File Open,False,False,
F-C1018-2-0,05/04/2011 11:00:00,C1018,PC-C1018,C:\docs\report_0.pdf,File Open,False,False,
F-C1018-2-1,05/04/2011 11:01:00,C1018,PC-C1018,C:\docs\report_1.pdf,File Open,False,False,
F-C1018-2-2,05/04/2011 11:02:00,C1018,PC-C1018,C:\docs\report_2.pdf,File Open,False,False,
F-C1018-2-3,05/04/2011 11:03:00,C1018,PC-C1018,C:\docs\report_3.pdf,File Open,False,False,
F-C1018-2-4,05/04/2011 11:04:00,C1018,PC-C1018,C:\docs\report_4.pdf,File Open,False,False,
F-C1018-2-5,05/04/2011 11:05:00,C1018,PC-C1018,C:\docs\report_5.pdf,File Open,False,False,
F-C1018-2-6,05/04/2011 11:06:00,C1018,PC-C1018,C:\docs\report_6.pdf,File Open,False,False,
F-C1018-2-7,05/04/2011 11:07:00,C1018,PC-C1018,C:\docs\report_7.pdf,File Open,False,False,
F-C1018-2-8,05/04/2011 11:08:00,C1018,PC-C1018,C:\docs\report_8.pdf,File Open,False,False,
F-C1018-2-9,05/04/2011 11:09:00,C1018,PC-C1018,C:\docs\report_9.pdf,File Open,False,False,
F-C1019-2-0,05/04/2011 11:00:00,C1019,PC-C1019,C:\docs\report_0.pdf,File Open,False,False,
F-C1019-2-1,05/04/2011 11:01:00,C1019,PC-C1019,C:\docs\report_1.pdf,File Open,False,False,
F-C1019-2-2,05/04/2011 11:02:00,C1019,PC-C1019,C:\docs\report_2.pdf,File Open,False,False,
F-C1019-2-3,05/04/2011 11:03:00,C1019,PC-C1019,C:\docs\report_3.pdf,File Open,False,False,
F-C1019-2-4,05/04/2011 11:04:00,C1019,PC-C1019,C:\docs\report_4.pdf,File Open,False,False,
F-C1019-2-5,05/04/2011 11:05:00,C1019,PC-C1019,C:\docs\report_5.pdf,File Open,False,False,
F-C1019-2-6,05/04/2011 11:06:00,C1019,PC-C1019,C:\docs\report_6.pdf,File Open,False,False,
F-C1019-2-7,05/04/2011 11:07:00,C1019,PC-C1019,C:\docs\report_7.pdf,File Open,False,False,
F-C1000-3-0,05/05/2011 11:00:00,C1000,PC-C1000,C:\docs\report_0.pdf,File Open,False,False,
F-C1000-3-1,05/05/2011 11:01:00,C1000,PC-C1000,C:\docs\report_1.pdf,File Open,False,False,
F-C1000-3-2,05/05/2011 11:02:00,C1000,PC-C1000,C:\docs\report_2.pdf,File Open,False,False,
F-C1000-3-3,05/05/2011 11:03:00,C1000,PC-C1000,C:\docs\report_3.pdf,File Open,False,False,
F-C1000-3-4,05/05/2011 11:04:00,C1000,PC-C1000,C:\docs\report_4.pdf,File Open,False,False,
F-C1000-3-5,05/05/2011 11:05:00,C1000,PC-C1000,C:\docs\report_5.pdf,File Open,False,False,
F-C1000-3-6,05/05/2011 11:06:00,C1000,PC-C1000,C:\docs\report_6.pdf,File Open,False,False,
F-C1000-3-7,05/05/2011 11:07:00,C1000,PC-C1000,C:\docs\report_7.pdf,File Open,False,False,
F-C1000-3-8,05/05/2011 11:08:00,C1000,PC-C1000,C:\docs\report_8.pdf,File Open,False,False,
F-C1000-3-9,05/05/2011 11:09:00,C1000,PC-C1000,C:\docs\report_9.pdf,File Open,False,False,
F-C1000-3-10,05/05/2011 11:10:00,C1000,PC-C1000,C:\docs\report_10.pdf,File Open,False,False,
F-C1000-3-11,05/05/2011 11:11:00,C1000,PC-C1000,C:\docs\report_11.pdf,File Open,False,False,
F-C1000-3-12,05/05/2011 11:12:00,C1000,PC-C1000,C:\docs\report_12.pdf,File Open,False,False,
F-C1001-3-0,05/05/2011 11:00:00,C1001,PC-C1001,C:\docs\report_0.pdf,File Open,False,False,
F-C1001-3-1,05/05/2011 11:01:00,C1001,PC-C1001,C:\docs\report_1.pdf,File Open,False,False,
F-C1001-3-2,05/05/2011 11:02:00,C1001,PC-C1001,C:\docs\report_2.pdf,File Open,False,False,
F-C1001-3-3,05/05/2011 11:03:00,C1001,PC-C1001,C:\docs\report_3.pdf,File Open,False,False,
F-C1001-3-4,05/05/2011 11:04:00,C1001,PC-C1001,C:\docs\report_4.pdf,File Open,False,False,
F-C1001-3-5,05/05/2011 11:05:00,C1001,PC-C1001,C:\docs\report_5.pdf,File Open,False,False,
F-C1001-3-6,05/05/2011 11:06:00,C1001,PC-C1001,C:\docs\report_6.pdf,File Open,False,False,
F-C1001-3-7,05/05/2011 11:07:00,C1001,PC-C1001,C:\docs\report_7.pdf,File Open,False,False,
F-C1001-3-8,05/05/2011 11:08:00,C1001,PC-C1001,C:\docs\report_8.pdf,File Open,False,False,
F-C1002-3-0,05/05/2011 11:00:00,C1002,PC-C1002,C:\docs\report_0.pdf,File Open,False,False,
F-C1002-3-1,05/05/2011 11:01:00,C1002,PC-C1002,C:\docs\report_1.pdf,File Open,False,False,
F-C1002-3-2,05/05/2011 11:02:00,C1002,PC-C1002,C:\docs\report_2.pdf,File Open,False,False,
F-C1002-3-3,05/05/2011 11:03:00,C1002,PC-C1002,C:\docs\report_3.pdf,File Open,False,False,
F-C1002-3-4,05/05/2011 11:04:00,C1002,PC-C1002,C:\docs\report_4.pdf,File Open,False,False,
F-C1002-3-5,05/05/2011 11:05:00,C1002,PC-C1002,C:\docs\report_5.pdf,File Open,False,False,
F-C1002-3-6,05/05/2011 11:06:00,C1002,PC-C1002,C:\docs\report_6.pdf,File Open,False,False,
F-C1002-3-7,05/05/2011 11:07:00,C1002,PC-C1002,C:\docs\report_7.pdf,File Open,False,False,
F-C1002-3-8,05/05/2011 11:08:00,C1002,PC-C1002,C:\docs\report_8.pdf,File Open,False,False,
F-C1002-3-9,05/05/2011 11:09:00,C1002,PC-C1002,C:\docs\report_9.pdf,File Open,False,False,
F-C1003-3-0,05/05/2011 11:00:00,C1003,PC-C1003,C:\docs\report_0.pdf,File Open,False,False,
F-C1003-3-1,05/05/2011 11:01:00,C1003,PC-C1003,C:\docs\report_1.pdf,File Open,False,False,
F-C1003-3-2,05/05/2011 11:02:00,C1003,PC-C1003,C:\docs\report_2.pdf,File Open,False,False,
F-C1003-3-3,05/05/2011 11:03:00,C1003,PC-C1003,C:\docs\report_3.pdf,File Open,False,False,
F-C1003-3-4,05/05/2011 11:04:00,C1003,PC-C1003,C:\docs\report_4.pdf,File Open,False,False,
F-C1003-3-5,05/05/2011 11:05:00,C1003,PC-C1003,C:\docs\report_5.pdf,File Open,False,False,
F-C1003-3-6,05/05/2011 11:06:00,C1003,PC-C1003,C:\docs\report_6.pdf,File Open,False,False,
F-C1003-3-7,05/05/2011 11:07:00,C1003,PC-C1003,C:\docs\report_7.pdf,File Open,False,False,
F-C1004-3-0,05/05/2011 11:00:00,C1004,PC-C1004,C:\docs\report_0.pdf,File Open,False,False,
F-C1004-3-1,05/05/2011 11:01:00,C1004,PC-C1004,C:\docs\report_1.pdf,File Open,False,False,
F-C1004-3-2,05/05/2011 11:02:00,C1004,PC-C1004,C:\docs\report_2.pdf,File Open,False,False,
F-C1004-3-3,05/05/2011 11:03:00,C1004,PC-C1004,C:\docs\report_3.pdf,File Open,False,False,
F-C1004-3-4,05/05/2011 11:04:00,C1004,PC-C1004,C:\docs\report_4.pdf,File Open,False,False,
F-C1004-3-5,05/05/2011 11:05:00,C1004,PC-C1004,C:\docs\report_5.pdf,File Open,False,False,
F-C1004-3-6,05/05/2011 11:06:00,C1004,PC-C1004,C:\docs\report_6.pdf,File Open,False,False,
F-C1004-3-7,05/05/2011 11:07:00,C1004,PC-C1004,C:\docs\report_7.pdf,File Open,False,False,
F-C1004-3-8,05/05/2011 11:08:00,C1004,PC-C1004,C:\docs\report_8.pdf,File Open,False,False,
F-C1005-3-0,05/05/2011 11:00:00,C1005,PC-C1005,C:\docs\report_0.pdf,File Open,False,False,
F-C1005-3-1,05/05/2011 11:01:00,C1005,PC-C1005,C:\docs\report_1.pdf,File Open,False,False,
F-C1005-3-2,05/05/2011 11:02:00,C1005,PC-C1005,C:\docs\report_2.pdf,File Open,False,False,
F-C1005-3-3,05/05/2011 11:03:00,C1005,PC-C1005,C:\docs\report_3.pdf,File Open,False,False,
F-C1005-3-4,05/05/2011 11:04:00,C1005,PC-C1005,C:\docs\report_4.pdf,File Open,False,False,
F-C1005-3-5,05/05/2011 11:05:00,C1005,PC-C1005,C:\docs\report_5.pdf,File Open,False,False,
F-C1005-3-6,05/05/2011 11:06:00,C1005,PC-C1005,C:\docs\report_6.pdf,File Open,False,False,
F-C1005-3-7,05/05/2011 11:07:00,C1005,PC-C1005,C:\docs\report_7.pdf,File Open,False,False,
F-C1005-3-8,05/05/2011 11:08:00,C1005,PC-C1005,C:\docs\report_8.pdf,File Open,False,False,
F-C1005-3-9,05/05/2011 11:09:00,C1005,PC-C1005,C:\docs\report_9.pdf,File Open,False,False,
F-C1006-3-0,05/05/2011 11:00:00,C1006,PC-C1006,C:\docs\report_0.pdf,File Open,False,False,
F-C1006-3-1,05/05/2011 11:01:00,C1006,PC-C1006,C:\docs\report_1.pdf,File Open,False,False,
F-C1006-3-2,05/05/2011 11:02:00,C1006,PC-C1006,C:\docs\report_2.pdf,File Open,False,False,
F-C1006-3-3,05/05/2011 11:03:00,C1006,PC-C1006,C:\docs\report_3.pdf,File Open,False,False,
F-C1006-3-4,05/05/2011 11:04:00,C1006,PC-C1006,C:\docs\report_4.pdf,File Open,False,False,
F-C1006-3-5,05/05/2011 11:05:00,C1006,PC-C1006,C:\docs\report_5.pdf,File Open,False,False,
F-C1006-3-6,05/05/2011 11:06:00,C1006,PC-C1006,C:\docs\report_6.pdf,File Open,False,False,
F-C1006-3-7,05/05/2011 11:07:00,C1006,PC-C1006,C:\docs\report_7.pdf,File Open,False,False,
F-C1007-3-0,05/05/2011 11:00:00,C1007,PC-C1007,C:\docs\report_0.pdf,File Open,False,False,
F-C1007-3-1,05/05/2011 11:01:00,C1007,PC-C1007,C:\docs\report_1.pdf,File Open,False,False,
F-C1007-3-2,05/05/2011 11:02:00,C1007,PC-C1007,C:\docs\report_2.pdf,File Open,False,False,
F-C1007-3-3,05/05/2011 11:03:00,C1007,PC-C1007,C:\docs\report_3.pdf,File Open,False,False,
F-C1007-3-4,05/05/2011 11:04:00,C1007,PC-C1007,C:\docs\report_4.pdf,File Open,False,False,
F-C1007-3-5,05/05/2011 11:05:00,C1007,PC-C1007,C:\docs\report_5.pdf,File Open,False,False,
F-C1007-3-6,05/05/2011 11:06:00,C1007,PC-C1007,C:\docs\report_6.pdf,File Open,False,False,
F-C1007-3-7,05/05/2011 11:07:00,C1007,PC-C1007,C:\docs\report_7.pdf,File Open,False,False,
F-C1007-3-8,05/05/2011 11:08:00,C1007,PC-C1007,C:\docs\report_8.pdf,File Open,False,False,
F-C1008-3-0,05/05/2011 11:00:00,C1008,PC-C1008,C:\docs\report_0.pdf,File Open,False,False,
F-C1008-3-1,05/05/2011 11:01:00,C1008,PC-C1008,C:\docs\report_1.pdf,File Open,False,False,
F-C1008-3-2,05/05/2011 11:02:00,C1008,PC-C1008,C:\docs\report_2.pdf,File Open,False,False,
F-C1008-3-3,05/05/2011 11:03:00,C1008,PC-C1008,C:\docs\report_3.pdf,File Open,False,False,
F-C1008-3-4,05/05/2011 11:04:00,C1008,PC-C1008,C:\docs\report_4.pdf,File Open,False,False,
F-C1008-3-5,05/05/2011 11:05:00,C1008,PC-C1008,C:\docs\report_5.pdf,File Open,False,False,
F-C1008-3-6,05/05/2011 11:06:00,C1008,PC-C1008,C:\docs\report_6.pdf,File Open,False,False,
F-C1008-3-7,05/05/2011 11:07:00,C1008,PC-C1008,C:\docs\report_7.pdf,File Open,False,False,
F-C1008-3-8,05/05/2011 11:08:00,C1008,PC-C1008,C:\docs\report_8.pdf,File Open,False,False,
F-C1008-3-9,05/05/2011 11:09:00,C1008,PC-C1008,C:\docs\report_9.pdf,File Open,False,False,
F-C1009-3-0,05/05/2011 11:00:00,C1009,PC-C1009,C:\docs\report_0.pdf,File Open,False,False,
F-C1009-3-1,05/05/2011 11:01:00,C1009,PC-C1009,C:\docs\report_1.pdf,File Open,False,False,
F-C1009-3-2,05/05/2011 11:02:00,C1009,PC-C1009,C:\docs\report_2.pdf,File Open,False,False,
F-C1009-3-3,05/05/2011 11:03:00,C1009,PC-C1009,C:\docs\report_3.pdf,File Open,False,False,
F-C1009-3-4,05/05/2011 11:04:00,C1009,PC-C1009,C:\docs\report_4.pdf,File Open,False,False,
F-C1009-3-5,05/05/2011 11:05:00,C1009,PC-C1009,C:\docs\report_5.pdf,File Open,False,False,
F-C1009-3-6,05/05/2011 11:06:00,C1009,PC-C1009,C:\docs\report_6.pdf,File Open,False,False,
F-C1009-3-7,05/05/2011 11:07:00,C1009,PC-C1009,C:\docs\report_7.pdf,File Open,False,False,
F-C1010-3-0,05/05/2011 11:00:00,C1010,PC-C1010,C:\docs\report_0.pdf,File Open,False,False,
F-C1010-3-1,05/05/2011 11:01:00,C1010,PC-C1010,C:\docs\report_1.pdf,File Open,False,False,
F-C1010-3-2,05/05/2011 11:02:00,C1010,PC-C1010,C:\docs\report_2.pdf,File Open,False,False,
F-C1010-3-3,05/05/2011 11:03:00,C1010,PC-C1010,C:\docs\report_3.pdf,File Open,False,False,
F-C1010-3-4,05/05/2011 11:04:00,C1010,PC-C1010,C:\docs\report_4.pdf,File Open,False,False,
F-C1010-3-5,05/05/2011 11:05:00,C1010,PC-C1010,C:\docs\report_5.pdf,File Open,False,False,
F-C1010-3-6,05/05/2011 11:06:00,C1010,PC-C1010,C:\docs\report_6.pdf,File Open,False,False,
F-C1010-3-7,05/05/2011 11:07:00,C1010,PC-C1010,C:\docs\report_7.pdf,File Open,False,False,
F-C1010-3-8,05/05/2011 11:08:00,C1010,PC-C1010,C:\docs\report_8.pdf,File Open,False,False,
F-C1011-3-0,05/05/2011 11:00:00,C1011,PC-C1011,C:\docs\report_0.pdf,File Open,False,False,
F-C1011-3-1,05/05/2011 11:01:00,C1011,PC-C1011,C:\docs\report_1.pdf,File Open,False,False,
F-C1011-3-2,05/05/2011 11:02:00,C1011,PC-C1011,C:\docs\report_2.pdf,File Open,False,False,
F-C1011-3-3,05/05/2011 11:03:00,C1011,PC-C1011,C:\docs\report_3.pdf,File Open,False,False,
F-C1011-3-4,05/05/2011 11:04:00,C1011,PC-C1011,C:\docs\report_4.pdf,File Open,False,False,
F-C1011-3-5,05/05/2011 11:05:00,C1011,PC-C1011,C:\docs\report_5.pdf,File Open,False,False,
F-C1011-3-6,05/05/2011 11:06:00,C1011,PC-C1011,C:\docs\report_6.pdf,File Open,False,False,
F-C1011-3-7,05/05/2011 11:07:00,C1011,PC-C1011,C:\docs\report_7.pdf,File Open,False,False,
F-C1011-3-8,05/05/2011 11:08:00,C1011,PC-C1011,C:\docs\report_8.pdf,File Open,False,False,
F-C1011-3-9,05/05/2011 11:09:00,C1011,PC-C1011,C:\docs\report_9.pdf,File Open,False,False,
F-C1012-3-0,05/05/2011 11:00:00,C1012,PC-C1012,C:\docs\report_0.pdf,File Open,False,False,
F-C1012-3-1,05/05/2011 11:01:00,C1012,PC-C1012,C:\docs\report_1.pdf,File Open,False,False,
F-C1012-3-2,05/05/2011 11:02:00,C1012,PC-C1012,C:\docs\report_2.pdf,File Open,False,False,
F-C1012-3-3,05/05/2011 11:03:00,C1012,PC-C1012,C:\docs\report_3.pdf,File Open,False,False,
F-C1012-3-4,05/05/2011 11:04:00,C1012,PC-C1012,C:\docs\report_4.pdf,File Open,False,False,
F-C1012-3-5,05/05/2011 11:05:00,C1012,PC-C1012,C:\docs\report_5.pdf,File Open,False,False,
F-C1012-3-6,05/05/2011 11:06:00,C1012,PC-C1012,C:\docs\report_6.pdf,File Open,False,False,
F-C1012-3-7,05/05/2011 11:07:00,C1012,PC-C1012,C:\docs\report_7.pdf,File Open,False,False,
F-C1013-3-0,05/05/2011 11:00:00,C1013,PC-C1013,C:\docs\report_0.pdf,File Open,False,False,
F-C1013-3-1,05/05/2011 11:01:00,C1013,PC-C1013,C:\docs\report_1.pdf,File Open,False,False,
F-C1013-3-2,05/05/2011 11:02:00,C1013,PC-C1013,C:\docs\report_2.pdf,File Open,False,False,
F-C1013-3-3,05/05/2011 11:03:00,C1013,PC-C1013,C:\docs\report_3.pdf,File Open,False,False,
F-C1013-3-4,05/05/2011 11:04:00,C1013,PC-C1013,C:\docs\report_4.pdf,File Open,False,False,
F-C1013-3-5,05/05/2011 11:05:00,C1013,PC-C1013,C:\docs\report_5.pdf,File Open,False,False,
F-C1013-3-6,05/05/2011 11:06:00,C1013,PC-C1013,C:\docs\report_6.pdf,File Open,False,False,
F-C1013-3-7,05/05/2011 11:07:00,C1013,PC-C1013,C:\docs\report_7.pdf,File Open,False,False,
F-C1013-3-8,05/05/2011 11:08:00,C1013,PC-C1013,C:\docs\report_8.pdf,File Open,False,False,
F-C1014-3-0,05/05/2011 11:00:00,C1014,PC-C1014,C:\docs\report_0.pdf,File Open,False,False,
F-C1014-3-1,05/05/2011 11:01:00,C1014,PC-C1014,C:\docs\report_1.pdf,File Open,False,False,
F-C1014-3-2,05/05/2011 11:02:00,C1014,PC-C1014,C:\docs\report_2.pdf,File Open,False,False,
F-C1014-3-3,05/05/2011 11:03:00,C1014,PC-C1014,C:\docs\report_3.pdf,File Open,False,False,
F-C1014-3-4,05/05/2011 11:04:00,C1014,PC-C1014,C:\docs\report_4.pdf,File Open,False,False,
F-C1014-3-5,05/05/2011 11:05:00,C1014,PC-C1014,C:\docs\report_5.pdf,File Open,False,False,
F-C1014-3-6,05/05/2011 11:06:00,C1014,PC-C1014,C:\docs\report_6.pdf,File Open,False,False,
F-C1014-3-7,05/05/2011 11:07:00,C1014,PC-C1014,C:\docs\report_7.pdf,File Open,False,False,
F-C1014-3-8,05/05/2011 11:08:00,C1014,PC-C1014,C:\docs\report_8.pdf,File Open,False,False,
F-C1014-3-9,05/05/2011 11:09:00,C1014,PC-C1014,C:\docs\report_9.pdf,File Open,False,False,
F-C1015-3-0,05/05/2011 11:00:00,C1015,PC-C1015,C:\docs\report_0.pdf,File Open,False,False,
F-C1015-3-1,05/05/2011 11:01:00,C1015,PC-C1015,C:\docs\report_1.pdf,File Open,False,False,
F-C1015-3-2,05/05/2011 11:02:00,C1015,PC-C1015,C:\docs\report_2.pdf,File Open,False,False,
F-C1015-3-3,05/05/2011 11:03:00,C1015,PC-C1015,C:\docs\report_3.pdf,File Open,False,False,
F-C1015-3-4,05/05/2011 11:04:00,C1015,PC-C1015,C:\docs\report_4.pdf,File Open,False,False,
F-C1015-3-5,05/05/2011 11:05:00,C1015,PC-C1015,C:\docs\report_5.pdf,File Open,False,False,
F-C1015-3-6,05/05/2011 11:06:00,C1015,PC-C1015,C:\docs\report_6.pdf,File Open,False,False,
F-C1015-3-7,05/05/2011 11:07:00,C1015,PC-C1015,C:\docs\report_7.pdf,File Open,False,False,
F-C1016-3-0,05/05/2011 11:00:00,C1016,PC-C1016,C:\docs\report_0.pdf,File Open,False,False,
F-C1016-3-1,05/05/2011 11:01:00,C1016,PC-C1016,C:\docs\report_1.pdf,File Open,False,False,
F-C1016-3-2,05/05/2011 11:02:00,C1016,PC-C1016,C:\docs\report_2.pdf,File Open,False,False,
F-C1016-3-3,05/05/2011 11:03:00,C1016,PC-C1016,C:\docs\report_3.pdf,File Open,False,False,
F-C1016-3-4,05/05/2011 11:04:00,C1016,PC-C1016,C:\docs\report_4.pdf,File Open,False,False,
F-C1016-3-5,05/05/2011 11:05:00,C1016,PC-C1016,C:\docs\report_5.pdf,File Open,False,False,
F-C1016-3-6,05/05/2011 11:06:00,C1016,PC-C1016,C:\docs\report_6.pdf,File Open,False,False,
F-C1016-3-7,05/05/2011 11:07:00,C1016,PC-C1016,C:\docs\report_7.pdf,File Open,False,False,
F-C1016-3-8,05/05/2011 11:08:00,C1016,PC-C1016,C:\docs\report_8.pdf,File Open,False,False,
F-C1017-3-0,05/05/2011 11:00:00,C1017,PC-C1017,C:\docs\report_0.pdf,File Open,False,False,
F-C1017-3-1,05/05/2011 11:01:00,C1017,PC-C1017,C:\docs\report_1.pdf,File Open,False,False,
F-C1017-3-2,05/05/2011 11:02:00,C1017,PC-C1017,C:\docs\report_2.pdf,File Open,False,False,
F-C1017-3-3,05/05/2011 11:03:00,C1017,PC-C1017,C:\docs\report_3.pdf,File Open,False,False,
F-C1017-3-4,05/05/2011 11:04:00,C1017,PC-C1017,C:\docs\report_4.pdf,File Open,False,False,
F-C1017-3-5,05/05/2011 11:05:00,C1017,PC-C1017,C:\docs\report_5.pdf,File Open,False,False,
F-C1017-3-6,05/05/2011 11:06:00,C1017,PC-C1017,C:\docs\report_6.pdf,File Open,False,False,
F-C1017-3-7,05/05/2011 11:07:00,C1017,PC-C1017,C:\docs\report_7.pdf,File Open,False,False,
F-C1017-3-8,05/05/2011 11:08:00,C1017,PC-C1017,C:\docs\report_8.pdf,File Open,False,False,
F-C1017-3-9,05/05/2011 11:09:00,C1017,PC-C1017,C:\docs\report_9.pdf,File Open,False,False,
F-C1018-3-0,05/05/2011 11:00:00,C1018,PC-C1018,C:\docs\report_0.pdf,File Open,False,False,
F-C1018-3-1,05/05/2011 11:01:00,C1018,PC-C1018,C:\docs\report_1.pdf,File Open,False,False,
F-C1018-3-2,05/05/2011 11:02:00,C1018,PC-C1018,C:\docs\report_2.pdf,File Open,False,False,
F-C1018-3-3,05/05/2011 11:03:00,C1018,PC-C1018,C:\docs\report_3.pdf,File Open,False,False,
F-C1018-3-4,05/05/2011 11:04:00,C1018,PC-C1018,C:\docs\report_4.pdf,File Open,False,False,
F-C1018-3-5,05/05/2011 11:05:00,C1018,PC-C1018,C:\docs\report_5.pdf,File Open,False,False,
F-C1018-3-6,05/05/2011 11:06:00,C1018,PC-C1018,C:\docs\report_6.pdf,File Open,False,False,
F-C1018-3-7,05/05/2011 11:07:00,C1018,PC-C1018,C:\docs\report_7.pdf,File Open,False,False,
F-C1019-3-0,05/05/2011 11:00:00,C1019,PC-C1019,C:\docs\report_0.pdf,File Open,False,False,
F-C1019-3-1,05/05/2011 11:01:00,C1019,PC-C1019,C:\docs\report_1.pdf,File Open,False,False,
F-C1019-3-2,05/05/2011 11:02:00,C1019,PC-C1019,C:\docs\report_2.pdf,File Open,False,False,
F-C1019-3-3,05/05/2011 11:03:00,C1019,PC-C1019,C:\docs\report_3.pdf,File Open,False,False,
F-C1019-3-4,05/05/2011 11:04:00,C1019,PC-C1019,C:\docs\report_4.pdf,File Open,False,False,
F-C1019-3-5,05/05/2011 11:05:00,C1019,PC-C1019,C:\docs\report_5.pdf,File Open,False,False,
F-C1019-3-6,05/05/2011 11:06:00,C1019,PC-C1019,C:\docs\report_6.pdf,File Open,False,False,
F-C1019-3-7,05/05/2011 11:07:00,C1019,PC-C1019,C:\docs\report_7.pdf,File Open,False,False,
F-C1019-3-8,05/05/2011 11:08:00,C1019,PC-C1019,C:\docs\report_8.pdf,File Open,False,False,
F-C1000-4-0,05/06/2011 11:00:00,C1000,PC-C1000,C:\docs\report_0.pdf,File Open,False,False,
F-C1000-4-1,05/06/2011 11:01:00,C1000,PC-C1000,C:\docs\report_1.pdf,File Open,False,False,
F-C1000-4-2,05/06/2011 11:02:00,C1000,PC-C1000,C:\docs\report_2.pdf,File Open,False,False,
F-C1000-4-3,05/06/2011 11:03:00,C1000,PC-C1000,C:\docs\report_3.pdf,File Open,False,False,
F-C1000-4-4,05/06/2011 11:04:00,C1000,PC-C1000,C:\docs\report_4.pdf,File Open,False,False,
F-C1000-4-5,05/06/2011 11:05:00,C1000,PC-C1000,C:\docs\report_5.pdf,File Open,False,False,
F-C1000-4-6,05/06/2011 11:06:00,C1000,PC-C1000,C:\docs\report_6.pdf,File Open,False,False,
F-C1000-4-7,05/06/2011 11:07:00,C1000,PC-C1000,C:\docs\report_7.pdf,File Open,False,False,
F-C1000-4-8,05/06/2011 11:08:00,C1000,PC-C1000,C:\docs\report_8.pdf,File Open,False,False,
F-C1000-4-9,05/06/2011 11:09:00,C1000,PC-C1000,C:\docs\report_9.pdf,File Open,False,False,
F-C1000-4-10,05/06/2011 11:10:00,C1000,PC-C1000,C:\docs\report_10.pdf,File Open,False,False,
F-C1000-4-11,05/06/2011 11:11:00,C1000,PC-C1000,C:\docs\report_11.pdf,File Open,False,False,
F-C1000-4-12,05/06/2011 11:12:00,C1000,PC-C1000,C:\docs\report_12.pdf,File Open,False,False,
F-C1000-4-13,05/06/2011 11:13:00,C1000,PC-C1000,C:\docs\report_13.pdf,File Open,False,False,
F-C1000-4-14,05/06/2011 11:14:00,C1000,PC-C1000,C:\docs\report_14.pdf,File Open,False,False,
F-C1001-4-0,05/06/2011 11:00:00,C1001,PC-C1001,C:\docs\report_0.pdf,File Open,False,False,
F-C1001-4-1,05/06/2011 11:01:00,C1001,PC-C1001,C:\docs\report_1.pdf,File Open,False,False,
F-C1001-4-2,05/06/2011 11:02:00,C1001,PC-C1001,C:\docs\report_2.pdf,File Open,False,False,
F-C1001-4-3,05/06/2011 11:03:00,C1001,PC-C1001,C:\docs\report_3.pdf,File Open,False,False,
F-C1001-4-4,05/06/2011 11:04:00,C1001,PC-C1001,C:\docs\report_4.pdf,File Open,False,False,
F-C1001-4-5,05/06/2011 11:05:00,C1001,PC-C1001,C:\docs\report_5.pdf,File Open,False,False,
F-C1001-4-6,05/06/2011 11:06:00,C1001,PC-C1001,C:\docs\report_6.pdf,File Open,False,False,
F-C1001-4-7,05/06/2011 11:07:00,C1001,PC-C1001,C:\docs\report_7.pdf,File Open,False,False,
F-C1001-4-8,05/06/2011 11:08:00,C1001,PC-C1001,C:\docs\report_8.pdf,File Open,False,False,
F-C1001-4-9,05/06/2011 11:09:00,C1001,PC-C1001,C:\docs\report_9.pdf,File Open,False,False,
F-C1002-4-0,05/06/2011 11:00:00,C1002,PC-C1002,C:\docs\report_0.pdf,File Open,False,False,
F-C1002-4-1,05/06/2011 11:01:00,C1002,PC-C1002,C:\docs\report_1.pdf,File Open,False,False,
F-C1002-4-2,05/06/2011 11:02:00,C1002,PC-C1002,C:\docs\report_2.pdf,File Open,False,False,
F-C1002-4-3,05/06/2011 11:03:00,C1002,PC-C1002,C:\docs\report_3.pdf,File Open,False,False,
F-C1002-4-4,05/06/2011 11:04:00,C1002,PC-C1002,C:\docs\report_4.pdf,File Open,False,False,
F-C1002-4-5,05/06/2011 11:05:00,C1002,PC-C1002,C:\docs\report_5.pdf,File Open,False,False,
F-C1002-4-6,05/06/2011 11:06:00,C1002,PC-C1002,C:\docs\report_6.pdf,File Open,False,False,
F-C1002-4-7,05/06/2011 11:07:00,C1002,PC-C1002,C:\docs\report_7.pdf,File Open,False,False,
F-C1003-4-0,05/06/2011 11:00:00,C1003,PC-C1003,C:\docs\report_0.pdf,File Open,False,False,
F-C1003-4-1,05/06/2011 11:01:00,C1003,PC-C1003,C:\docs\report_1.pdf,File Open,False,False,
F-C1003-4-2,05/06/2011 11:02:00,C1003,PC-C1003,C:\docs\report_2.pdf,File Open,False,False,
F-C1003-4-3,05/06/2011 11:03:00,C1003,PC-C1003,C:\docs\report_3.pdf,File Open,False,False,
F-C1003-4-4,05/06/2011 11:04:00,C1003,PC-C1003,C:\docs\report_4.pdf,File Open,False,False,
F-C1003-4-5,05/06/2011 11:05:00,C1003,PC-C1003,C:\docs\report_5.pdf,File Open,False,False,
F-C1003-4-6,05/06/2011 11:06:00,C1003,PC-C1003,C:\docs\report_6.pdf,File Open,False,False,
F-C1003-4-7,05/06/2011 11:07:00,C1003,PC-C1003,C:\docs\report_7.pdf,File Open,False,False,
F-C1003-4-8,05/06/2011 11:08:00,C1003,PC-C1003,C:\docs\report_8.pdf,File Open,False,False,
F-C1004-4-0,05/06/2011 11:00:00,C1004,PC-C1004,C:\docs\report_0.pdf,File Open,False,False,
F-C1004-4-1,05/06/2011 11:01:00,C1004,PC-C1004,C:\docs\report_1.pdf,File Open,False,False,
F-C1004-4-2,05/06/2011 11:02:00,C1004,PC-C1004,C:\docs\report_2.pdf,File Open,False,False,
F-C1004-4-3,05/06/2011 11:03:00,C1004,PC-C1004,C:\docs\report_3.pdf,File Open,False,False,
F-C1004-4-4,05/06/2011 11:04:00,C1004,PC-C1004,C:\docs\report_4.pdf,File Open,False,False,
F-C1004-4-5,05/06/2011 11:05:00,C1004,PC-C1004,C:\docs\report_5.pdf,File Open,False,False,
F-C1004-4-6,05/06/2011 11:06:00,C1004,PC-C1004,C:\docs\report_6.pdf,File Open,False,False,
F-C1004-4-7,05/06/2011 11:07:00,C1004,PC-C1004,C:\docs\report_7.pdf,File Open,False,False,
F-C1004-4-8,05/06/2011 11:08:00,C1004,PC-C1004,C:\docs\report_8.pdf,File Open,False,False,
F-C1004-4-9,05/06/2011 11:09:00,C1004,PC-C1004,C:\docs\report_9.pdf,File Open,False,False,
F-C1005-4-0,05/06/2011 11:00:00,C1005,PC-C1005,C:\docs\report_0.pdf,File Open,False,False,
F-C1005-4-1,05/06/2011 11:01:00,C1005,PC-C1005,C:\docs\report_1.pdf,File Open,False,False,
F-C1005-4-2,05/06/2011 11:02:00,C1005,PC-C1005,C:\docs\report_2.pdf,File Open,False,False,
F-C1005-4-3,05/06/2011 11:03:00,C1005,PC-C1005,C:\docs\report_3.pdf,File Open,False,False,
F-C1005-4-4,05/06/2011 11:04:00,C1005,PC-C1005,C:\docs\report_4.pdf,File Open,False,False,
F-C1005-4-5,05/06/2011 11:05:00,C1005,PC-C1005,C:\docs\report_5.pdf,File Open,False,False,
F-C1005-4-6,05/06/2011 11:06:00,C1005,PC-C1005,C:\docs\report_6.pdf,File Open,False,False,
F-C1005-4-7,05/06/2011 11:07:00,C1005,PC-C1005,C:\docs\report_7.pdf,File Open,False,False,
F-C1006-4-0,05/06/2011 11:00:00,C1006,PC-C1006,C:\docs\report_0.pdf,File Open,False,False,
F-C1006-4-1,05/06/2011 11:01:00,C1006,PC-C1006,C:\docs\report_1.pdf,File Open,False,False,
F-C1006-4-2,05/06/2011 11:02:00,C1006,PC-C1006,C:\docs\report_2.pdf,File Open,False,False,
F-C1006-4-3,05/06/2011 11:03:00,C1006,PC-C1006,C:\docs\report_3.pdf,File Open,False,False,
F-C1006-4-4,05/06/2011 11:04:00,C1006,PC-C1006,C:\docs\report_4.pdf,File Open,False,False,
F-C1006-4-5,05/06/2011 11:05:00,C1006,PC-C1006,C:\docs\report_5.pdf,File Open,False,False,
F-C1006-4-6,05/06/2011 11:06:00,C1006,PC-C1006,C:\docs\report_6.pdf,File Open,False,False,
F-C1006-4-7,05/06/2011 11:07:00,C1006,PC-C1006,C:\docs\report_7.pdf,File Open,False,False,
F-C1006-4-8,05/06/2011 11:08:00,C1006,PC-C1006,C:\docs\report_8.pdf,File Open,False,False,
F-C1007-4-0,05/06/2011 11:00:00,C1007,PC-C1007,C:\docs\report_0.pdf,File Open,False,False,
F-C1007-4-1,05/06/2011 11:01:00,C1007,PC-C1007,C:\docs\report_1.pdf,File Open,False,False,
F-C1007-4-2,05/06/2011 11:02:00,C1007,PC-C1007,C:\docs\report_2.pdf,File Open,False,False,
F-C1007-4-3,05/06/2011 11:03:00,C1007,PC-C1007,C:\docs\report_3.pdf,File Open,False,False,
F-C1007-4-4,05/06/2011 11:04:00,C1007,PC-C1007,C:\docs\report_4.pdf,File Open,False,False,
F-C1007-4-5,05/06/2011 11:05:00,C1007,PC-C1007,C:\docs\report_5.pdf,File Open,False,False,
F-C1007-4-6,05/06/2011 11:06:00,C1007,PC-C1007,C:\docs\report_6.pdf,File Open,False,False,
F-C1007-4-7,05/06/2011 11:07:00,C1007,PC-C1007,C:\docs\report_7.pdf,File Open,False,False,
F-C1007-4-8,05/06/2011 11:08:00,C1007,PC-C1007,C:\docs\report_8.pdf,File Open,False,False,
F-C1007-4-9,05/06/2011 11:09:00,C1007,PC-C1007,C:\docs\report_9.pdf,File Open,False,False,
F-C1008-4-0,05/06/2011 11:00:00,C1008,PC-C1008,C:\docs\report_0.pdf,File Open,False,False,
F-C1008-4-1,05/06/2011 11:01:00,C1008,PC-C1008,C:\docs\report_1.pdf,File Open,False,False,
F-C1008-4-2,05/06/2011 11:02:00,C1008,PC-C1008,C:\docs\report_2.pdf,File Open,False,False,
F-C1008-4-3,05/06/2011 11:03:00,C1008,PC-C1008,C:\docs\report_3.pdf,File Open,False,False,
F-C1008-4-4,05/06/2011 11:04:00,C1008,PC-C1008,C:\docs\report_4.pdf,File Open,False,False,
F-C1008-4-5,05/06/2011 11:05:00,C1008,PC-C1008,C:\docs\report_5.pdf,File Open,False,False,
F-C1008-4-6,05/06/2011 11:06:00,C1008,PC-C1008,C:\docs\report_6.pdf,File Open,False,False,
F-C1008-4-7,05/06/2011 11:07:00,C1008,PC-C1008,C:\docs\report_7.pdf,File Open,False,False,
F-C1009-4-0,05/06/2011 11:00:00,C1009,PC-C1009,C:\docs\report_0.pdf,File Open,False,False,
F-C1009-4-1,05/06/2011 11:01:00,C1009,PC-C1009,C:\docs\report_1.pdf,File Open,False,False,
F-C1009-4-2,05/06/2011 11:02:00,C1009,PC-C1009,C:\docs\report_2.pdf,File Open,False,False,
F-C1009-4-3,05/06/2011 11:03:00,C1009,PC-C1009,C:\docs\report_3.pdf,File Open,False,False,
F-C1009-4-4,05/06/2011 11:04:00,C1009,PC-C1009,C:\docs\report_4.pdf,File Open,False,False,
F-C1009-4-5,05/06/2011 11:05:00,C1009,PC-C1009,C:\docs\report_5.pdf,File Open,False,False,
F-C1009-4-6,05/06/2011 11:06:00,C1009,PC-C1009,C:\docs\report_6.pdf,File Open,False,False,
F-C1009-4-7,05/06/2011 11:07:00,C1009,PC-C1009,C:\docs\report_7.pdf,File Open,False,False,
F-C1009-4-8,05/06/2011 11:08:00,C1009,PC-C1009,C:\docs\report_8.pdf,File Open,False,False,
F-C1010-4-0,05/06/2011 11:00:00,C1010,PC-C1010,C:\docs\report_0.pdf,File Open,False,False,
F-C1010-4-1,05/06/2011 11:01:00,C1010,PC-C1010,C:\docs\report_1.pdf,File Open,False,False,
F-C1010-4-2,05/06/2011 11:02:00,C1010,PC-C1010,C:\docs\report_2.pdf,File Open,False,False,
F-C1010-4-3,05/06/2011 11:03:00,C1010,PC-C1010,C:\docs\report_3.pdf,File Open,False,False,
F-C1010-4-4,05/06/2011 11:04:00,C1010,PC-C1010,C:\docs\report_4.pdf,File Open,False,False,
F-C1010-4-5,05/06/2011 11:05:00,C1010,PC-C1010,C:\docs\report_5.pdf,File Open,False,False,
F-C1010-4-6,05/06/2011 11:06:00,C1010,PC-C1010,C:\docs\report_6.pdf,File Open,False,False,
F-C1010-4-7,05/06/2011 11:07:00,C1010,PC-C1010,C:\docs\report_7.pdf,File Open,False,False,
F-C1010-4-8,05/06/2011 11:08:00,C1010,PC-C1010,C:\docs\report_8.pdf,File Open,False,False,
F-C1010-4-9,05/06/2011 11:09:00,C1010,PC-C1010,C:\docs\report_9.pdf,File Open,False,False,
F-C1011-4-0,05/06/2011 11:00:00,C1011,PC-C1011,C:\docs\report_0.pdf,File Open,False,False,
F-C1011-4-1,05/06/2011 11:01:00,C1011,PC-C1011,C:\docs\report_1.pdf,File Open,False,False,
F-C1011-4-2,05/06/2011 11:02:00,C1011,PC-C1011,C:\docs\report_2.pdf,File Open,False,False,
F-C1011-4-3,05/06/2011 11:03:00,C1011,PC-C1011,C:\docs\report_3.pdf,File Open,False,False,
F-C1011-4-4,05/06/2011 11:04:00,C1011,PC-C1011,C:\docs\report_4.pdf,File Open,False,False,
F-C1011-4-5,05/06/2011 11:05:00,C1011,PC-C1011,C:\docs\report_5.pdf,File Open,False,False,
F-C1011-4-6,05/06/2011 11:06:00,C1011,PC-C1011,C:\docs\report_6.pdf,File Open,False,False,
F-C1011-4-7,05/06/2011 11:07:00,C1011,PC-C1011,C:\docs\report_7.pdf,File Open,False,False,
F-C1012-4-0,05/06/2011 11:00:00,C1012,PC-C1012,C:\docs\report_0.pdf,File Open,False,False,
F-C1012-4-1,05/06/2011 11:01:00,C1012,PC-C1012,C:\docs\report_1.pdf,File Open,False,False,
F-C1012-4-2,05/06/2011 11:02:00,C1012,PC-C1012,C:\docs\report_2.pdf,File Open,False,False,
F-C1012-4-3,05/06/2011 11:03:00,C1012,PC-C1012,C:\docs\report_3.pdf,File Open,False,False,
F-C1012-4-4,05/06/2011 11:04:00,C1012,PC-C1012,C:\docs\report_4.pdf,File Open,False,False,
F-C1012-4-5,05/06/2011 11:05:00,C1012,PC-C1012,C:\docs\report_5.pdf,File Open,False,False,
F-C1012-4-6,05/06/2011 11:06:00,C1012,PC-C1012,C:\docs\report_6.pdf,File Open,False,False,
F-C1012-4-7,05/06/2011 11:07:00,C1012,PC-C1012,C:\docs\report_7.pdf,File Open,False,False,
F-C1012-4-8,05/06/2011 11:08:00,C1012,PC-C1012,C:\docs\report_8.pdf,File Open,False,False,
F-C1013-4-0,05/06/2011 11:00:00,C1013,PC-C1013,C:\docs\report_0.pdf,File Open,False,False,
F-C1013-4-1,05/06/2011 11:01:00,C1013,PC-C1013,C:\docs\report_1.pdf,File Open,False,False,
F-C1013-4-2,05/06/2011 11:02:00,C1013,PC-C1013,C:\docs\report_2.pdf,File Open,False,False,
F-C1013-4-3,05/06/2011 11:03:00,C1013,PC-C1013,C:\docs\report_3.pdf,File Open,False,False,
F-C1013-4-4,05/06/2011 11:04:00,C1013,PC-C1013,C:\docs\report_4.pdf,File Open,False,False,
F-C1013-4-5,05/06/2011 11:05:00,C1013,PC-C1013,C:\docs\report_5.pdf,File Open,False,False,
F-C1013-4-6,05/06/2011 11:06:00,C1013,PC-C1013,C:\docs\report_6.pdf,File Open,False,False,
F-C1013-4-7,05/06/2011 11:07:00,C1013,PC-C1013,C:\docs\report_7.pdf,File Open,False,False,
F-C1013-4-8,05/06/2011 11:08:00,C1013,PC-C1013,C:\docs\report_8.pdf,File Open,False,False,
F-C1013-4-9,05/06/2011 11:09:00,C1013,PC-C1013,C:\docs\report_9.pdf,File Open,False,False,
F-C1014-4-0,05/06/2011 11:00:00,C1014,PC-C1014,C:\docs\report_0.pdf,File Open,False,False,
F-C1014-4-1,05/06/2011 11:01:00,C1014,PC-C1014,C:\docs\report_1.pdf,File Open,False,False,
F-C1014-4-2,05/06/2011 11:02:00,C1014,PC-C1014,C:\docs\report_2.pdf,File Open,False,False,
F-C1014-4-3,05/06/2011 11:03:00,C1014,PC-C1014,C:\docs\report_3.pdf,File Open,False,False,
F-C1014-4-4,05/06/2011 11:04:00,C1014,PC-C1014,C:\docs\report_4.pdf,File Open,False,False,
F-C1014-4-5,05/06/2011 11:05:00,C1014,PC-C1014,C:\docs\report_5.pdf,File Open,False,False,
F-C1014-4-6,05/06/2011 11:06:00,C1014,PC-C1014,C:\docs\report_6.pdf,File Open,False,False,
F-C1014-4-7,05/06/2011 11:07:00,C1014,PC-C1014,C:\docs\report_7.pdf,File Open,False,False,
F-C1015-4-0,05/06/2011 11:00:00,C1015,PC-C1015,C:\docs\report_0.pdf,File Open,False,False,
F-C1015-4-1,05/06/2011 11:01:00,C1015,PC-C1015,C:\docs\report_1.pdf,File Open,False,False,
F-C1015-4-2,05/06/2011 11:02:00,C1015,PC-C1015,C:\docs\report_2.pdf,File Open,False,False,
F-C1015-4-3,05/06/2011 11:03:00,C1015,PC-C1015,C:\docs\report_3.pdf,File Open,False,False,
F-C1015-4-4,05/06/2011 11:04:00,C1015,PC-C1015,C:\docs\report_4.pdf,File Open,False,False,
F-C1015-4-5,05/06/2011 11:05:00,C1015,PC-C1015,C:\docs\report_5.pdf,File Open,False,False,
F-C1015-4-6,05/06/2011 11:06:00,C1015,PC-C1015,C:\docs\report_6.pdf,File Open,False,False,
F-C1015-4-7,05/06/2011 11:07:00,C1015,PC-C1015,C:\docs\report_7.pdf,File Open,False,False,
F-C1015-4-8,05/06/2011 11:08:00,C1015,PC-C1015,C:\docs\report_8.pdf,File Open,False,False,
F-C1016-4-0,05/06/2011 11:00:00,C1016,PC-C1016,C:\docs\report_0.pdf,File Open,False,False,
F-C1016-4-1,05/06/2011 11:01:00,C1016,PC-C1016,C:\docs\report_1.pdf,File Open,False,False,
F-C1016-4-2,05/06/2011 11:02:00,C1016,PC-C1016,C:\docs\report_2.pdf,File Open,False,False,
F-C1016-4-3,05/06/2011 11:03:00,C1016,PC-C1016,C:\docs\report_3.pdf,File Open,False,False,
F-C1016-4-4,05/06/2011 11:04:00,C1016,PC-C1016,C:\docs\report_4.pdf,File Open,False,False,
F-C1016-4-5,05/06/2011 11:05:00,C1016,PC-C1016,C:\docs\report_5.pdf,File Open,False,False,
F-C1016-4-6,05/06/2011 11:06:00,C1016,PC-C1016,C:\docs\report_6.pdf,File Open,False,False,
F-C1016-4-7,05/06/2011 11:07:00,C1016,PC-C1016,C:\docs\report_7.pdf,File Open,False,False,
F-C1016-4-8,05/06/2011 11:08:00,C1016,PC-C1016,C:\docs\report_8.pdf,File Open,False,False,
F-C1016-4-9,05/06/2011 11:09:00,C1016,PC-C1016,C:\docs\report_9.pdf,File Open,False,False,
F-C1017-4-0,05/06/2011 11:00:00,C1017,PC-C1017,C:\docs\report_0.pdf,File Open,False,False,
F-C1017-4-1,05/06/2011 11:01:00,C1017,PC-C1017,C:\docs\report_1.pdf,File Open,False,False,
F-C1017-4-2,05/06/2011 11:02:00,C1017,PC-C1017,C:\docs\report_2.pdf,File Open,False,False,
F-C1017-4-3,05/06/2011 11:03:00,C1017,PC-C1017,C:\docs\report_3.pdf,File Open,False,False,
F-C1017-4-4,05/06/2011 11:04:00,C1017,PC-C1017,C:\docs\report_4.pdf,File Open,False,False,
F-C1017-4-5,05/06/2011 11:05:00,C1017,PC-C1017,C:\docs\report_5.pdf,File Open,False,False,
F-C1017-4-6,05/06/2011 11:06:00,C1017,PC-C1017,C:\docs\report_6.pdf,File Open,False,False,
F-C1017-4-7,05/06/2011 11:07:00,C1017,PC-C1017,C:\docs\report_7.pdf,File Open,False,False,
F-C1018-4-0,05/06/2011 11:00:00,C1018,PC-C1018,C:\docs\report_0.pdf,File Open,False,False,
F-C1018-4-1,05/06/2011 11:01:00,C1018,PC-C1018,C:\docs\report_1.pdf,File Open,False,False,
F-C1018-4-2,05/06/2011 11:02:00,C1018,PC-C1018,C:\docs\report_2.pdf,File Open,False,False,
F-C1018-4-3,05/06/2011 11:03:00,C1018,PC-C1018,C:\docs\report_3.pdf,File Open,False,False,
F-C1018-4-4,05/06/2011 11:04:00,C1018,PC-C1018,C:\docs\report_4.pdf,File Open,False,False,
F-C1018-4-5,05/06/2011 11:05:00,C1018,PC-C1018,C:\docs\report_5.pdf,File Open,False,False,
F-C1018-4-6,05/06/2011 11:06:00,C1018,PC-C1018,C:\docs\report_6.pdf,File Open,False,False,
F-C1018-4-7,05/06/2011 11:07:00,C1018,PC-C1018,C:\docs\report_7.pdf,File Open,False,False,
F-C1018-4-8,05/06/2011 11:08:00,C1018,PC-C1018,C:\docs\report_8.pdf,File Open,False,False,
F-C1019-4-0,05/06/2011 11:00:00,C1019,PC-C1019,C:\docs\report_0.pdf,File Open,False,False,
F-C1019-4-1,05/06/2011 11:01:00,C1019,PC-C1019,C:\docs\report_1.pdf,File Open,False,False,
F-C1019-4-2,05/06/2011 11:02:00,C1019,PC-C1019,C:\docs\report_2.pdf,File Open,False,False,
F-C1019-4-3,05/06/2011 11:03:00,C1019,PC-C1019,C:\docs\report_3.pdf,File Open,False,False,
F-C1019-4-4,05/06/2011 11:04:00,C1019,PC-C1019,C:\docs\report_4.pdf,File Open,False,False,
F-C1019-4-5,05/06/2011 11:05:00,C1019,PC-C1019,C:\docs\report_5.pdf,File Open,False,False,
F-C1019-4-6,05/06/2011 11:06:00,C1019,PC-C1019,C:\docs\report_6.pdf,File Open,False,False,
F-C1019-4-7,05/06/2011 11:07:00,C1019,PC-C1019,C:\docs\report_7.pdf,File Open,False,False,
F-C1019-4-8,05/06/2011 11:08:00,C1019,PC-C1019,C:\docs\report_8.pdf,File Open,False,False,
F-C1019-4-9,05/06/2011 11:09:00,C1019,PC-C1019,C:\docs\report_9.pdf,File Open,False,False,
F-C1000-5-0,05/07/2011 11:00:00,C1000,PC-C1000,C:\docs\report_0.pdf,File Open,False,False,
F-C1000-5-1,05/07/2011 11:01:00,C1000,PC-C1000,C:\docs\report_1.pdf,File Open,False,False,
F-C1000-5-2,05/07/2011 11:02:00,C1000,PC-C1000,C:\docs\report_2.pdf,File Open,False,False,
F-C1000-5-3,05/07/2011 11:03:00,C1000,PC-C1000,C:\docs\report_3.pdf,File Open,False,False,
F-C1000-5-4,05/07/2011 11:04:00,C1000,PC-C1000,C:\docs\report_4.pdf,File Open,False,False,
F-C1000-5-5,05/07/2011 11:05:00,C1000,PC-C1000,C:\docs\report_5.pdf,File Open,False,False,
F-C1000-5-6,05/07/2011 11:06:00,C1000,PC-C1000,C:\docs\report_6.pdf,File Open,False,False,
F-C1000-5-7,05/07/2011 11:07:00,C1000,PC-C1000,C:\docs\report_7.pdf,File Open,False,False,
F-C1000-5-8,05/07/2011 11:08:00,C1000,PC-C1000,C:\docs\report_8.pdf,File Open,False,False,
F-C1000-5-9,05/07/2011 11:09:00,C1000,PC-C1000,C:\docs\report_9.pdf,File Open,False,False,
F-C1000-5-10,05/07/2011 11:10:00,C1000,PC-C1000,C:\docs\report_10.pdf,File Open,False,False,
F-C1000-5-11,05/07/2011 11:11:00,C1000,PC-C1000,C:\docs\report_11.pdf,File Open,False,False,
F-C1000-5-12,05/07/2011 11:12:00,C1000,PC-C1000,C:\docs\report_12.pdf,File Open,False,False,
F-C1000-5-13,05/07/2011 11:13:00,C1000,PC-C1000,C:\docs\report_13.pdf,File Open,False,False,
F-C1000-5-14,05/07/2011 11:14:00,C1000,PC-C1000,C:\docs\report_14.pdf,File Open,False,False,
F-C1000-5-15,05/07/2011 11:15:00,C1000,PC-C1000,C:\docs\report_15.pdf,File Open,False,False,
F-C1000-5-16,05/07/2011 11:16:00,C1000,PC-C1000,C:\docs\report_16.pdf,File Open,False,False,
F-C1001-5-0,05/07/2011 11:00:00,C1001,PC-C1001,C:\docs\report_0.pdf,File Open,False,False,
F-C1001-5-1,05/07/2011 11:01:00,C1001,PC-C1001,C:\docs\report_1.pdf,File Open,False,False,
F-C1001-5-2,05/07/2011 11:02:00,C1001,PC-C1001,C:\docs\report_2.pdf,File Open,False,False,
F-C1001-5-3,05/07/2011 11:03:00,C1001,PC-C1001,C:\docs\report_3.pdf,File Open,False,False,
F-C1001-5-4,05/07/2011 11:04:00,C1001,PC-C1001,C:\docs\report_4.pdf,File Open,False,False,
F-C1001-5-5,05/07/2011 11:05:00,C1001,PC-C1001,C:\docs\report_5.pdf,File Open,False,False,
F-C1001-5-6,05/07/2011 11:06:00,C1001,PC-C1001,C:\docs\report_6.pdf,File Open,False,False,
F-C1001-5-7,05/07/2011 11:07:00,C1001,PC-C1001,C:\docs\report_7.pdf,File Open,False,False,
F-C1002-5-0,05/07/2011 11:00:00,C1002,PC-C1002,C:\docs\report_0.pdf,File Open,False,False,
F-C1002-5-1,05/07/2011 11:01:00,C1002,PC-C1002,C:\docs\report_1.pdf,File Open,False,False,
F-C1002-5-2,05/07/2011 11:02:00,C1002,PC-C1002,C:\docs\report_2.pdf,File Open,False,False,
F-C1002-5-3,05/07/2011 11:03:00,C1002,PC-C1002,C:\docs\report_3.pdf,File Open,False,False,
F-C1002-5-4,05/07/2011 11:04:00,C1002,PC-C1002,C:\docs\report_4.pdf,File Open,False,False,
F-C1002-5-5,05/07/2011 11:05:00,C1002,PC-C1002,C:\docs\report_5.pdf,File Open,False,False,
F-C1002-5-6,05/07/2011 11:06:00,C1002,PC-C1002,C:\docs\report_6.pdf,File Open,False,False,
F-C1002-5-7,05/07/2011 11:07:00,C1002,PC-C1002,C:\docs\report_7.pdf,File Open,False,False,
F-C1002-5-8,05/07/2011 11:08:00,C1002,PC-C1002,C:\docs\report_8.pdf,File Open,False,False,
F-C1003-5-0,05/07/2011 11:00:00,C1003,PC-C1003,C:\docs\report_0.pdf,File Open,False,False,
F-C1003-5-1,05/07/2011 11:01:00,C1003,PC-C1003,C:\docs\report_1.pdf,File Open,False,False,
F-C1003-5-2,05/07/2011 11:02:00,C1003,PC-C1003,C:\docs\report_2.pdf,File Open,False,False,
F-C1003-5-3,05/07/2011 11:03:00,C1003,PC-C1003,C:\docs\report_3.pdf,File Open,False,False,
F-C1003-5-4,05/07/2011 11:04:00,C1003,PC-C1003,C:\docs\report_4.pdf,File Open,False,False,
F-C1003-5-5,05/07/2011 11:05:00,C1003,PC-C1003,C:\docs\report_5.pdf,File Open,False,False,
F-C1003-5-6,05/07/2011 11:06:00,C1003,PC-C1003,C:\docs\report_6.pdf,File Open,False,False,
F-C1003-5-7,05/07/2011 11:07:00,C1003,PC-C1003,C:\docs\report_7.pdf,File Open,False,False,
F-C1003-5-8,05/07/2011 11:08:00,C1003,PC-C1003,C:\docs\report_8.pdf,File Open,False,False,
F-C1003-5-9,05/07/2011 11:09:00,C1003,PC-C1003,C:\docs\report_9.pdf,File Open,False,False,
F-C1004-5-0,05/07/2011 11:00:00,C1004,PC-C1004,C:\docs\report_0.pdf,File Open,False,False,
F-C1004-5-1,05/07/2011 11:01:00,C1004,PC-C1004,C:\docs\report_1.pdf,File Open,False,False,
F-C1004-5-2,05/07/2011 11:02:00,C1004,PC-C1004,C:\docs\report_2.pdf,File Open,False,False,
F-C1004-5-3,05/07/2011 11:03:00,C1004,PC-C1004,C:\docs\report_3.pdf,File Open,False,False,
F-C1004-5-4,05/07/2011 11:04:00,C1004,PC-C1004,C:\docs\report_4.pdf,File Open,False,False,
F-C1004-5-5,05/07/2011 11:05:00,C1004,PC-C1004,C:\docs\report_5.pdf,File Open,False,False,
F-C1004-5-6,05/07/2011 11:06:00,C1004,PC-C1004,C:\docs\report_6.pdf,File Open,False,False,
F-C1004-5-7,05/07/2011 11:07:00,C1004,PC-C1004,C:\docs\report_7.pdf,File Open,False,False,
F-C1005-5-0,05/07/2011 11:00:00,C1005,PC-C1005,C:\docs\report_0.pdf,File Open,False,False,
F-C1005-5-1,05/07/2011 11:01:00,C1005,PC-C1005,C:\docs\report_1.pdf,File Open,False,False,
F-C1005-5-2,05/07/2011 11:02:00,C1005,PC-C1005,C:\docs\report_2.pdf,File Open,False,False,
F-C1005-5-3,05/07/2011 11:03:00,C1005,PC-C1005,C:\docs\report_3.pdf,File Open,False,False,
F-C1005-5-4,05/07/2011 11:04:00,C1005,PC-C1005,C:\docs\report_4.pdf,File Open,False,False,
F-C1005-5-5,05/07/2011 11:05:00,C1005,PC-C1005,C:\docs\report_5.pdf,File Open,False,False,
F-C1005-5-6,05/07/2011 11:06:00,C1005,PC-C1005,C:\docs\report_6.pdf,File Open,False,False,
F-C1005-5-7,05/07/2011 11:07:00,C1005,PC-C1005,C:\docs\report_7.pdf,File Open,False,False,
F-C1005-5-8,05/07/2011 11:08:00,C1005,PC-C1005,C:\docs\report_8.pdf,File Open,False,False,
F-C1006-5-0,05/07/2011 11:00:00,C1006,PC-C1006,C:\docs\report_0.pdf,File Open,False,False,
F-C1006-5-1,05/07/2011 11:01:00,C1006,PC-C1006,C:\docs\report_1.pdf,File Open,False,False,
F-C1006-5-2,05/07/2011 11:02:00,C1006,PC-C1006,C:\docs\report_2.pdf,File Open,False,False,
F-C1006-5-3,05/07/2011 11:03:00,C1006,PC-C1006,C:\docs\report_3.pdf,File Open,False,False,
F-C1006-5-4,05/07/2011 11:04:00,C1006,PC-C1006,C:\docs\report_4.pdf,File Open,False,False,
F-C1006-5-5,05/07/2011 11:05:00,C1006,PC-C1006,C:\docs\report_5.pdf,File Open,False,False,
F-C1006-5-6,05/07/2011 11:06:00,C1006,PC-C1006,C:\docs\report_6.pdf,File Open,False,False,
F-C1006-5-7,05/07/2011 11:07:00,C1006,PC-C1006,C:\docs\report_7.pdf,File Open,False,False,
F-C1006-5-8,05/07/2011 11:08:00,C1006,PC-C1006,C:\docs\report_8.pdf,File Open,False,False,
F-C1006-5-9,05/07/2011 11:09:00,C1006,PC-C1006,C:\docs\report_9.pdf,File Open,False,False,
F-C1007-5-0,05/07/2011 11:00:00,C1007,PC-C1007,C:\docs\report_0.pdf,File Open,False,False,
F-C1007-5-1,05/07/2011 11:01:00,C1007,PC-C1007,C:\docs\report_1.pdf,File Open,False,False,
F-C1007-5-2,05/07/2011 11:02:00,C1007,PC-C1007,C:\docs\report_2.pdf,File Open,False,False,
F-C1007-5-3,05/07/2011 11:03:00,C1007,PC-C1007,C:\docs\report_3.pdf,File Open,False,False,
F-C1007-5-4,05/07/2011 11:04:00,C1007,PC-C1007,C:\docs\report_4.pdf,File Open,False,False,
F-C1007-5-5,05/07/2011 11:05:00,C1007,PC-C1007,C:\docs\report_5.pdf,File Open,False,False,
F-C1007-5-6,05/07/2011 11:06:00,C1007,PC-C1007,C:\docs\report_6.pdf,File Open,False,False,
F-C1007-5-7,05/07/2011 11:07:00,C1007,PC-C1007,C:\docs\report_7.pdf,File Open,False,False,
F-C1008-5-0,05/07/2011 11:00:00,C1008,PC-C1008,C:\docs\report_0.pdf,File Open,False,False,
F-C1008-5-1,05/07/2011 11:01:00,C1008,PC-C1008,C:\docs\report_1.pdf,File Open,False,False,
F-C1008-5-2,05/07/2011 11:02:00,C1008,PC-C1008,C:\docs\report_2.pdf,File Open,False,False,
F-C1008-5-3,05/07/2011 11:03:00,C1008,PC-C1008,C:\docs\report_3.pdf,File Open,False,False,
F-C1008-5-4,05/07/2011 11:04:00,C1008,PC-C1008,C:\docs\report_4.pdf,File Open,False,False,
F-C1008-5-5,05/07/2011 11:05:00,C1008,PC-C1008,C:\docs\report_5.pdf,File Open,False,False,
F-C1008-5-6,05/07/2011 11:06:00,C1008,PC-C1008,C:\docs\report_6.pdf,File Open,False,False,
F-C1008-5-7,05/07/2011 11:07:00,C1008,PC-C1008,C:\docs\report_7.pdf,File Open,False,False,
F-C1008-5-8,05/07/2011 11:08:00,C1008,PC-C1008,C:\docs\report_8.pdf,File Open,False,False,
F-C1009-5-0,05/07/2011 11:00:00,C1009,PC-C1009,C:\docs\report_0.pdf,File Open,False,False,
F-C1009-5-1,05/07/2011 11:01:00,C1009,PC-C1009,C:\docs\report_1.pdf,File Open,False,False,
F-C1009-5-2,05/07/2011 11:02:00,C1009,PC-C1009,C:\docs\report_2.pdf,File Open,False,False,
F-C1009-5-3,05/07/2011 11:03:00,C1009,PC-C1009,C:\docs\report_3.pdf,File Open,False,False,
F-C1009-5-4,05/07/2011 11:04:00,C1009,PC-C1009,C:\docs\report_4.pdf,File Open,False,False,
F-C1009-5-5,05/07/2011 11:05:00,C1009,PC-C1009,C:\docs\report_5.pdf,File Open,False,False,
F-C1009-5-6,05/07/2011 11:06:00,C1009,PC-C1009,C:\docs\report_6.pdf,File Open,False,False,
F-C1009-5-7,05/07/2011 11:07:00,C1009,PC-C1009,C:\docs\report_7.pdf,File Open,False,False,
F-C1009-5-8,05/07/2011 11:08:00,C1009,PC-C1009,C:\docs\report_8.pdf,File Open,False,False,
F-C1009-5-9,05/07/2011 11:09:00,C1009,PC-C1009,C:\docs\report_9.pdf,File Open,False,False,
F-C1010-5-0,05/07/2011 11:00:00,C1010,PC-C1010,C:\docs\report_0.pdf,File Open,False,False,
F-C1010-5-1,05/07/2011 11:01:00,C1010,PC-C1010,C:\docs\report_1.pdf,File Open,False,False,
F-C1010-5-2,05/07/2011 11:02:00,C1010,PC-C1010,C:\docs\report_2.pdf,File Open,False,False,
F-C1010-5-3,05/07/2011 11:03:00,C1010,PC-C1010,C:\docs\report_3.pdf,File Open,False,False,
F-C1010-5-4,05/07/2011 11:04:00,C1010,PC-C1010,C:\docs\report_4.pdf,File Open,False,False,
F-C1010-5-5,05/07/2011 11:05:00,C1010,PC-C1010,C:\docs\report_5.pdf,File Open,False,False,
F-C1010-5-6,05/07/2011 11:06:00,C1010,PC-C1010,C:\docs\report_6.pdf,File Open,False,False,
F-C1010-5-7,05/07/2011 11:07:00,C1010,PC-C1010,C:\docs\report_7.pdf,File Open,False,False,
F-C1011-5-0,05/07/2011 11:00:00,C1011,PC-C1011,C:\docs\report_0.pdf,File Open,False,False,
F-C1011-5-1,05/07/2011 11:01:00,C1011,PC-C1011,C:\docs\report_1.pdf,File Open,False,False,
F-C1011-5-2,05/07/2011 11:02:00,C1011,PC-C1011,C:\docs\report_2.pdf,File Open,False,False,
F-C1011-5-3,05/07/2011 11:03:00,C1011,PC-C1011,C:\docs\report_3.pdf,File Open,False,False,
F-C1011-5-4,05/07/2011 11:04:00,C1011,PC-C1011,C:\docs\report_4.pdf,File Open,False,False,
F-C1011-5-5,05/07/2011 11:05:00,C1011,PC-C1011,C:\docs\report_5.pdf,File Open,False,False,
F-C1011-5-6,05/07/2011 11:06:00,C1011,PC-C1011,C:\docs\report_6.pdf,File Open,False,False,
F-C1011-5-7,05/07/2011 11:07:00,C1011,PC-C1011,C:\docs\report_7.pdf,File Open,False,False,
F-C1011-5-8,05/07/2011 11:08:00,C1011,PC-C1011,C:\docs\report_8.pdf,File Open,False,False,
F-C1012-5-0,05/07/2011 11:00:00,C1012,PC-C1012,C:\docs\report_0.pdf,File Open,False,False,
F-C1012-5-1,05/07/2011 11:01:00,C1012,PC-C1012,C:\docs\report_1.pdf,File Open,False,False,
F-C1012-5-2,05/07/2011 11:02:00,C1012,PC-C1012,C:\docs\report_2.pdf,File Open,False,False,
F-C1012-5-3,05/07/2011 11:03:00,C1012,PC-C1012,C:\docs\report_3.pdf,File Open,False,False,
F-C1012-5-4,05/07/2011 11:04:00,C1012,PC-C1012,C:\docs\report_4.pdf,File Open,False,False,
F-C1012-5-5,05/07/2011 11:05:00,C1012,PC-C1012,C:\docs\report_5.pdf,File Open,False,False,
F-C1012-5-6,05/07/2011 11:06:00,C1012,PC-C1012,C:\docs\report_6.pdf,File Open,False,False,
F-C1012-5-7,05/07/2011 11:07:00,C1012,PC-C1012,C:\docs\report_7.pdf,File Open,False,False,
F-C1012-5-8,05/07/2011 11:08:00,C1012,PC-C1012,C:\docs\report_8.pdf,File Open,False,False,
F-C1012-5-9,05/07/2011 11:09:00,C1012,PC-C1012,C:\docs\report_9.pdf,File Open,False,False,
F-C1013-5-0,05/07/2011 11:00:00,C1013,PC-C1013,C:\docs\report_0.pdf,File Open,False,False,
F-C1013-5-1,05/07/2011 11:01:00,C1013,PC-C1013,C:\docs\report_1.pdf,File Open,False,False,
F-C1013-5-2,05/07/2011 11:02:00,C1013,PC-C1013,C:\docs\report_2.pdf,File Open,False,False,
F-C1013-5-3,05/07/2011 11:03:00,C1013,PC-C1013,C:\docs\report_3.pdf,File Open,False,False,
F-C1013-5-4,05/07/2011 11:04:00,C1013,PC-C1013,C:\docs\report_4.pdf,File Open,False,False,
F-C1013-5-5,05/07/2011 11:05:00,C1013,PC-C1013,C:\docs\report_5.pdf,File Open,False,False,
F-C1013-5-6,05/07/2011 11:06:00,C1013,PC-C1013,C:\docs\report_6.pdf,File Open,False,False,
F-C1013-5-7,05/07/2011 11:07:00,C1013,PC-C1013,C:\docs\report_7.pdf,File Open,False,False,
F-C1014-5-0,05/07/2011 11:00:00,C1014,PC-C1014,C:\docs\report_0.pdf,File Open,False,False,
F-C1014-5-1,05/07/2011 11:01:00,C1014,PC-C1014,C:\docs\report_1.pdf,File Open,False,False,
F-C1014-5-2,05/07/2011 11:02:00,C1014,PC-C1014,C:\docs\report_2.pdf,File Open,False,False,
F-C1014-5-3,05/07/2011 11:03:00,C1014,PC-C1014,C:\docs\report_3.pdf,File Open,False,False,
F-C1014-5-4,05/07/2011 11:04:00,C1014,PC-C1014,C:\docs\report_4.pdf,File Open,False,False,
F-C1014-5-5,05/07/2011 11:05:00,C1014,PC-C1014,C:\docs\report_5.pdf,File Open,False,False,
F-C1014-5-6,05/07/2011 11:06:00,C1014,PC-C1014,C:\docs\report_6.pdf,File Open,False,False,
F-C1014-5-7,05/07/2011 11:07:00,C1014,PC-C1014,C:\docs\report_7.pdf,File Open,False,False,
F-C1014-5-8,05/07/2011 11:08:00,C1014,PC-C1014,C:\docs\report_8.pdf,File Open,False,False,
F-C1015-5-0,05/07/2011 11:00:00,C1015,PC-C1015,C:\docs\report_0.pdf,File Open,False,False,
F-C1015-5-1,05/07/2011 11:01:00,C1015,PC-C1015,C:\docs\report_1.pdf,File Open,False,False,
F-C1015-5-2,05/07/2011 11:02:00,C1015,PC-C1015,C:\docs\report_2.pdf,File Open,False,False,
F-C1015-5-3,05/07/2011 11:03:00,C1015,PC-C1015,C:\docs\report_3.pdf,File Open,False,False,
F-C1015-5-4,05/07/2011 11:04:00,C1015,PC-C1015,C:\docs\report_4.pdf,File Open,False,False,
F-C1015-5-5,05/07/2011 11:05:00,C1015,PC-C1015,C:\docs\report_5.pdf,File Open,False,False,
F-C1015-5-6,05/07/2011 11:06:00,C1015,PC-C1015,C:\docs\report_6.pdf,File Open,False,False,
F-C1015-5-7,05/07/2011 11:07:00,C1015,PC-C1015,C:\docs\report_7.pdf,File Open,False,False,
F-C1015-5-8,05/07/2011 11:08:00,C1015,PC-C1015,C:\docs\report_8.pdf,File Open,False,False,
F-C1015-5-9,05/07/2011 11:09:00,C1015,PC-C1015,C:\docs\report_9.pdf,File Open,False,False,
F-C1016-5-0,05/07/2011 11:00:00,C1016,PC-C1016,C:\docs\report_0.pdf,File Open,False,False,
F-C1016-5-1,05/07/2011 11:01:00,C1016,PC-C1016,C:\docs\report_1.pdf,File Open,False,False,
F-C1016-5-2,05/07/2011 11:02:00,C1016,PC-C1016,C:\docs\report_2.pdf,File Open,False,False,
F-C1016-5-3,05/07/2011 11:03:00,C1016,PC-C1016,C:\docs\report_3.pdf,File Open,False,False,
F-C1016-5-4,05/07/2011 11:04:00,C1016,PC-C1016,C:\docs\report_4.pdf,File Open,False,False,
F-C1016-5-5,05/07/2011 11:05:00,C1016,PC-C1016,C:\docs\report_5.pdf,File Open,False,False,
F-C1016-5-6,05/07/2011 11:06:00,C1016,PC-C1016,C:\docs\report_6.pdf,File Open,False,False,
F-C1016-5-7,05/07/2011 11:07:00,C1016,PC-C1016,C:\docs\report_7.pdf,File Open,False,False,
F-C1017-5-0,05/07/2011 11:00:00,C1017,PC-C1017,C:\docs\report_0.pdf,File Open,False,False,
F-C1017-5-1,05/07/2011 11:01:00,C1017,PC-C1017,C:\docs\report_1.pdf,File Open,False,False,
F-C1017-5-2,05/07/2011 11:02:00,C1017,PC-C1017,C:\docs\report_2.pdf,File Open,False,False,
F-C1017-5-3,05/07/2011 11:03:00,C1017,PC-C1017,C:\docs\report_3.pdf,File Open,False,False,
F-C1017-5-4,05/07/2011 11:04:00,C1017,PC-C1017,C:\docs\report_4.pdf,File Open,False,False,
F-C1017-5-5,05/07/2011 11:05:00,C1017,PC-C1017,C:\docs\report_5.pdf,File Open,False,False,
F-C1017-5-6,05/07/2011 11:06:00,C1017,PC-C1017,C:\docs\report_6.pdf,File Open,False,False,
F-C1017-5-7,05/07/2011 11:07:00,C1017,PC-C1017,C:\docs\report_7.pdf,File Open,False,False,
F-C1017-5-8,05/07/2011 11:08:00,C1017,PC-C1017,C:\docs\report_8.pdf,File Open,False,False,
F-C1018-5-0,05/07/2011 11:00:00,C1018,PC-C1018,C:\docs\report_0.pdf,File Open,False,False,
F-C1018-5-1,05/07/2011 11:01:00,C1018,PC-C1018,C:\docs\report_1.pdf,File Open,False,False,
F-C1018-5-2,05/07/2011 11:02:00,C1018,PC-C1018,C:\docs\report_2.pdf,File Open,False,False,
F-C1018-5-3,05/07/2011 11:03:00,C1018,PC-C1018,C:\docs\report_3.pdf,File Open,False,False,
F-C1018-5-4,05/07/2011 11:04:00,C1018,PC-C1018,C:\docs\report_4.pdf,File Open,False,False,
F-C1018-5-5,05/07/2011 11:05:00,C1018,PC-C1018,C:\docs\report_5.pdf,File Open,False,False,
F-C1018-5-6,05/07/2011 11:06:00,C1018,PC-C1018,C:\docs\report_6.pdf,File Open,False,False,
F-C1018-5-7,05/07/2011 11:07:00,C1018,PC-C1018,C:\docs\report_7.pdf,File Open,False,False,
F-C1018-5-8,05/07/2011 11:08:00,C1018,PC-C1018,C:\docs\report_8.pdf,File Open,False,False,
F-C1018-5-9,05/07/2011 11:09:00,C1018,PC-C1018,C:\docs\report_9.pdf,File Open,False,False,
F-C1019-5-0,05/07/2011 11:00:00,C1019,PC-C1019,C:\docs\report_0.pdf,File Open,False,False,
F-C1019-5-1,05/07/2011 11:01:00,C1019,PC-C1019,C:\docs\report_1.pdf,File Open,False,False,
F-C1019-5-2,05/07/2011 11:02:00,C1019,PC-C1019,C:\docs\report_2.pdf,File Open,False,False,
F-C1019-5-3,05/07/2011 11:03:00,C1019,PC-C1019,C:\docs\report_3.pdf,File Open,False,False,
F-C1019-5-4,05/07/2011 11:04:00,C1019,PC-C1019,C:\docs\report_4.pdf,File Open,False,False,
F-C1019-5-5,05/07/2011 11:05:00,C1019,PC-C1019,C:\docs\report_5.pdf,File Open,False,False,
F-C1019-5-6,05/07/2011 11:06:00,C1019,PC-C1019,C:\docs\report_6.pdf,File Open,False,False,
F-C1019-5-7,05/07/2011 11:07:00,C1019,PC-C1019,C:\docs\report_7.pdf,File Open,False,False,
F-C1000-6-0,05/08/2011 11:00:00,C1000,PC-C1000,C:\docs\report_0.pdf,File Open,False,False,
F-C1000-6-1,05/08/2011 11:01:00,C1000,PC-C1000,C:\docs\report_1.pdf,File Open,False,False,
F-C1000-6-2,05/08/2011 11:02:00,C1000,PC-C1000,C:\docs\report_2.pdf,File Open,False,False,
F-C1000-6-3,05/08/2011 11:03:00,C1000,PC-C1000,C:\docs\report_3.pdf,File Open,False,False,
F-C1000-6-4,05/08/2011 11:04:00,C1000,PC-C1000,C:\docs\report_4.pdf,File Open,False,False,
F-C1000-6-5,05/08/2011 11:05:00,C1000,PC-C1000,C:\docs\report_5.pdf,File Open,False,False,
F-C1000-6-6,05/08/2011 11:06:00,C1000,PC-C1000,C:\docs\report_6.pdf,File Open,False,False,
F-C1000-6-7,05/08/2011 11:07:00,C1000,PC-C1000,C:\docs\report_7.pdf,File Open,False,False,
F-C1000-6-8,05/08/2011 11:08:00,C1000,PC-C1000,C:\docs\report_8.pdf,File Open,False,False,
F-C1000-6-9,05/08/2011 11:09:00,C1000,PC-C1000,C:\docs\report_9.pdf,File Open,False,False,
F-C1000-6-10,05/08/2011 11:10:00,C1000,PC-C1000,C:\docs\report_10.pdf,File Open,False,False,
F-C1000-6-11,05/08/2011 11:11:00,C1000,PC-C1000,C:\docs\report_11.pdf,File Open,False,False,
F-C1000-6-12,05/08/2011 11:12:00,C1000,PC-C1000,C:\docs\report_12.pdf,File Open,False,False,
F-C1000-6-13,05/08/2011 11:13:00,C1000,PC-C1000,C:\docs\report_13.pdf,File Open,False,False,
F-C1000-6-14,05/08/2011 11:14:00,C1000,PC-C1000,C:\docs\report_14.pdf,File Open,False,False,
F-C1000-6-15,05/08/2011 11:15:00,C1000,PC-C1000,C:\docs\report_15.pdf,File Open,False,False,
F-C1000-6-16,05/08/2011 11:16:00,C1000,PC-C1000,C:\docs\report_16.pdf,File Open,False,False,
F-C1000-6-17,05/08/2011 11:17:00,C1000,PC-C1000,C:\docs\report_17.pdf,File Open,False,False,
F-C1001-6-0,05/08/2011 11:00:00,C1001,PC-C1001,C:\docs\report_0.pdf,File Open,False,False,
F-C1001-6-1,05/08/2011 11:01:00,C1001,PC-C1001,C:\docs\report_1.pdf,File Open,False,False,
F-C1001-6-2,05/08/2011 11:02:00,C1001,PC-C1001,C:\docs\report_2.pdf,File Open,False,False,
F-C1001-6-3,05/08/2011 11:03:00,C1001,PC-C1001,C:\docs\report_3.pdf,File Open,False,False,
F-C1001-6-4,05/08/2011 11:04:00,C1001,PC-C1001,C:\docs\report_4.pdf,File Open,False,False,
F-C1001-6-5,05/08/2011 11:05:00,C1001,PC-C1001,C:\docs\report_5.pdf,File Open,False,False,
F-C1001-6-6,05/08/2011 11:06:00,C1001,PC-C1001,C:\docs\report_6.pdf,File Open,False,False,
F-C1001-6-7,05/08/2011 11:07:00,C1001,PC-C1001,C:\docs\report_7.pdf,File Open,False,False,
F-C1001-6-8,05/08/2011 11:08:00,C1001,PC-C1001,C:\docs\report_8.pdf,File Open,False,False,
F-C1002-6-0,05/08/2011 11:00:00,C1002,PC-C1002,C:\docs\report_0.pdf,File Open,False,False,
F-C1002-6-1,05/08/2011 11:01:00,C1002,PC-C1002,C:\docs\report_1.pdf,File Open,False,False,
F-C1002-6-2,05/08/2011 11:02:00,C1002,PC-C1002,C:\docs\report_2.pdf,File Open,False,False,
F-C1002-6-3,05/08/2011 11:03:00,C1002,PC-C1002,C:\docs\report_3.pdf,File Open,False,False,
F-C1002-6-4,05/08/2011 11:04:00,C1002,PC-C1002,C:\docs\report_4.pdf,File Open,False,False,
F-C1002-6-5,05/08/2011 11:05:00,C1002,PC-C1002,C:\docs\report_5.pdf,File Open,False,False,
F-C1002-6-6,05/08/2011 11:06:00,C1002,PC-C1002,C:\docs\report_6.pdf,File Open,False,False,
F-C1002-6-7,05/08/2011 11:07:00,C1002,PC-C1002,C:\docs\report_7.pdf,File Open,False,False,
F-C1002-6-8,05/08/2011 11:08:00,C1002,PC-C1002,C:\docs\report_8.pdf,File Open,False,False,
F-C1002-6-9,05/08/2011 11:09:00,C1002,PC-C1002,C:\docs\report_9.pdf,File Open,False,False,
F-C1003-6-0,05/08/2011 11:00:00,C1003,PC-C1003,C:\docs\report_0.pdf,File Open,False,False,
F-C1003-6-1,05/08/2011 11:01:00,C1003,PC-C1003,C:\docs\report_1.pdf,File Open,False,False,
F-C1003-6-2,05/08/2011 11:02:00,C1003,PC-C1003,C:\docs\report_2.pdf,File Open,False,False,
F-C1003-6-3,05/08/2011 11:03:00,C1003,PC-C1003,C:\docs\report_3.pdf,File Open,False,False,
F-C1003-6-4,05/08/2011 11:04:00,C1003,PC-C1003,C:\docs\report_4.pdf,File Open,False,False,
F-C1003-6-5,05/08/2011 11:05:00,C1003,PC-C1003,C:\docs\report_5.pdf,File Open,False,False,
F-C1003-6-6,05/08/2011 11:06:00,C1003,PC-C1003,C:\docs\report_6.pdf,File Open,False,False,
F-C1003-6-7,05/08/2011 11:07:00,C1003,PC-C1003,C:\docs\report_7.pdf,File Open,False,False,
F-C1004-6-0,05/08/2011 11:00:00,C1004,PC-C1004,C:\docs\report_0.pdf,File Open,False,False,
F-C1004-6-1,05/08/2011 11:01:00,C1004,PC-C1004,C:\docs\report_1.pdf,File Open,False,False,
F-C1004-6-2,05/08/2011 11:02:00,C1004,PC-C1004,C:\docs\report_2.pdf,File Open,False,False,
F-C1004-6-3,05/08/2011 11:03:00,C1004,PC-C1004,C:\docs\report_3.pdf,File Open,False,False,
F-C1004-6-4,05/08/2011 11:04:00,C1004,PC-C1004,C:\docs\report_4.pdf,File Open,False,False,
F-C1004-6-5,05/08/2011 11:05:00,C1004,PC-C1004,C:\docs\report_5.pdf,File Open,False,False,
F-C1004-6-6,05/08/2011 11:06:00,C1004,PC-C1004,C:\docs\report_6.pdf,File Open,False,False,
F-C1004-6-7,05/08/2011 11:07:00,C1004,PC-C1004,C:\docs\report_7.pdf,File Open,False,False,
F-C1004-6-8,05/08/2011 11:08:00,C1004,PC-C1004,C:\docs\report_8.pdf,File Open,False,False,
F-C1005-6-0,05/08/2011 11:00:00,C1005,PC-C1005,C:\docs\report_0.pdf,File Open,False,False,
F-C1005-6-1,05/08/2011 11:01:00,C1005,PC-C1005,C:\docs\report_1.pdf,File Open,False,False,
F-C1005-6-2,05/08/2011 11:02:00,C1005,PC-C1005,C:\docs\report_2.pdf,File Open,False,False,
F-C1005-6-3,05/08/2011 11:03:00,C1005,PC-C1005,C:\docs\report_3.pdf,File Open,False,False,
F-C1005-6-4,05/08/2011 11:04:00,C1005,PC-C1005,C:\docs\report_4.pdf,File Open,False,False,
F-C1005-6-5,05/08/2011 11:05:00,C1005,PC-C1005,C:\docs\report_5.pdf,File Open,False,False,
F-C1005-6-6,05/08/2011 11:06:00,C1005,PC-C1005,C:\docs\report_6.pdf,File Open,False,False,
F-C1005-6-7,05/08/2011 11:07:00,C1005,PC-C1005,C:\docs\report_7.pdf,File Open,False,False,
F-C1005-6-8,05/08/2011 11:08:00,C1005,PC-C1005,C:\docs\report_8.pdf,File Open,False,False,
F-C1005-6-9,05/08/2011 11:09:00,C1005,PC-C1005,C:\docs\report_9.pdf,File Open,False,False,
F-C1006-6-0,05/08/2011 11:00:00,C1006,PC-C1006,C:\docs\report_0.pdf,File Open,False,False,
F-C1006-6-1,05/08/2011 11:01:00,C1006,PC-C1006,C:\docs\report_1.pdf,File Open,False,False,
F-C1006-6-2,05/08/2011 11:02:00,C1006,PC-C1006,C:\docs\report_2.pdf,File Open,False,False,
F-C1006-6-3,05/08/2011 11:03:00,C1006,PC-C1006,C:\docs\report_3.pdf,File Open,False,False,
F-C1006-6-4,05/08/2011 11:04:00,C1006,PC-C1006,C:\docs\report_4.pdf,File Open,False,False,
F-C1006-6-5,05/08/2011 11:05:00,C1006,PC-C1006,C:\docs\report_5.pdf,File Open,False,False,
F-C1006-6-6,05/08/2011 11:06:00,C1006,PC-C1006,C:\docs\report_6.pdf,File Open,False,False,
F-C1006-6-7,05/08/2011 11:07:00,C1006,PC-C1006,C:\docs\report_7.pdf,File Open,False,False,
F-C1007-6-0,05/08/2011 11:00:00,C1007,PC-C1007,C:\docs\report_0.pdf,File Open,False,False,
F-C1007-6-1,05/08/2011 11:01:00,C1007,PC-C1007,C:\docs\report_1.pdf,File Open,False,False,
F-C1007-6-2,05/08/2011 11:02:00,C1007,PC-C1007,C:\docs\report_2.pdf,File Open,False,False,
F-C1007-6-3,05/08/2011 11:03:00,C1007,PC-C1007,C:\docs\report_3.pdf,File Open,False,False,
F-C1007-6-4,05/08/2011 11:04:00,C1007,PC-C1007,C:\docs\report_4.pdf,File Open,False,False,
F-C1007-6-5,05/08/2011 11:05:00,C1007,PC-C1007,C:\docs\report_5.pdf,File Open,False,False,
F-C1007-6-6,05/08/2011 11:06:00,C1007,PC-C1007,C:\docs\report_6.pdf,File Open,False,False,
F-C1007-6-7,05/08/2011 11:07:00,C1007,PC-C1007,C:\docs\report_7.pdf,File Open,False,False,
F-C1007-6-8,05/08/2011 11:08:00,C1007,PC-C1007,C:\docs\report_8.pdf,File Open,False,False,
F-C1008-6-0,05/08/2011 11:00:00,C1008,PC-C1008,C:\docs\report_0.pdf,File Open,False,False,
F-C1008-6-1,05/08/2011 11:01:00,C1008,PC-C1008,C:\docs\report_1.pdf,File Open,False,False,
F-C1008-6-2,05/08/2011 11:02:00,C1008,PC-C1008,C:\docs\report_2.pdf,File Open,False,False,
F-C1008-6-3,05/08/2011 11:03:00,C1008,PC-C1008,C:\docs\report_3.pdf,File Open,False,False,
F-C1008-6-4,05/08/2011 11:04:00,C1008,PC-C1008,C:\docs\report_4.pdf,File Open,False,False,
F-C1008-6-5,05/08/2011 11:05:00,C1008,PC-C1008,C:\docs\report_5.pdf,File Open,False,False,
F-C1008-6-6,05/08/2011 11:06:00,C1008,PC-C1008,C:\docs\report_6.pdf,File Open,False,False,
F-C1008-6-7,05/08/2011 11:07:00,C1008,PC-C1008,C:\docs\report_7.pdf,File Open,False,False,
F-C1008-6-8,05/08/2011 11:08:00,C1008,PC-C1008,C:\docs\report_8.pdf,File Open,False,False,
F-C1008-6-9,05/08/2011 11:09:00,C1008,PC-C1008,C:\docs\report_9.pdf,File Open,False,False,
F-C1009-6-0,05/08/2011 11:00:00,C1009,PC-C1009,C:\docs\report_0.pdf,File Open,False,False,
F-C1009-6-1,05/08/2011 11:01:00,C1009,PC-C1009,C:\docs\report_1.pdf,File Open,False,False,
F-C1009-6-2,05/08/2011 11:02:00,C1009,PC-C1009,C:\docs\report_2.pdf,File Open,False,False,
F-C1009-6-3,05/08/2011 11:03:00,C1009,PC-C1009,C:\docs\report_3.pdf,File Open,False,False,
F-C1009-6-4,05/08/2011 11:04:00,C1009,PC-C1009,C:\docs\report_4.pdf,File Open,False,False,
F-C1009-6-5,05/08/2011 11:05:00,C1009,PC-C1009,C:\docs\report_5.pdf,File Open,False,False,
F-C1009-6-6,05/08/2011 11:06:00,C1009,PC-C1009,C:\docs\report_6.pdf,File Open,False,False,
F-C1009-6-7,05/08/2011 11:07:00,C1009,PC-C1009,C:\docs\report_7.pdf,File Open,False,False,
F-C1010-6-0,05/08/2011 11:00:00,C1010,PC-C1010,C:\docs\report_0.pdf,File Open,False,False,
F-C1010-6-1,05/08/2011 11:01:00,C1010,PC-C1010,C:\docs\report_1.pdf,File Open,False,False,
F-C1010-6-2,05/08/2011 11:02:00,C1010,PC-C1010,C:\docs\report_2.pdf,File Open,False,False,
F-C1010-6-3,05/08/2011 11:03:00,C1010,PC-C1010,C:\docs\report_3.pdf,File Open,False,False,
F-C1010-6-4,05/08/2011 11:04:00,C1010,PC-C1010,C:\docs\report_4.pdf,File Open,False,False,
F-C1010-6-5,05/08/2011 11:05:00,C1010,PC-C1010,C:\docs\report_5.pdf,File Open,False,False,
F-C1010-6-6,05/08/2011 11:06:00,C1010,PC-C1010,C:\docs\report_6.pdf,File Open,False,False,
F-C1010-6-7,05/08/2011 11:07:00,C1010,PC-C1010,C:\docs\report_7.pdf,File Open,False,False,
F-C1010-6-8,05/08/2011 11:08:00,C1010,PC-C1010,C:\docs\report_8.pdf,File Open,False,False,
F-C1011-6-0,05/08/2011 11:00:00,C1011,PC-C1011,C:\docs\report_0.pdf,File Open,False,False,
F-C1011-6-1,05/08/2011 11:01:00,C1011,PC-C1011,C:\docs\report_1.pdf,File Open,False,False,
F-C1011-6-2,05/08/2011 11:02:00,C1011,PC-C1011,C:\docs\report_2.pdf,File Open,False,False,
F-C1011-6-3,05/08/2011 11:03:00,C1011,PC-C1011,C:\docs\report_3.pdf,File Open,False,False,
F-C1011-6-4,05/08/2011 11:04:00,C1011,PC-C1011,C:\docs\report_4.pdf,File Open,False,False,
F-C1011-6-5,05/08/2011 11:05:00,C1011,PC-C1011,C:\docs\report_5.pdf,File Open,False,False,
F-C1011-6-6,05/08/2011 11:06:00,C1011,PC-C1011,C:\docs\report_6.pdf,File Open,False,False,
F-C1011-6-7,05/08/2011 11:07:00,C1011,PC-C1011,C:\docs\report_7.pdf,File Open,False,False,
F-C1011-6-8,05/08/2011 11:08:00,C1011,PC-C1011,C:\docs\report_8.pdf,File Open,False,False,
F-C1011-6-9,05/08/2011 11:09:00,C1011,PC-C1011,C:\docs\report_9.pdf,File Open,False,False,
F-C1012-6-0,05/08/2011 11:00:00,C1012,PC-C1012,C:\docs\report_0.pdf,File Open,False,False,
F-C1012-6-1,05/08/2011 11:01:00,C1012,PC-C1012,C:\docs\report_1.pdf,File Open,False,False,
F-C1012-6-2,05/08/2011 11:02:00,C1012,PC-C1012,C:\docs\report_2.pdf,File Open,False,False,
F-C1012-6-3,05/08/2011 11:03:00,C1012,PC-C1012,C:\docs\report_3.pdf,File Open,False,False,
F-C1012-6-4,05/08/2011 11:04:00,C1012,PC-C1012,C:\docs\report_4.pdf,File Open,False,False,
F-C1012-6-5,05/08/2011 11:05:00,C1012,PC-C1012,C:\docs\report_5.pdf,File Open,False,False,
F-C1012-6-6,05/08/2011 11:06:00,C1012,PC-C1012,C:\docs\report_6.pdf,File Open,False,False,
F-C1012-6-7,05/08/2011 11:07:00,C1012,PC-C1012,C:\docs\report_7.pdf,File Open,False,False,
F-C1013-6-0,05/08/2011 11:00:00,C1013,PC-C1013,C:\docs\report_0.pdf,File Open,False,False,
F-C1013-6-1,05/08/2011 11:01:00,C1013,PC-C1013,C:\docs\report_1.pdf,File Open,False,False,
F-C1013-6-2,05/08/2011 11:02:00,C1013,PC-C1013,C:\docs\report_2.pdf,File Open,False,False,
F-C1013-6-3,05/08/2011 11:03:00,C1013,PC-C1013,C:\docs\report_3.pdf,File Open,False,False,
F-C1013-6-4,05/08/2011 11:04:00,C1013,PC-C1013,C:\docs\report_4.pdf,File Open,False,False,
F-C1013-6-5,05/08/2011 11:05:00,C1013,PC-C1013,C:\docs\report_5.pdf,File Open,False,False,
F-C1013-6-6,05/08/2011 11:06:00,C1013,PC-C1013,C:\docs\report_6.pdf,File Open,False,False,
F-C1013-6-7,05/08/2011 11:07:00,C1013,PC-C1013,C:\docs\report_7.pdf,File Open,False,False,
F-C1013-6-8,05/08/2011 11:08:00,C1013,PC-C1013,C:\docs\report_8.pdf,File Open,False,False,
F-C1014-6-0,05/08/2011 11:00:00,C1014,PC-C1014,C:\docs\report_0.pdf,File Open,False,False,
F-C1014-6-1,05/08/2011 11:01:00,C1014,PC-C1014,C:\docs\report_1.pdf,File Open,False,False,
F-C1014-6-2,05/08/2011 11:02:00,C1014,PC-C1014,C:\docs\report_2.pdf,File Open,False,False,
F-C1014-6-3,05/08/2011 11:03:00,C1014,PC-C1014,C:\docs\report_3.pdf,File Open,False,False,
F-C1014-6-4,05/08/2011 11:04:00,C1014,PC-C1014,C:\docs\report_4.pdf,File Open,False,False,
F-C1014-6-5,05/08/2011 11:05:00,C1014,PC-C1014,C:\docs\report_5.pdf,File Open,False,False,
F-C1014-6-6,05/08/2011 11:06:00,C1014,PC-C1014,C:\docs\report_6.pdf,File Open,False,False,
F-C1014-6-7,05/08/2011 11:07:00,C1014,PC-C1014,C:\docs\report_7.pdf,File Open,False,False,
F-C1014-6-8,05/08/2011 11:08:00,C1014,PC-C1014,C:\docs\report_8.pdf,File Open,False,False,
F-C1014-6-9,05/08/2011 11:09:00,C1014,PC-C1014,C:\docs\report_9.pdf,File Open,False,False,
F-C1015-6-0,05/08/2011 11:00:00,C1015,PC-C1015,C:\docs\report_0.pdf,File Open,False,False,
F-C1015-6-1,05/08/2011 11:01:00,C1015,PC-C1015,C:\docs\report_1.pdf,File Open,False,False,
F-C1015-6-2,05/08/2011 11:02:00,C1015,PC-C1015,C:\docs\report_2.pdf,File Open,False,False,
F-C1015-6-3,05/08/2011 11:03:00,C1015,PC-C1015,C:\docs\report_3.pdf,File Open,False,False,
F-C1015-6-4,05/08/2011 11:04:00,C1015,PC-C1015,C:\docs\report_4.pdf,File Open,False,False,
F-C1015-6-5,05/08/2011 11:05:00,C1015,PC-C1015,C:\docs\report_5.pdf,File Open,False,False,
F-C1015-6-6,05/08/2011 11:06:00,C1015,PC-C1015,C:\docs\report_6.pdf,File Open,False,False,
F-C1015-6-7,05/08/2011 11:07:00,C1015,PC-C1015,C:\docs\report_7.pdf,File Open,False,False,
F-C1016-6-0,05/08/2011 11:00:00,C1016,PC-C1016,C:\docs\report_0.pdf,File Open,False,False,
F-C1016-6-1,05/08/2011 11:01:00,C1016,PC-C1016,C:\docs\report_1.pdf,File Open,False,False,
F-C1016-6-2,05/08/2011 11:02:00,C1016,PC-C1016,C:\docs\report_2.pdf,File Open,False,False,
F-C1016-6-3,05/08/2011 11:03:00,C1016,PC-C1016,C:\docs\report_3.pdf,File Open,False,False,
F-C1016-6-4,05/08/2011 11:04:00,C1016,PC-C1016,C:\docs\report_4.pdf,File Open,False,False,
F-C1016-6-5,05/08/2011 11:05:00,C1016,PC-C1016,C:\docs\report_5.pdf,File Open,False,False,
F-C1016-6-6,05/08/2011 11:06:00,C1016,PC-C1016,C:\docs\report_6.pdf,File Open,False,False,
F-C1016-6-7,05/08/2011 11:07:00,C1016,PC-C1016,C:\docs\report_7.pdf,File Open,False,False,
F-C1016-6-8,05/08/2011 11:08:00,C1016,PC-C1016,C:\docs\report_8.pdf,File Open,False,False,
F-C1017-6-0,05/08/2011 11:00:00,C1017,PC-C1017,C:\docs\report_0.pdf,File Open,False,False,
F-C1017-6-1,05/08/2011 11:01:00,C1017,PC-C1017,C:\docs\report_1.pdf,File Open,False,False,
F-C1017-6-2,05/08/2011 11:02:00,C1017,PC-C1017,C:\docs\report_2.pdf,File Open,False,False,
F-C1017-6-3,05/08/2011 11:03:00,C1017,PC-C1017,C:\docs\report_3.pdf,File Open,False,False,
F-C1017-6-4,05/08/2011 11:04:00,C1017,PC-C1017,C:\docs\report_4.pdf,File Open,False,False,
F-C1017-6-5,05/08/2011 11:05:00,C1017,PC-C1017,C:\docs\report_5.pdf,File Open,False,False,
F-C1017-6-6,05/08/2011 11:06:00,C1017,PC-C1017,C:\docs\report_6.pdf,File Open,False,False,
F-C1017-6-7,05/08/2011 11:07:00,C1017,PC-C1017,C:\docs\report_7.pdf,File Open,False,False,
F-C1017-6-8,05/08/2011 11:08:00,C1017,PC-C1017,C:\docs\report_8.pdf,File Open,False,False,
F-C1017-6-9,05/08/2011 11:09:00,C1017,PC-C1017,C:\docs\report_9.pdf,File Open,False,False,
F-C1018-6-0,05/08/2011 11:00:00,C1018,PC-C1018,C:\docs\report_0.pdf,File Open,False,False,
F-C1018-6-1,05/08/2011 11:01:00,C1018,PC-C1018,C:\docs\report_1.pdf,File Open,False,False,
F-C1018-6-2,05/08/2011 11:02:00,C1018,PC-C1018,C:\docs\report_2.pdf,File Open,False,False,
F-C1018-6-3,05/08/2011 11:03:00,C1018,PC-C1018,C:\docs\report_3.pdf,File Open,False,False,
F-C1018-6-4,05/08/2011 11:04:00,C1018,PC-C1018,C:\docs\report_4.pdf,File Open,False,False,
F-C1018-6-5,05/08/2011 11:05:00,C1018,PC-C1018,C:\docs\report_5.pdf,File Open,False,False,
F-C1018-6-6,05/08/2011 11:06:00,C1018,PC-C1018,C:\docs\report_6.pdf,File Open,False,False,
F-C1018-6-7,05/08/2011 11:07:00,C1018,PC-C1018,C:\docs\report_7.pdf,File Open,False,False,
F-C1019-6-0,05/08/2011 11:00:00,C1019,PC-C1019,C:\docs\report_0.pdf,File Open,False,False,
F-C1019-6-1,05/08/2011 11:01:00,C1019,PC-C1019,C:\docs\report_1.pdf,File Open,False,False,
F-C1019-6-2,05/08/2011 11:02:00,C1019,PC-C1019,C:\docs\report_2.pdf,File Open,False,False,
F-C1019-6-3,05/08/2011 11:03:00,C1019,PC-C1019,C:\docs\report_3.pdf,File Open,False,False,
F-C1019-6-4,05/08/2011 11:04:00,C1019,PC-C1019,C:\docs\report_4.pdf,File Open,False,False,
F-C1019-6-5,05/08/2011 11:05:00,C1019,PC-C1019,C:\docs\report_5.pdf,File Open,False,False,
F-C1019-6-6,05/08/2011 11:06:00,C1019,PC-C1019,C:\docs\report_6.pdf,File Open,False,False,
F-C1019-6-7,05/08/2011 11:07:00,C1019,PC-C1019,C:\docs\report_7.pdf,File Open,False,False,
F-C1019-6-8,05/08/2011 11:08:00,C1019,PC-C1019,C:\docs\report_8.pdf,File Open,False,False,
F-C1000-7-0,05/09/2011 11:00:00,C1000,PC-C1000,C:\docs\report_0.pdf,File Open,False,False,
F-C1000-7-1,05/09/2011 11:01:00,C1000,PC-C1000,C:\docs\report_1.pdf,File Open,False,False,
F-C1000-7-2,05/09/2011 11:02:00,C1000,PC-C1000,C:\docs\report_2.pdf,File Open,False,False,
F-C1000-7-3,05/09/2011 11:03:00,C1000,PC-C1000,C:\docs\report_3.pdf,File Open,False,False,
F-C1000-7-4,05/09/2011 11:04:00,C1000,PC-C1000,C:\docs\report_4.pdf,File Open,False,False,
F-C1000-7-5,05/09/2011 11:05:00,C1000,PC-C1000,C:\docs\report_5.pdf,File Open,False,False,
F-C1000-7-6,05/09/2011 11:06:00,C1000,PC-C1000,C:\docs\report_6.pdf,File Open,False,False,
F-C1000-7-7,05/09/2011 11:07:00,C1000,PC-C1000,C:\docs\report_7.pdf,File Open,False,False,
F-C1000-7-8,05/09/2011 11:08:00,C1000,PC-C1000,C:\docs\report_8.pdf,File Open,False,False,
F-C1000-7-9,05/09/2011 11:09:00,C1000,PC-C1000,C:\docs\report_9.pdf,File Open,False,False,
F-C1000-7-10,05/09/2011 11:10:00,C1000,PC-C1000,C:\docs\report_10.pdf,File Open,False,False,
F-C1000-7-11,05/09/2011 11:11:00,C1000,PC-C1000,C:\docs\report_11.pdf,File Open,False,False,
F-C1000-7-12,05/09/2011 11:12:00,C1000,PC-C1000,C:\docs\report_12.pdf,File Open,False,False,
F-C1000-7-13,05/09/2011 11:13:00,C1000,PC-C1000,C:\docs\report_13.pdf,File Open,False,False,
F-C1000-7-14,05/09/2011 11:14:00,C1000,PC-C1000,C:\docs\report_14.pdf,File Open,False,False,
F-C1000-7-15,05/09/2011 11:15:00,C1000,PC-C1000,C:\docs\report_15.pdf,File Open,False,False,
F-C1000-7-16,05/09/2011 11:16:00,C1000,PC-C1000,C:\docs\report_16.pdf,File Open,False,False,
F-C1000-7-17,05/09/2011 11:17:00,C1000,PC-C1000,C:\docs\report_17.pdf,File Open,False,False,
F-C1000-7-18,05/09/2011 11:18:00,C1000,PC-C1000,C:\docs\report_18.pdf,File Open,False,False,
F-C1000-7-19,05/09/2011 11:19:00,C1000,PC-C1000,C:\docs\report_19.pdf,File Open,False,False,
F-C1001-7-0,05/09/2011 11:00:00,C1001,PC-C1001,C:\docs\report_0.pdf,File Open,False,False,
F-C1001-7-1,05/09/2011 11:01:00,C1001,PC-C1001,C:\docs\report_1.pdf,File Open,False,False,
F-C1001-7-2,05/09/2011 11:02:00,C1001,PC-C1001,C:\docs\report_2.pdf,File Open,False,False,
F-C1001-7-3,05/09/2011 11:03:00,C1001,PC-C1001,C:\docs\report_3.pdf,File Open,False,False,
F-C1001-7-4,05/09/2011 11:04:00,C1001,PC-C1001,C:\docs\report_4.pdf,File Open,False,False,
F-C1001-7-5,05/09/2011 11:05:00,C1001,PC-C1001,C:\docs\report_5.pdf,File Open,False,False,
F-C1001-7-6,05/09/2011 11:06:00,C1001,PC-C1001,C:\docs\report_6.pdf,File Open,False,False,
F-C1001-7-7,05/09/2011 11:07:00,C1001,PC-C1001,C:\docs\report_7.pdf,File Open,False,False,
F-C1001-7-8,05/09/2011 11:08:00,C1001,PC-C1001,C:\docs\report_8.pdf,File Open,False,False,
F-C1001-7-9,05/09/2011 11:09:00,C1001,PC-C1001,C:\docs\report_9.pdf,File Open,False,False,
F-C1002-7-0,05/09/2011 11:00:00,C1002,PC-C1002,C:\docs\report_0.pdf,File Open,False,False,
F-C1002-7-1,05/09/2011 11:01:00,C1002,PC-C1002,C:\docs\report_1.pdf,File Open,False,False,
F-C1002-7-2,05/09/2011 11:02:00,C1002,PC-C1002,C:\docs\report_2.pdf,File Open,False,False,
F-C1002-7-3,05/09/2011 11:03:00,C1002,PC-C1002,C:\docs\report_3.pdf,File Open,False,False,
F-C1002-7-4,05/09/2011 11:04:00,C1002,PC-C1002,C:\docs\report_4.pdf,File Open,False,False,
F-C1002-7-5,05/09/2011 11:05:00,C1002,PC-C1002,C:\docs\report_5.pdf,File Open,False,False,
F-C1002-7-6,05/09/2011 11:06:00,C1002,PC-C1002,C:\docs\report_6.pdf,File Open,False,False,
F-C1002-7-7,05/09/2011 11:07:00,C1002,PC-C1002,C:\docs\report_7.pdf,File Open,False,False,
F-C1003-7-0,05/09/2011 11:00:00,C1003,PC-C1003,C:\docs\report_0.pdf,File Open,False,False,
F-C1003-7-1,05/09/2011 11:01:00,C1003,PC-C1003,C:\docs\report_1.pdf,File Open,False,False,
F-C1003-7-2,05/09/2011 11:02:00,C1003,PC-C1003,C:\docs\report_2.pdf,File Open,False,False,
F-C1003-7-3,05/09/2011 11:03:00,C1003,PC-C1003,C:\docs\report_3.pdf,File Open,False,False,
F-C1003-7-4,05/09/2011 11:04:00,C1003,PC-C1003,C:\docs\report_4.pdf,File Open,False,False,
F-C1003-7-5,05/09/2011 11:05:00,C1003,PC-C1003,C:\docs\report_5.pdf,File Open,False,False,
F-C1003-7-6,05/09/2011 11:06:00,C1003,PC-C1003,C:\docs\report_6.pdf,File Open,False,False,
F-C1003-7-7,05/09/2011 11:07:00,C1003,PC-C1003,C:\docs\report_7.pdf,File Open,False,False,
F-C1003-7-8,05/09/2011 11:08:00,C1003,PC-C1003,C:\docs\report_8.pdf,File Open,False,False,
F-C1004-7-0,05/09/2011 11:00:00,C1004,PC-C1004,C:\docs\report_0.pdf,File Open,False,False,
F-C1004-7-1,05/09/2011 11:01:00,C1004,PC-C1004,C:\docs\report_1.pdf,File Open,False,False,
F-C1004-7-2,05/09/2011 11:02:00,C1004,PC-C1004,C:\docs\report_2.pdf,File Open,False,False,
F-C1004-7-3,05/09/2011 11:03:00,C1004,PC-C1004,C:\docs\report_3.pdf,File Open,False,False,
F-C1004-7-4,05/09/2011 11:04:00,C1004,PC-C1004,C:\docs\report_4.pdf,File Open,False,False,
F-C1004-7-5,05/09/2011 11:05:00,C1004,PC-C1004,C:\docs\report_5.pdf,File Open,False,False,
F-C1004-7-6,05/09/2011 11:06:00,C1004,PC-C1004,C:\docs\report_6.pdf,File Open,False,False,
F-C1004-7-7,05/09/2011 11:07:00,C1004,PC-C1004,C:\docs\report_7.pdf,File Open,False,False,
F-C1004-7-8,05/09/2011 11:08:00,C1004,PC-C1004,C:\docs\report_8.pdf,File Open,False,False,
F-C1004-7-9,05/09/2011 11:09:00,C1004,PC-C1004,C:\docs\report_9.pdf,File Open,False,False,
F-C1005-7-0,05/09/2011 11:00:00,C1005,PC-C1005,C:\docs\report_0.pdf,File Open,False,False,
F-C1005-7-1,05/09/2011 11:01:00,C1005,PC-C1005,C:\docs\report_1.pdf,File Open,False,False,
F-C1005-7-2,05/09/2011 11:02:00,C1005,PC-C1005,C:\docs\report_2.pdf,File Open,False,False,
F-C1005-7-3,05/09/2011 11:03:00,C1005,PC-C1005,C:\docs\report_3.pdf,File Open,False,False,
F-C1005-7-4,05/09/2011 11:04:00,C1005,PC-C1005,C:\docs\report_4.pdf,File Open,False,False,
F-C1005-7-5,05/09/2011 11:05:00,C1005,PC-C1005,C:\docs\report_5.pdf,File Open,False,False,
F-C1005-7-6,05/09/2011 11:06:00,C1005,PC-C1005,C:\docs\report_6.pdf,File Open,False,False,
F-C1005-7-7,05/09/2011 11:07:00,C1005,PC-C1005,C:\docs\report_7.pdf,File Open,False,False,
F-C1006-7-0,05/09/2011 11:00:00,C1006,PC-C1006,C:\docs\report_0.pdf,File Open,False,False,
F-C1006-7-1,05/09/2011 11:01:00,C1006,PC-C1006,C:\docs\report_1.pdf,File Open,False,False,
F-C1006-7-2,05/09/2011 11:02:00,C1006,PC-C1006,C:\docs\report_2.pdf,File Open,False,False,
F-C1006-7-3,05/09/2011 11:03:00,C1006,PC-C1006,C:\docs\report_3.pdf,File Open,False,False,
F-C1006-7-4,05/09/2011 11:04:00,C1006,PC-C1006,C:\docs\report_4.pdf,File Open,False,False,
F-C1006-7-5,05/09/2011 11:05:00,C1006,PC-C1006,C:\docs\report_5.pdf,File Open,False,False,
F-C1006-7-6,05/09/2011 11:06:00,C1006,PC-C1006,C:\docs\report_6.pdf,File Open,False,False,
F-C1006-7-7,05/09/2011 11:07:00,C1006,PC-C1006,C:\docs\report_7.pdf,File Open,False,False,
F-C1006-7-8,05/09/2011 11:08:00,C1006,PC-C1006,C:\docs\report_8.pdf,File Open,False,False,
F-C1007-7-0,05/09/2011 11:00:00,C1007,PC-C1007,C:\docs\report_0.pdf,File Open,False,False,
F-C1007-7-1,05/09/2011 11:01:00,C1007,PC-C1007,C:\docs\report_1.pdf,File Open,False,False,
F-C1007-7-2,05/09/2011 11:02:00,C1007,PC-C1007,C:\docs\report_2.pdf,File Open,False,False,
F-C1007-7-3,05/09/2011 11:03:00,C1007,PC-C1007,C:\docs\report_3.pdf,File Open,False,False,
F-C1007-7-4,05/09/2011 11:04:00,C1007,PC-C1007,C:\docs\report_4.pdf,File Open,False,False,
F-C1007-7-5,05/09/2011 11:05:00,C1007,PC-C1007,C:\docs\report_5.pdf,File Open,False,False,
F-C1007-7-6,05/09/2011 11:06:00,C1007,PC-C1007,C:\docs\report_6.pdf,File Open,False,False,
F-C1007-7-7,05/09/2011 11:07:00,C1007,PC-C1007,C:\docs\report_7.pdf,File Open,False,False,
F-C1007-7-8,05/09/2011 11:08:00,C1007,PC-C1007,C:\docs\report_8.pdf,File Open,False,False,
F-C1007-7-9,05/09/2011 11:09:00,C1007,PC-C1007,C:\docs\report_9.pdf,File Open,False,False,
F-C1008-7-0,05/09/2011 11:00:00,C1008,PC-C1008,C:\docs\report_0.pdf,File Open,False,False,
F-C1008-7-1,05/09/2011 11:01:00,C1008,PC-C1008,C:\docs\report_1.pdf,File Open,False,False,
F-C1008-7-2,05/09/2011 11:02:00,C1008,PC-C1008,C:\docs\report_2.pdf,File Open,False,False,
F-C1008-7-3,05/09/2011 11:03:00,C1008,PC-C1008,C:\docs\report_3.pdf,File Open,False,False,
F-C1008-7-4,05/09/2011 11:04:00,C1008,PC-C1008,C:\docs\report_4.pdf,File Open,False,False,
F-C1008-7-5,05/09/2011 11:05:00,C1008,PC-C1008,C:\docs\report_5.pdf,File Open,False,False,
F-C1008-7-6,05/09/2011 11:06:00,C1008,PC-C1008,C:\docs\report_6.pdf,File Open,False,False,
F-C1008-7-7,05/09/2011 11:07:00,C1008,PC-C1008,C:\docs\report_7.pdf,File Open,False,False,
F-C1009-7-0,05/09/2011 11:00:00,C1009,PC-C1009,C:\docs\report_0.pdf,File Open,False,False,
F-C1009-7-1,05/09/2011 11:01:00,C1009,PC-C1009,C:\docs\report_1.pdf,File Open,False,False,
F-C1009-7-2,05/09/2011 11:02:00,C1009,PC-C1009,C:\docs\report_2.pdf,File Open,False,False,
F-C1009-7-3,05/09/2011 11:03:00,C1009,PC-C1009,C:\docs\report_3.pdf,File Open,False,False,
F-C1009-7-4,05/09/2011 11:04:00,C1009,PC-C1009,C:\docs\report_4.pdf,File Open,False,False,
F-C1009-7-5,05/09/2011 11:05:00,C1009,PC-C1009,C:\docs\report_5.pdf,File Open,False,False,
F-C1009-7-6,05/09/2011 11:06:00,C1009,PC-C1009,C:\docs\report_6.pdf,File Open,False,False,
F-C1009-7-7,05/09/2011 11:07:00,C1009,PC-C1009,C:\docs\report_7.pdf,File Open,False,False,
F-C1009-7-8,05/09/2011 11:08:00,C1009,PC-C1009,C:\docs\report_8.pdf,File Open,False,False,
F-C1010-7-0,05/09/2011 11:00:00,C1010,PC-C1010,C:\docs\report_0.pdf,File Open,False,False,
F-C1010-7-1,05/09/2011 11:01:00,C1010,PC-C1010,C:\docs\report_1.pdf,File Open,False,False,
F-C1010-7-2,05/09/2011 11:02:00,C1010,PC-C1010,C:\docs\report_2.pdf,File Open,False,False,
F-C1010-7-3,05/09/2011 11:03:00,C1010,PC-C1010,C:\docs\report_3.pdf,File Open,False,False,
F-C1010-7-4,05/09/2011 11:04:00,C1010,PC-C1010,C:\docs\report_4.pdf,File Open,False,False,
F-C1010-7-5,05/09/2011 11:05:00,C1010,PC-C1010,C:\docs\report_5.pdf,File Open,False,False,
F-C1010-7-6,05/09/2011 11:06:00,C1010,PC-C1010,C:\docs\report_6.pdf,File Open,False,False,
F-C1010-7-7,05/09/2011 11:07:00,C1010,PC-C1010,C:\docs\report_7.pdf,File Open,False,False,
F-C1010-7-8,05/09/2011 11:08:00,C1010,PC-C1010,C:\docs\report_8.pdf,File Open,False,False,
F-C1010-7-9,05/09/2011 11:09:00,C1010,PC-C1010,C:\docs\report_9.pdf,File Open,False,False,
F-C1011-7-0,05/09/2011 11:00:00,C1011,PC-C1011,C:\docs\report_0.pdf,File Open,False,False,
F-C1011-7-1,05/09/2011 11:01:00,C1011,PC-C1011,C:\docs\report_1.pdf,File Open,False,False,
F-C1011-7-2,05/09/2011 11:02:00,C1011,PC-C1011,C:\docs\report_2.pdf,File Open,False,False,
F-C1011-7-3,05/09/2011 11:03:00,C1011,PC-C1011,C:\docs\report_3.pdf,File Open,False,False,
F-C1011-7-4,05/09/2011 11:04:00,C1011,PC-C1011,C:\docs\report_4.pdf,File Open,False,False,
F-C1011-7-5,05/09/2011 11:05:00,C1011,PC-C1011,C:\docs\report_5.pdf,File Open,False,False,
F-C1011-7-6,05/09/2011 11:06:00,C1011,PC-C1011,C:\docs\report_6.pdf,File Open,False,False,
F-C1011-7-7,05/09/2011 11:07:00,C1011,PC-C1011,C:\docs\report_7.pdf,File Open,False,False,
F-C1012-7-0,05/09/2011 11:00:00,C1012,PC-C1012,C:\docs\report_0.pdf,File Open,False,False,
F-C1012-7-1,05/09/2011 11:01:00,C1012,PC-C1012,C:\docs\report_1.pdf,File Open,False,False,
F-C1012-7-2,05/09/2011 11:02:00,C1012,PC-C1012,C:\docs\report_2.pdf,File Open,False,False,
F-C1012-7-3,05/09/2011 11:03:00,C1012,PC-C1012,C:\docs\report_3.pdf,File Open,False,False,
F-C1012-7-4,05/09/2011 11:04:00,C1012,PC-C1012,C:\docs\report_4.pdf,File Open,False,False,
F-C1012-7-5,05/09/2011 11:05:00,C1012,PC-C1012,C:\docs\report_5.pdf,File Open,False,False,
F-C1012-7-6,05/09/2011 11:06:00,C1012,PC-C1012,C:\docs\report_6.pdf,File Open,False,False,
F-C1012-7-7,05/09/2011 11:07:00,C1012,PC-C1012,C:\docs\report_7.pdf,File Open,False,False,
F-C1012-7-8,05/09/2011 11:08:00,C1012,PC-C1012,C:\docs\report_8.pdf,File Open,False,False,
F-C1013-7-0,05/09/2011 11:00:00,C1013,PC-C1013,C:\docs\report_0.pdf,File Open,False,False,
F-C1013-7-1,05/09/2011 11:01:00,C1013,PC-C1013,C:\docs\report_1.pdf,File Open,False,False,
F-C1013-7-2,05/09/2011 11:02:00,C1013,PC-C1013,C:\docs\report_2.pdf,File Open,False,False,
F-C1013-7-3,05/09/2011 11:03:00,C1013,PC-C1013,C:\docs\report_3.pdf,File Open,False,False,
F-C1013-7-4,05/09/2011 11:04:00,C1013,PC-C1013,C:\docs\report_4.pdf,File Open,False,False,
F-C1013-7-5,05/09/2011 11:05:00,C1013,PC-C1013,C:\docs\report_5.pdf,File Open,False,False,
F-C1013-7-6,05/09/2011 11:06:00,C1013,PC-C1013,C:\docs\report_6.pdf,File Open,False,False,
F-C1013-7-7,05/09/2011 11:07:00,C1013,PC-C1013,C:\docs\report_7.pdf,File Open,False,False,
F-C1013-7-8,05/09/2011 11:08:00,C1013,PC-C1013,C:\docs\report_8.pdf,File Open,False,False,
F-C1013-7-9,05/09/2011 11:09:00,C1013,PC-C1013,C:\docs\report_9.pdf,File Open,False,False,
F-C1014-7-0,05/09/2011 11:00:00,C1014,PC-C1014,C:\docs\report_0.pdf,File Open,False,False,
F-C1014-7-1,05/09/2011 11:01:00,C1014,PC-C1014,C:\docs\report_1.pdf,File Open,False,False,
F-C1014-7-2,05/09/2011 11:02:00,C1014,PC-C1014,C:\docs\report_2.pdf,File Open,False,False,
F-C1014-7-3,05/09/2011 11:03:00,C1014,PC-C1014,C:\docs\report_3.pdf,File Open,False,False,
F-C1014-7-4,05/09/2011 11:04:00,C1014,PC-C1014,C:\docs\report_4.pdf,File Open,False,False,
F-C1014-7-5,05/09/2011 11:05:00,C1014,PC-C1014,C:\docs\report_5.pdf,File Open,False,False,
F-C1014-7-6,05/09/2011 11:06:00,C1014,PC-C1014,C:\docs\report_6.pdf,File Open,False,False,
F-C1014-7-7,05/09/2011 11:07:00,C1014,PC-C1014,C:\docs\report_7.pdf,File Open,False,False,
F-C1015-7-0,05/09/2011 11:00:00,C1015,PC-C1015,C:\docs\report_0.pdf,File Open,False,False,
F-C1015-7-1,05/09/2011 11:01:00,C1015,PC-C1015,C:\docs\report_1.pdf,File Open,False,False,
F-C1015-7-2,05/09/2011 11:02:00,C1015,PC-C1015,C:\docs\report_2.pdf,File Open,False,False,
F-C1015-7-3,05/09/2011 11:03:00,C1015,PC-C1015,C:\docs\report_3.pdf,File Open,False,False,
F-C1015-7-4,05/09/2011 11:04:00,C1015,PC-C1015,C:\docs\report_4.pdf,File Open,False,False,
F-C1015-7-5,05/09/2011 11:05:00,C1015,PC-C1015,C:\docs\report_5.pdf,File Open,False,False,
F-C1015-7-6,05/09/2011 11:06:00,C1015,PC-C1015,C:\docs\report_6.pdf,File Open,False,False,
F-C1015-7-7,05/09/2011 11:07:00,C1015,PC-C1015,C:\docs\report_7.pdf,File Open,False,False,
F-C1015-7-8,05/09/2011 11:08:00,C1015,PC-C1015,C:\docs\report_8.pdf,File Open,False,False,
F-C1016-7-0,05/09/2011 11:00:00,C1016,PC-C1016,C:\docs\report_0.pdf,File Open,False,False,
F-C1016-7-1,05/09/2011 11:01:00,C1016,PC-C1016,C:\docs\report_1.pdf,File Open,False,False,
F-C1016-7-2,05/09/2011 11:02:00,C1016,PC-C1016,C:\docs\report_2.pdf,File Open,False,False,
F-C1016-7-3,05/09/2011 11:03:00,C1016,PC-C1016,C:\docs\report_3.pdf,File Open,False,False,
F-C1016-7-4,05/09/2011 11:04:00,C1016,PC-C1016,C:\docs\report_4.pdf,File Open,False,False,
F-C1016-7-5,05/09/2011 11:05:00,C1016,PC-C1016,C:\docs\report_5.pdf,File Open,False,False,
F-C1016-7-6,05/09/2011 11:06:00,C1016,PC-C1016,C:\docs\report_6.pdf,File Open,False,False,
F-C1016-7-7,05/09/2011 11:07:00,C1016,PC-C1016,C:\docs\report_7.pdf,File Open,False,False,
F-C1016-7-8,05/09/2011 11:08:00,C1016,PC-C1016,C:\docs\report_8.pdf,File Open,False,False,
F-C1016-7-9,05/09/2011 11:09:00,C1016,PC-C1016,C:\docs\report_9.pdf,File Open,False,False,
F-C1017-7-0,05/09/2011 11:00:00,C1017,PC-C1017,C:\docs\report_0.pdf,File Open,False,False,
F-C1017-7-1,05/09/2011 11:01:00,C1017,PC-C1017,C:\docs\report_1.pdf,File Open,False,False,
F-C1017-7-2,05/09/2011 11:02:00,C1017,PC-C1017,C:\docs\report_2.pdf,File Open,False,False,
F-C1017-7-3,05/09/2011 11:03:00,C1017,PC-C1017,C:\docs\report_3.pdf,File Open,False,False,
F-C1017-7-4,05/09/2011 11:04:00,C1017,PC-C1017,C:\docs\report_4.pdf,File Open,False,False,
F-C1017-7-5,05/09/2011 11:05:00,C1017,PC-C1017,C:\docs\report_5.pdf,File Open,False,False,
F-C1017-7-6,05/09/2011 11:06:00,C1017,PC-C1017,C:\docs\report_6.pdf,File Open,False,False,
F-C1017-7-7,05/09/2011 11:07:00,C1017,PC-C1017,C:\docs\report_7.pdf,File Open,False,False,
F-C1018-7-0,05/09/2011 11:00:00,C1018,PC-C1018,C:\docs\report_0.pdf,File Open,False,False,
F-C1018-7-1,05/09/2011 11:01:00,C1018,PC-C1018,C:\docs\report_1.pdf,File Open,False,False,
F-C1018-7-2,05/09/2011 11:02:00,C1018,PC-C1018,C:\docs\report_2.pdf,File Open,False,False,
F-C1018-7-3,05/09/2011 11:03:00,C1018,PC-C1018,C:\docs\report_3.pdf,File Open,False,False,
F-C1018-7-4,05/09/2011 11:04:00,C1018,PC-C1018,C:\docs\report_4.pdf,File Open,False,False,
F-C1018-7-5,05/09/2011 11:05:00,C1018,PC-C1018,C:\docs\report_5.pdf,File Open,False,False,
F-C1018-7-6,05/09/2011 11:06:00,C1018,PC-C1018,C:\docs\report_6.pdf,File Open,False,False,
F-C1018-7-7,05/09/2011 11:07:00,C1018,PC-C1018,C:\docs\report_7.pdf,File Open,False,False,
F-C1018-7-8,05/09/2011 11:08:00,C1018,PC-C1018,C:\docs\report_8.pdf,File Open,False,False,
F-C1019-7-0,05/09/2011 11:00:00,C1019,PC-C1019,C:\docs\report_0.pdf,File Open,False,False,
F-C1019-7-1,05/09/2011 11:01:00,C1019,PC-C1019,C:\docs\report_1.pdf,File Open,False,False,
F-C1019-7-2,05/09/2011 11:02:00,C1019,PC-C1019,C:\docs\report_2.pdf,File Open,False,False,
F-C1019-7-3,05/09/2011 11:03:00,C1019,PC-C1019,C:\docs\report_3.pdf,File Open,False,False,
F-C1019-7-4,05/09/2011 11:04:00,C1019,PC-C1019,C:\docs\report_4.pdf,File Open,False,False,
F-C1019-7-5,05/09/2011 11:05:00,C1019,PC-C1019,C:\docs\report_5.pdf,File Open,False,False,
F-C1019-7-6,05/09/2011 11:06:00,C1019,PC-C1019,C:\docs\report_6.pdf,File Open,False,False,
F-C1019-7-7,05/09/2011 11:07:00,C1019,PC-C1019,C:\docs\report_7.pdf,File Open,False,False,
F-C1019-7-8,05/09/2011 11:08:00,C1019,PC-C1019,C:\docs\report_8.pdf,File Open,False,False,
F-C1019-7-9,05/09/2011 11:09:00,C1019,PC-C1019,C:\docs\report_9.pdf,File Open,False,False,
F-C1000-8-0,05/10/2011 11:00:00,C1000,PC-C1000,C:\docs\report_0.pdf,File Open,False,False,
F-C1000-8-1,05/10/2011 11:01:00,C1000,PC-C1000,C:\docs\report_1.pdf,File Open,False,False,
F-C1000-8-2,05/10/2011 11:02:00,C1000,PC-C1000,C:\docs\report_2.pdf,File Open,False,False,
F-C1000-8-3,05/10/2011 11:03:00,C1000,PC-C1000,C:\docs\report_3.pdf,File Open,False,False,
F-C1000-8-4,05/10/2011 11:04:00,C1000,PC-C1000,C:\docs\report_4.pdf,File Open,False,False,
F-C1000-8-5,05/10/2011 11:05:00,C1000,PC-C1000,C:\docs\report_5.pdf,File Open,False,False,
F-C1000-8-6,05/10/2011 11:06:00,C1000,PC-C1000,C:\docs\report_6.pdf,File Open,False,False,
F-C1000-8-7,05/10/2011 11:07:00,C1000,PC-C1000,C:\docs\report_7.pdf,File Open,False,False,
F-C1000-8-8,05/10/2011 11:08:00,C1000,PC-C1000,C:\docs\report_8.pdf,File Open,False,False,
F-C1000-8-9,05/10/2011 11:09:00,C1000,PC-C1000,C:\docs\report_9.pdf,File Open,False,False,
F-C1000-8-10,05/10/2011 11:10:00,C1000,PC-C1000,C:\docs\report_10.pdf,File Open,False,False,
F-C1000-8-11,05/10/2011 11:11:00,C1000,PC-C1000,C:\docs\report_11.pdf,File Open,False,False,
F-C1000-8-12,05/10/2011 11:12:00,C1000,PC-C1000,C:\docs\report_12.pdf,File Open,False,False,
F-C1000-8-13,05/10/2011 11:13:00,C1000,PC-C1000,C:\docs\report_13.pdf,File Open,False,False,
F-C1000-8-14,05/10/2011 11:14:00,C1000,PC-C1000,C:\docs\report_14.pdf,File Open,False,False,
F-C1000-8-15,05/10/2011 11:15:00,C1000,PC-C1000,C:\docs\report_15.pdf,File Open,False,False,
F-C1000-8-16,05/10/2011 11:16:00,C1000,PC-C1000,C:\docs\report_16.pdf,File Open,False,False,
F-C1000-8-17,05/10/2011 11:17:00,C1000,PC-C1000,C:\docs\report_17.pdf,File Open,False,False,
F-C1000-8-18,05/10/2011 11:18:00,C1000,PC-C1000,C:\docs\report_18.pdf,File Open,False,False,
F-C1000-8-19,05/10/2011 11:19:00,C1000,PC-C1000,C:\docs\report_19.pdf,File Open,False,False,
F-C1000-8-20,05/10/2011 11:20:00,C1000,PC-C1000,C:\docs\report_20.pdf,File Open,False,False,
F-C1000-8-21,05/10/2011 11:21:00,C1000,PC-C1000,C:\docs\report_21.pdf,File Open,False,False,
F-C1001-8-0,05/10/2011 11:00:00,C1001,PC-C1001,C:\docs\report_0.pdf,File Open,False,False,
F-C1001-8-1,05/10/2011 11:01:00,C1001,PC-C1001,C:\docs\report_1.pdf,File Open,False,False,
F-C1001-8-2,05/10/2011 11:02:00,C1001,PC-C1001,C:\docs\report_2.pdf,File Open,False,False,
F-C1001-8-3,05/10/2011 11:03:00,C1001,PC-C1001,C:\docs\report_3.pdf,File Open,False,False,
F-C1001-8-4,05/10/2011 11:04:00,C1001,PC-C1001,C:\docs\report_4.pdf,File Open,False,False,
F-C1001-8-5,05/10/2011 11:05:00,C1001,PC-C1001,C:\docs\report_5.pdf,File Open,False,False,
F-C1001-8-6,05/10/2011 11:06:00,C1001,PC-C1001,C:\docs\report_6.pdf,File Open,False,False,
F-C1001-8-7,05/10/2011 11:07:00,C1001,PC-C1001,C:\docs\report_7.pdf,File Open,False,False,
F-C1002-8-0,05/10/2011 11:00:00,C1002,PC-C1002,C:\docs\report_0.pdf,File Open,False,False,
F-C1002-8-1,05/10/2011 11:01:00,C1002,PC-C1002,C:\docs\report_1.pdf,File Open,False,False,
F-C1002-8-2,05/10/2011 11:02:00,C1002,PC-C1002,C:\docs\report_2.pdf,File Open,False,False,
F-C1002-8-3,05/10/2011 11:03:00,C1002,PC-C1002,C:\docs\report_3.pdf,File Open,False,False,
F-C1002-8-4,05/10/2011 11:04:00,C1002,PC-C1002,C:\docs\report_4.pdf,File Open,False,False,
F-C1002-8-5,05/10/2011 11:05:00,C1002,PC-C1002,C:\docs\report_5.pdf,File Open,False,False,
F-C1002-8-6,05/10/2011 11:06:00,C1002,PC-C1002,C:\docs\report_6.pdf,File Open,False,False,
F-C1002-8-7,05/10/2011 11:07:00,C1002,PC-C1002,C:\docs\report_7.pdf,File Open,False,False,
F-C1002-8-8,05/10/2011 11:08:00,C1002,PC-C1002,C:\docs\report_8.pdf,File Open,False,False,
F-C1003-8-0,05/10/2011 11:00:00,C1003,PC-C1003,C:\docs\report_0.pdf,File Open,False,False,
F-C1003-8-1,05/10/2011 11:01:00,C1003,PC-C1003,C:\docs\report_1.pdf,File Open,False,False,
F-C1003-8-2,05/10/2011 11:02:00,C1003,PC-C1003,C:\docs\report_2.pdf,File Open,False,False,
F-C1003-8-3,05/10/2011 11:03:00,C1003,PC-C1003,C:\docs\report_3.pdf,File Open,False,False,
F-C1003-8-4,05/10/2011 11:04:00,C1003,PC-C1003,C:\docs\report_4.pdf,File Open,False,False,
F-C1003-8-5,05/10/2011 11:05:00,C1003,PC-C1003,C:\docs\report_5.pdf,File Open,False,False,
F-C1003-8-6,05/10/2011 11:06:00,C1003,PC-C1003,C:\docs\report_6.pdf,File Open,False,False,
F-C1003-8-7,05/10/2011 11:07:00,C1003,PC-C1003,C:\docs\report_7.pdf,File Open,False,False,
F-C1003-8-8,05/10/2011 11:08:00,C1003,PC-C1003,C:\docs\report_8.pdf,File Open,False,False,
F-C1003-8-9,05/10/2011 11:09:00,C1003,PC-C1003,C:\docs\report_9.pdf,File Open,False,False,
F-C1004-8-0,05/10/2011 11:00:00,C1004,PC-C1004,C:\docs\report_0.pdf,File Open,False,False,
F-C1004-8-1,05/10/2011 11:01:00,C1004,PC-C1004,C:\docs\report_1.pdf,File Open,False,False,
F-C1004-8-2,05/10/2011 11:02:00,C1004,PC-C1004,C:\docs\report_2.pdf,File Open,False,False,
F-C1004-8-3,05/10/2011 11:03:00,C1004,PC-C1004,C:\docs\report_3.pdf,File Open,False,False,
F-C1004-8-4,05/10/2011 11:04:00,C1004,PC-C1004,C:\docs\report_4.pdf,File Open,False,False,
F-C1004-8-5,05/10/2011 11:05:00,C1004,PC-C1004,C:\docs\report_5.pdf,File Open,False,False,
F-C1004-8-6,05/10/2011 11:06:00,C1004,PC-C1004,C:\docs\report_6.pdf,File Open,False,False,
F-C1004-8-7,05/10/2011 11:07:00,C1004,PC-C1004,C:\docs\report_7.pdf,File Open,False,False,
F-C1005-8-0,05/10/2011 11:00:00,C1005,PC-C1005,C:\docs\report_0.pdf,File Open,False,False,
F-C1005-8-1,05/10/2011 11:01:00,C1005,PC-C1005,C:\docs\report_1.pdf,File Open,False,False,
F-C1005-8-2,05/10/2011 11:02:00,C1005,PC-C1005,C:\docs\report_2.pdf,File Open,False,False,
F-C1005-8-3,05/10/2011 11:03:00,C1005,PC-C1005,C:\docs\report_3.pdf,File Open,False,False,
F-C1005-8-4,05/10/2011 11:04:00,C1005,PC-C1005,C:\docs\report_4.pdf,File Open,False,False,
F-C1005-8-5,05/10/2011 11:05:00,C1005,PC-C1005,C:\docs\report_5.pdf,File Open,False,False,
F-C1005-8-6,05/10/2011 11:06:00,C1005,PC-C1005,C:\docs\report_6.pdf,File Open,False,False,
F-C1005-8-7,05/10/2011 11:07:00,C1005,PC-C1005,C:\docs\report_7.pdf,File Open,False,False,
F-C1005-8-8,05/10/2011 11:08:00,C1005,PC-C1005,C:\docs\report_8.pdf,File Open,False,False,
F-C1006-8-0,05/10/2011 11:00:00,C1006,PC-C1006,C:\docs\report_0.pdf,File Open,False,False,
F-C1006-8-1,05/10/2011 11:01:00,C1006,PC-C1006,C:\docs\report_1.pdf,File Open,False,False,
F-C1006-8-2,05/10/2011 11:02:00,C1006,PC-C1006,C:\docs\report_2.pdf,File Open,False,False,
F-C1006-8-3,05/10/2011 11:03:00,C1006,PC-C1006,C:\docs\report_3.pdf,File Open,False,False,
F-C1006-8-4,05/10/2011 11:04:00,C1006,PC-C1006,C:\docs\report_4.pdf,File Open,False,False,
F-C1006-8-5,05/10/2011 11:05:00,C1006,PC-C1006,C:\docs\report_5.pdf,File Open,False,False,
F-C1006-8-6,05/10/2011 11:06:00,C1006,PC-C1006,C:\docs\report_6.pdf,File Open,False,False,
F-C1006-8-7,05/10/2011 11:07:00,C1006,PC-C1006,C:\docs\report_7.pdf,File Open,False,False,
F-C1006-8-8,05/10/2011 11:08:00,C1006,PC-C1006,C:\docs\report_8.pdf,File Open,False,False,
F-C1006-8-9,05/10/2011 11:09:00,C1006,PC-C1006,C:\docs\report_9.pdf,File Open,False,False,
F-C1007-8-0,05/10/2011 11:00:00,C1007,PC-C1007,C:\docs\report_0.pdf,File Open,False,False,
F-C1007-8-1,05/10/2011 11:01:00,C1007,PC-C1007,C:\docs\report_1.pdf,File Open,False,False,
F-C1007-8-2,05/10/2011 11:02:00,C1007,PC-C1007,C:\docs\report_2.pdf,File Open,False,False,
F-C1007-8-3,05/10/2011 11:03:00,C1007,PC-C1007,C:\docs\report_3.pdf,File Open,False,False,
F-C1007-8-4,05/10/2011 11:04:00,C1007,PC-C1007,C:\docs\report_4.pdf,File Open,False,False,
F-C1007-8-5,05/10/2011 11:05:00,C1007,PC-C1007,C:\docs\report_5.pdf,File Open,False,False,
F-C1007-8-6,05/10/2011 11:06:00,C1007,PC-C1007,C:\docs\report_6.pdf,File Open,False,False,
F-C1007-8-7,05/10/2011 11:07:00,C1007,PC-C1007,C:\docs\report_7.pdf,File Open,False,False,
F-C1008-8-0,05/10/2011 11:00:00,C1008,PC-C1008,C:\docs\report_0.pdf,File Open,False,False,
F-C1008-8-1,05/10/2011 11:01:00,C1008,PC-C1008,C:\docs\report_1.pdf,File Open,False,False,
F-C1008-8-2,05/10/2011 11:02:00,C1008,PC-C1008,C:\docs\report_2.pdf,File Open,False,False,
F-C1008-8-3,05/10/2011 11:03:00,C1008,PC-C1008,C:\docs\report_3.pdf,File Open,False,False,
F-C1008-8-4,05/10/2011 11:04:00,C1008,PC-C1008,C:\docs\report_4.pdf,File Open,False,False,
F-C1008-8-5,05/10/2011 11:05:00,C1008,PC-C1008,C:\docs\report_5.pdf,File Open,False,False,
F-C1008-8-6,05/10/2011 11:06:00,C1008,PC-C1008,C:\docs\report_6.pdf,File Open,False,False,
F-C1008-8-7,05/10/2011 11:07:00,C1008,PC-C1008,C:\docs\report_7.pdf,File Open,False,False,
F-C1008-8-8,05/10/2011 11:08:00,C1008,PC-C1008,C:\docs\report_8.pdf,File Open,False,False,
F-C1009-8-0,05/10/2011 11:00:00,C1009,PC-C1009,C:\docs\report_0.pdf,File Open,False,False,
F-C1009-8-1,05/10/2011 11:01:00,C1009,PC-C1009,C:\docs\report_1.pdf,File Open,False,False,
F-C1009-8-2,05/10/2011 11:02:00,C1009,PC-C1009,C:\docs\report_2.pdf,File Open,False,False,
F-C1009-8-3,05/10/2011 11:03:00,C1009,PC-C1009,C:\docs\report_3.pdf,File Open,False,False,
F-C1009-8-4,05/10/2011 11:04:00,C1009,PC-C1009,C:\docs\report_4.pdf,File Open,False,False,
F-C1009-8-5,05/10/2011 11:05:00,C1009,PC-C1009,C:\docs\report_5.pdf,File Open,False,False,
F-C1009-8-6,05/10/2011 11:06:00,C1009,PC-C1009,C:\docs\report_6.pdf,File Open,False,False,
F-C1009-8-7,05/10/2011 11:07:00,C1009,PC-C1009,C:\docs\report_7.pdf,File Open,False,False,
F-C1009-8-8,05/10/2011 11:08:00,C1009,PC-C1009,C:\docs\report_8.pdf,File Open,False,False,
F-C1009-8-9,05/10/2011 11:09:00,C1009,PC-C1009,C:\docs\report_9.pdf,File Open,False,False,
F-C1010-8-0,05/10/2011 11:00:00,C1010,PC-C1010,C:\docs\report_0.pdf,File Open,False,False,
F-C1010-8-1,05/10/2011 11:01:00,C1010,PC-C1010,C:\docs\report_1.pdf,File Open,False,False,
F-C1010-8-2,05/10/2011 11:02:00,C1010,PC-C1010,C:\docs\report_2.pdf,File Open,False,False,
F-C1010-8-3,05/10/2011 11:03:00,C1010,PC-C1010,C:\docs\report_3.pdf,File Open,False,False,
F-C1010-8-4,05/10/2011 11:04:00,C1010,PC-C1010,C:\docs\report_4.pdf,File Open,False,False,
F-C1010-8-5,05/10/2011 11:05:00,C1010,PC-C1010,C:\docs\report_5.pdf,File Open,False,False,
F-C1010-8-6,05/10/2011 11:06:00,C1010,PC-C1010,C:\docs\report_6.pdf,File Open,False,False,
F-C1010-8-7,05/10/2011 11:07:00,C1010,PC-C1010,C:\docs\report_7.pdf,File Open,False,False,
F-C1011-8-0,05/10/2011 11:00:00,C1011,PC-C1011,C:\docs\report_0.pdf,File Open,False,False,
F-C1011-8-1,05/10/2011 11:01:00,C1011,PC-C1011,C:\docs\report_1.pdf,File Open,False,False,
F-C1011-8-2,05/10/2011 11:02:00,C1011,PC-C1011,C:\docs\report_2.pdf,File Open,False,False,
F-C1011-8-3,05/10/2011 11:03:00,C1011,PC-C1011,C:\docs\report_3.pdf,File Open,False,False,
F-C1011-8-4,05/10/2011 11:04:00,C1011,PC-C1011,C:\docs\report_4.pdf,File Open,False,False,
F-C1011-8-5,05/10/2011 11:05:00,C1011,PC-C1011,C:\docs\report_5.pdf,File Open,False,False,
F-C1011-8-6,05/10/2011 11:06:00,C1011,PC-C1011,C:\docs\report_6.pdf,File Open,False,False,
F-C1011-8-7,05/10/2011 11:07:00,C1011,PC-C1011,C:\docs\report_7.pdf,File Open,False,False,
F-C1011-8-8,05/10/2011 11:08:00,C1011,PC-C1011,C:\docs\report_8.pdf,File Open,False,False,
F-C1012-8-0,05/10/2011 11:00:00,C1012,PC-C1012,C:\docs\report_0.pdf,File Open,False,False,
F-C1012-8-1,05/10/2011 11:01:00,C1012,PC-C1012,C:\docs\report_1.pdf,File Open,False,False,
F-C1012-8-2,05/10/2011 11:02:00,C1012,PC-C1012,C:\docs\report_2.pdf,File Open,False,False,
F-C1012-8-3,05/10/2011 11:03:00,C1012,PC-C1012,C:\docs\report_3.pdf,File Open,False,False,
F-C1012-8-4,05/10/2011 11:04:00,C1012,PC-C1012,C:\docs\report_4.pdf,File Open,False,False,
F-C1012-8-5,05/10/2011 11:05:00,C1012,PC-C1012,C:\docs\report_5.pdf,File Open,False,False,
F-C1012-8-6,05/10/2011 11:06:00,C1012,PC-C1012,C:\docs\report_6.pdf,File Open,False,False,
F-C1012-8-7,05/10/2011 11:07:00,C1012,PC-C1012,C:\docs\report_7.pdf,File Open,False,False,
F-C1012-8-8,05/10/2011 11:08:00,C1012,PC-C1012,C:\docs\report_8.pdf,File Open,False,False,
F-C1012-8-9,05/10/2011 11:09:00,C1012,PC-C1012,C:\docs\report_9.pdf,File Open,False,False,
F-C1013-8-0,05/10/2011 11:00:00,C1013,PC-C1013,C:\docs\report_0.pdf,File Open,False,False,
F-C1013-8-1,05/10/2011 11:01:00,C1013,PC-C1013,C:\docs\report_1.pdf,File Open,False,False,
F-C1013-8-2,05/10/2011 11:02:00,C1013,PC-C1013,C:\docs\report_2.pdf,File Open,False,False,
F-C1013-8-3,05/10/2011 11:03:00,C1013,PC-C1013,C:\docs\report_3.pdf,File Open,False,False,
F-C1013-8-4,05/10/2011 11:04:00,C1013,PC-C1013,C:\docs\report_4.pdf,File Open,False,False,
F-C1013-8-5,05/10/2011 11:05:00,C1013,PC-C1013,C:\docs\report_5.pdf,File Open,False,False,
F-C1013-8-6,05/10/2011 11:06:00,C1013,PC-C1013,C:\docs\report_6.pdf,File Open,False,False,
F-C1013-8-7,05/10/2011 11:07:00,C1013,PC-C1013,C:\docs\report_7.pdf,File Open,False,False,
F-C1014-8-0,05/10/2011 11:00:00,C1014,PC-C1014,C:\docs\report_0.pdf,File Open,False,False,
F-C1014-8-1,05/10/2011 11:01:00,C1014,PC-C1014,C:\docs\report_1.pdf,File Open,False,False,
F-C1014-8-2,05/10/2011 11:02:00,C1014,PC-C1014,C:\docs\report_2.pdf,File Open,False,False,
F-C1014-8-3,05/10/2011 11:03:00,C1014,PC-C1014,C:\docs\report_3.pdf,File Open,False,False,
F-C1014-8-4,05/10/2011 11:04:00,C1014,PC-C1014,C:\docs\report_4.pdf,File Open,False,False,
F-C1014-8-5,05/10/2011 11:05:00,C1014,PC-C1014,C:\docs\report_5.pdf,File Open,False,False,
F-C1014-8-6,05/10/2011 11:06:00,C1014,PC-C1014,C:\docs\report_6.pdf,File Open,False,False,
F-C1014-8-7,05/10/2011 11:07:00,C1014,PC-C1014,C:\docs\report_7.pdf,File Open,False,False,
F-C1014-8-8,05/10/2011 11:08:00,C1014,PC-C1014,C:\docs\report_8.pdf,File Open,False,False,
F-C1015-8-0,05/10/2011 11:00:00,C1015,PC-C1015,C:\docs\report_0.pdf,File Open,False,False,
F-C1015-8-1,05/10/2011 11:01:00,C1015,PC-C1015,C:\docs\report_1.pdf,File Open,False,False,
F-C1015-8-2,05/10/2011 11:02:00,C1015,PC-C1015,C:\docs\report_2.pdf,File Open,False,False,
F-C1015-8-3,05/10/2011 11:03:00,C1015,PC-C1015,C:\docs\report_3.pdf,File Open,False,False,
F-C1015-8-4,05/10/2011 11:04:00,C1015,PC-C1015,C:\docs\report_4.pdf,File Open,False,False,
F-C1015-8-5,05/10/2011 11:05:00,C1015,PC-C1015,C:\docs\report_5.pdf,File Open,False,False,
F-C1015-8-6,05/10/2011 11:06:00,C1015,PC-C1015,C:\docs\report_6.pdf,File Open,False,False,
F-C1015-8-7,05/10/2011 11:07:00,C1015,PC-C1015,C:\docs\report_7.pdf,File Open,False,False,
F-C1015-8-8,05/10/2011 11:08:00,C1015,PC-C1015,C:\docs\report_8.pdf,File Open,False,False,
F-C1015-8-9,05/10/2011 11:09:00,C1015,PC-C1015,C:\docs\report_9.pdf,File Open,False,False,
F-C1016-8-0,05/10/2011 11:00:00,C1016,PC-C1016,C:\docs\report_0.pdf,File Open,False,False,
F-C1016-8-1,05/10/2011 11:01:00,C1016,PC-C1016,C:\docs\report_1.pdf,File Open,False,False,
F-C1016-8-2,05/10/2011 11:02:00,C1016,PC-C1016,C:\docs\report_2.pdf,File Open,False,False,
F-C1016-8-3,05/10/2011 11:03:00,C1016,PC-C1016,C:\docs\report_3.pdf,File Open,False,False,
F-C1016-8-4,05/10/2011 11:04:00,C1016,PC-C1016,C:\docs\report_4.pdf,File Open,False,False,
F-C1016-8-5,05/10/2011 11:05:00,C1016,PC-C1016,C:\docs\report_5.pdf,File Open,False,False,
F-C1016-8-6,05/10/2011 11:06:00,C1016,PC-C1016,C:\docs\report_6.pdf,File Open,False,False,
F-C1016-8-7,05/10/2011 11:07:00,C1016,PC-C1016,C:\docs\report_7.pdf,File Open,False,False,
F-C1017-8-0,05/10/2011 11:00:00,C1017,PC-C1017,C:\docs\report_0.pdf,File Open,False,False,
F-C1017-8-1,05/10/2011 11:01:00,C1017,PC-C1017,C:\docs\report_1.pdf,File Open,False,False,
F-C1017-8-2,05/10/2011 11:02:00,C1017,PC-C1017,C:\docs\report_2.pdf,File Open,False,False,
F-C1017-8-3,05/10/2011 11:03:00,C1017,PC-C1017,C:\docs\report_3.pdf,File Open,False,False,
F-C1017-8-4,05/10/2011 11:04:00,C1017,PC-C1017,C:\docs\report_4.pdf,File Open,False,False,
F-C1017-8-5,05/10/2011 11:05:00,C1017,PC-C1017,C:\docs\report_5.pdf,File Open,False,False,
F-C1017-8-6,05/10/2011 11:06:00,C1017,PC-C1017,C:\docs\report_6.pdf,File Open,False,False,
F-C1017-8-7,05/10/2011 11:07:00,C1017,PC-C1017,C:\docs\report_7.pdf,File Open,False,False,
F-C1017-8-8,05/10/2011 11:08:00,C1017,PC-C1017,C:\docs\report_8.pdf,File Open,False,False,
F-C1018-8-0,05/10/2011 11:00:00,C1018,PC-C1018,C:\docs\report_0.pdf,File Open,False,False,
F-C1018-8-1,05/10/2011 11:01:00,C1018,PC-C1018,C:\docs\report_1.pdf,File Open,False,False,
F-C1018-8-2,05/10/2011 11:02:00,C1018,PC-C1018,C:\docs\report_2.pdf,File Open,False,False,
F-C1018-8-3,05/10/2011 11:03:00,C1018,PC-C1018,C:\docs\report_3.pdf,File Open,False,False,
F-C1018-8-4,05/10/2011 11:04:00,C1018,PC-C1018,C:\docs\report_4.pdf,File Open,False,False,
F-C1018-8-5,05/10/2011 11:05:00,C1018,PC-C1018,C:\docs\report_5.pdf,File Open,False,False,
F-C1018-8-6,05/10/2011 11:06:00,C1018,PC-C1018,C:\docs\report_6.pdf,File Open,False,False,
F-C1018-8-7,05/10/2011 11:07:00,C1018,PC-C1018,C:\docs\report_7.pdf,File Open,False,False,
F-C1018-8-8,05/10/2011 11:08:00,C1018,PC-C1018,C:\docs\report_8.pdf,File Open,False,False,
F-C1018-8-9,05/10/2011 11:09:00,C1018,PC-C1018,C:\docs\report_9.pdf,File Open,False,False,
F-C1019-8-0,05/10/2011 11:00:00,C1019,PC-C1019,C:\docs\report_0.pdf,File Open,False,False,
F-C1019-8-1,05/10/2011 11:01:00,C1019,PC-C1019,C:\docs\report_1.pdf,File Open,False,False,
F-C1019-8-2,05/10/2011 11:02:00,C1019,PC-C1019,C:\docs\report_2.pdf,File Open,False,False,
F-C1019-8-3,05/10/2011 11:03:00,C1019,PC-C1019,C:\docs\report_3.pdf,File Open,False,False,
F-C1019-8-4,05/10/2011 11:04:00,C1019,PC-C1019,C:\docs\report_4.pdf,File Open,False,False,
F-C1019-8-5,05/10/2011 11:05:00,C1019,PC-C1019,C:\docs\report_5.pdf,File Open,False,False,
F-C1019-8-6,05/10/2011 11:06:00,C1019,PC-C1019,C:\docs\report_6.pdf,File Open,False,False,
F-C1019-8-7,05/10/2011 11:07:00,C1019,PC-C1019,C:\docs\report_7.pdf,File Open,False,False,
F-C1000-9-0,05/11/2011 11:00:00,C1000,PC-C1000,C:\docs\report_0.pdf,File Open,False,False,
F-C1000-9-1,05/11/2011 11:01:00,C1000,PC-C1000,C:\docs\report_1.pdf,File Open,False,False,
F-C1000-9-2,05/11/2011 11:02:00,C1000,PC-C1000,C:\docs\report_2.pdf,File Open,False,False,
F-C1000-9-3,05/11/2011 11:03:00,C1000,PC-C1000,C:\docs\report_3.pdf,File Open,False,False,
F-C1000-9-4,05/11/2011 11:04:00,C1000,PC-C1000,C:\docs\report_4.pdf,File Open,False,False,
F-C1000-9-5,05/11/2011 11:05:00,C1000,PC-C1000,C:\docs\report_5.pdf,File Open,False,False,
F-C1000-9-6,05/11/2011 11:06:00,C1000,PC-C1000,C:\docs\report_6.pdf,File Open,False,False,
F-C1000-9-7,05/11/2011 11:07:00,C1000,PC-C1000,C:\docs\report_7.pdf,File Open,False,False,
F-C1000-9-8,05/11/2011 11:08:00,C1000,PC-C1000,C:\docs\report_8.pdf,File Open,False,False,
F-C1000-9-9,05/11/2011 11:09:00,C1000,PC-C1000,C:\docs\report_9.pdf,File Open,False,False,
F-C1000-9-10,05/11/2011 11:10:00,C1000,PC-C1000,C:\docs\report_10.pdf,File Open,False,False,
F-C1000-9-11,05/11/2011 11:11:00,C1000,PC-C1000,C:\docs\report_11.pdf,File Open,False,False,
F-C1000-9-12,05/11/2011 11:12:00,C1000,PC-C1000,C:\docs\report_12.pdf,File Open,False,False,
F-C1000-9-13,05/11/2011 11:13:00,C1000,PC-C1000,C:\docs\report_13.pdf,File Open,False,False,
F-C1000-9-14,05/11/2011 11:14:00,C1000,PC-C1000,C:\docs\report_14.pdf,File Open,False,False,
F-C1000-9-15,05/11/2011 11:15:00,C1000,PC-C1000,C:\docs\report_15.pdf,File Open,False,False,
F-C1000-9-16,05/11/2011 11:16:00,C1000,PC-C1000,C:\docs\report_16.pdf,File Open,False,False,
F-C1000-9-17,05/11/2011 11:17:00,C1000,PC-C1000,C:\docs\report_17.pdf,File Open,False,False,
F-C1000-9-18,05/11/2011 11:18:00,C1000,PC-C1000,C:\docs\report_18.pdf,File Open,False,False,
F-C1000-9-19,05/11/2011 11:19:00,C1000,PC-C1000,C:\docs\report_19.pdf,File Open,False,False,
F-C1000-9-20,05/11/2011 11:20:00,C1000,PC-C1000,C:\docs\report_20.pdf,File Open,False,False,
F-C1000-9-21,05/11/2011 11:21:00,C1000,PC-C1000,C:\docs\report_21.pdf,File Open,False,False,
F-C1000-9-22,05/11/2011 11:22:00,C1000,PC-C1000,C:\docs\report_22.pdf,File Open,False,False,
F-C1000-9-23,05/11/2011 11:23:00,C1000,PC-C1000,C:\docs\report_23.pdf,File Open,False,False,
F-C1001-9-0,05/11/2011 11:00:00,C1001,PC-C1001,C:\docs\report_0.pdf,File Open,False,False,
F-C1001-9-1,05/11/2011 11:01:00,C1001,PC-C1001,C:\docs\report_1.pdf,File Open,False,False,
F-C1001-9-2,05/11/2011 11:02:00,C1001,PC-C1001,C:\docs\report_2.pdf,File Open,False,False,
F-C1001-9-3,05/11/2011 11:03:00,C1001,PC-C1001,C:\docs\report_3.pdf,File Open,False,False,
F-C1001-9-4,05/11/2011 11:04:00,C1001,PC-C1001,C:\docs\report_4.pdf,File Open,False,False,
F-C1001-9-5,05/11/2011 11:05:00,C1001,PC-C1001,C:\docs\report_5.pdf,File Open,False,False,
F-C1001-9-6,05/11/2011 11:06:00,C1001,PC-C1001,C:\docs\report_6.pdf,File Open,False,False,
F-C1001-9-7,05/11/2011 11:07:00,C1001,PC-C1001,C:\docs\report_7.pdf,File Open,False,False,
F-C1001-9-8,05/11/2011 11:08:00,C1001,PC-C1001,C:\docs\report_8.pdf,File Open,False,False,
F-C1002-9-0,05/11/2011 11:00:00,C1002,PC-C1002,C:\docs\report_0.pdf,File Open,False,False,
F-C1002-9-1,05/11/2011 11:01:00,C1002,PC-C1002,C:\docs\report_1.pdf,File Open,False,False,
F-C1002-9-2,05/11/2011 11:02:00,C1002,PC-C1002,C:\docs\report_2.pdf,File Open,False,False,
F-C1002-9-3,05/11/2011 11:03:00,C1002,PC-C1002,C:\docs\report_3.pdf,File Open,False,False,
F-C1002-9-4,05/11/2011 11:04:00,C1002,PC-C1002,C:\docs\report_4.pdf,File Open,False,False,
F-C1002-9-5,05/11/2011 11:05:00,C1002,PC-C1002,C:\docs\report_5.pdf,File Open,False,False,
F-C1002-9-6,05/11/2011 11:06:00,C1002,PC-C1002,C:\docs\report_6.pdf,File Open,False,False,
F-C1002-9-7,05/11/2011 11:07:00,C1002,PC-C1002,C:\docs\report_7.pdf,File Open,False,False,
F-C1002-9-8,05/11/2011 11:08:00,C1002,PC-C1002,C:\docs\report_8.pdf,File Open,False,False,
F-C1002-9-9,05/11/2011 11:09:00,C1002,PC-C1002,C:\docs\report_9.pdf,File Open,False,False,
F-C1003-9-0,05/11/2011 11:00:00,C1003,PC-C1003,C:\docs\report_0.pdf,File Open,False,False,
F-C1003-9-1,05/11/2011 11:01:00,C1003,PC-C1003,C:\docs\report_1.pdf,File Open,False,False,
F-C1003-9-2,05/11/2011 11:02:00,C1003,PC-C1003,C:\docs\report_2.pdf,File Open,False,False,
F-C1003-9-3,05/11/2011 11:03:00,C1003,PC-C1003,C:\docs\report_3.pdf,File Open,False,False,
F-C1003-9-4,05/11/2011 11:04:00,C1003,PC-C1003,C:\docs\report_4.pdf,File Open,False,False,
F-C1003-9-5,05/11/2011 11:05:00,C1003,PC-C1003,C:\docs\report_5.pdf,File Open,False,False,
F-C1003-9-6,05/11/2011 11:06:00,C1003,PC-C1003,C:\docs\report_6.pdf,File Open,False,False,
F-C1003-9-7,05/11/2011 11:07:00,C1003,PC-C1003,C:\docs\report_7.pdf,File Open,False,False,
F-C1004-9-0,05/11/2011 11:00:00,C1004,PC-C1004,C:\docs\report_0.pdf,File Open,False,False,
F-C1004-9-1,05/11/2011 11:01:00,C1004,PC-C1004,C:\docs\report_1.pdf,File Open,False,False,
F-C1004-9-2,05/11/2011 11:02:00,C1004,PC-C1004,C:\docs\report_2.pdf,File Open,False,False,
F-C1004-9-3,05/11/2011 11:03:00,C1004,PC-C1004,C:\docs\report_3.pdf,File Open,False,False,
F-C1004-9-4,05/11/2011 11:04:00,C1004,PC-C1004,C:\docs\report_4.pdf,File Open,False,False,
F-C1004-9-5,05/11/2011 11:05:00,C1004,PC-C1004,C:\docs\report_5.pdf,File Open,False,False,
F-C1004-9-6,05/11/2011 11:06:00,C1004,PC-C1004,C:\docs\report_6.pdf,File Open,False,False,
F-C1004-9-7,05/11/2011 11:07:00,C1004,PC-C1004,C:\docs\report_7.pdf,File Open,False,False,
F-C1004-9-8,05/11/2011 11:08:00,C1004,PC-C1004,C:\docs\report_8.pdf,File Open,False,False,
F-C1005-9-0,05/11/2011 11:00:00,C1005,PC-C1005,C:\docs\report_0.pdf,File Open,False,False,
F-C1005-9-1,05/11/2011 11:01:00,C1005,PC-C1005,C:\docs\report_1.pdf,File Open,False,False,
F-C1005-9-2,05/11/2011 11:02:00,C1005,PC-C1005,C:\docs\report_2.pdf,File Open,False,False,
F-C1005-9-3,05/11/2011 11:03:00,C1005,PC-C1005,C:\docs\report_3.pdf,File Open,False,False,
F-C1005-9-4,05/11/2011 11:04:00,C1005,PC-C1005,C:\docs\report_4.pdf,File Open,False,False,
F-C1005-9-5,05/11/2011 11:05:00,C1005,PC-C1005,C:\docs\report_5.pdf,File Open,False,False,
F-C1005-9-6,05/11/2011 11:06:00,C1005,PC-C1005,C:\docs\report_6.pdf,File Open,False,False,
F-C1005-9-7,05/11/2011 11:07:00,C1005,PC-C1005,C:\docs\report_7.pdf,File Open,False,False,
F-C1005-9-8,05/11/2011 11:08:00,C1005,PC-C1005,C:\docs\report_8.pdf,File Open,False,False,
F-C1005-9-9,05/11/2011 11:09:00,C1005,PC-C1005,C:\docs\report_9.pdf,File Open,False,False,
F-C1006-9-0,05/11/2011 11:00:00,C1006,PC-C1006,C:\docs\report_0.pdf,File Open,False,False,
F-C1006-9-1,05/11/2011 11:01:00,C1006,PC-C1006,C:\docs\report_1.pdf,File Open,False,False,
F-C1006-9-2,05/11/2011 11:02:00,C1006,PC-C1006,C:\docs\report_2.pdf,File Open,False,False,
F-C1006-9-3,05/11/2011 11:03:00,C1006,PC-C1006,C:\docs\report_3.pdf,File Open,False,False,
F-C1006-9-4,05/11/2011 11:04:00,C1006,PC-C1006,C:\docs\report_4.pdf,File Open,False,False,
F-C1006-9-5,05/11/2011 11:05:00,C1006,PC-C1006,C:\docs\report_5.pdf,File Open,False,False,
F-C1006-9-6,05/11/2011 11:06:00,C1006,PC-C1006,C:\docs\report_6.pdf,File Open,False,False,
F-C1006-9-7,05/11/2011 11:07:00,C1006,PC-C1006,C:\docs\report_7.pdf,File Open,False,False,
F-C1007-9-0,05/11/2011 11:00:00,C1007,PC-C1007,C:\docs\report_0.pdf,File Open,False,False,
F-C1007-9-1,05/11/2011 11:01:00,C1007,PC-C1007,C:\docs\report_1.pdf,File Open,False,False,
F-C1007-9-2,05/11/2011 11:02:00,C1007,PC-C1007,C:\docs\report_2.pdf,File Open,False,False,
F-C1007-9-3,05/11/2011 11:03:00,C1007,PC-C1007,C:\docs\report_3.pdf,File Open,False,False,
F-C1007-9-4,05/11/2011 11:04:00,C1007,PC-C1007,C:\docs\report_4.pdf,File Open,False,False,
F-C1007-9-5,05/11/2011 11:05:00,C1007,PC-C1007,C:\docs\report_5.pdf,File Open,False,False,
F-C1007-9-6,05/11/2011 11:06:00,C1007,PC-C1007,C:\docs\report_6.pdf,File Open,False,False,
F-C1007-9-7,05/11/2011 11:07:00,C1007,PC-C1007,C:\docs\report_7.pdf,File Open,False,False,
F-C1007-9-8,05/11/2011 11:08:00,C1007,PC-C1007,C:\docs\report_8.pdf,File Open,False,False,
F-C1008-9-0,05/11/2011 11:00:00,C1008,PC-C1008,C:\docs\report_0.pdf,File Open,False,False,
F-C1008-9-1,05/11/2011 11:01:00,C1008,PC-C1008,C:\docs\report_1.pdf,File Open,False,False,
F-C1008-9-2,05/11/2011 11:02:00,C1008,PC-C1008,C:\docs\report_2.pdf,File Open,False,False,
F-C1008-9-3,05/11/2011 11:03:00,C1008,PC-C1008,C:\docs\report_3.pdf,File Open,False,False,
F-C1008-9-4,05/11/2011 11:04:00,C1008,PC-C1008,C:\docs\report_4.pdf,File Open,False,False,
F-C1008-9-5,05/11/2011 11:05:00,C1008,PC-C1008,C:\docs\report_5.pdf,File Open,False,False,
F-C1008-9-6,05/11/2011 11:06:00,C1008,PC-C1008,C:\docs\report_6.pdf,File Open,False,False,
F-C1008-9-7,05/11/2011 11:07:00,C1008,PC-C1008,C:\docs\report_7.pdf,File Open,False,False,
F-C1008-9-8,05/11/2011 11:08:00,C1008,PC-C1008,C:\docs\report_8.pdf,File Open,False,False,
F-C1008-9-9,05/11/2011 11:09:00,C1008,PC-C1008,C:\docs\report_9.pdf,File Open,False,False,
F-C1009-9-0,05/11/2011 11:00:00,C1009,PC-C1009,C:\docs\report_0.pdf,File Open,False,False,
F-C1009-9-1,05/11/2011 11:01:00,C1009,PC-C1009,C:\docs\report_1.pdf,File Open,False,False,
F-C1009-9-2,05/11/2011 11:02:00,C1009,PC-C1009,C:\docs\report_2.pdf,File Open,False,False,
F-C1009-9-3,05/11/2011 11:03:00,C1009,PC-C1009,C:\docs\report_3.pdf,File Open,False,False,
F-C1009-9-4,05/11/2011 11:04:00,C1009,PC-C1009,C:\docs\report_4.pdf,File Open,False,False,
F-C1009-9-5,05/11/2011 11:05:00,C1009,PC-C1009,C:\docs\report_5.pdf,File Open,False,False,
F-C1009-9-6,05/11/2011 11:06:00,C1009,PC-C1009,C:\docs\report_6.pdf,File Open,False,False,
F-C1009-9-7,05/11/2011 11:07:00,C1009,PC-C1009,C:\docs\report_7.pdf,File Open,False,False,
F-C1010-9-0,05/11/2011 11:00:00,C1010,PC-C1010,C:\docs\report_0.pdf,File Open,False,False,
F-C1010-9-1,05/11/2011 11:01:00,C1010,PC-C1010,C:\docs\report_1.pdf,File Open,False,False,
F-C1010-9-2,05/11/2011 11:02:00,C1010,PC-C1010,C:\docs\report_2.pdf,File Open,False,False,
F-C1010-9-3,05/11/2011 11:03:00,C1010,PC-C1010,C:\docs\report_3.pdf,File Open,False,False,
F-C1010-9-4,05/11/2011 11:04:00,C1010,PC-C1010,C:\docs\report_4.pdf,File Open,False,False,
F-C1010-9-5,05/11/2011 11:05:00,C1010,PC-C1010,C:\docs\report_5.pdf,File Open,False,False,
F-C1010-9-6,05/11/2011 11:06:00,C1010,PC-C1010,C:\docs\report_6.pdf,File Open,False,False,
F-C1010-9-7,05/11/2011 11:07:00,C1010,PC-C1010,C:\docs\report_7.pdf,File Open,False,False,
F-C1010-9-8,05/11/2011 11:08:00,C1010,PC-C1010,C:\docs\report_8.pdf,File Open,False,False,
F-C1011-9-0,05/11/2011 11:00:00,C1011,PC-C1011,C:\docs\report_0.pdf,File Open,False,False,
F-C1011-9-1,05/11/2011 11:01:00,C1011,PC-C1011,C:\docs\report_1.pdf,File Open,False,False,
F-C1011-9-2,05/11/2011 11:02:00,C1011,PC-C1011,C:\docs\report_2.pdf,File Open,False,False,
F-C1011-9-3,05/11/2011 11:03:00,C1011,PC-C1011,C:\docs\report_3.pdf,File Open,False,False,
F-C1011-9-4,05/11/2011 11:04:00,C1011,PC-C1011,C:\docs\report_4.pdf,File Open,False,False,
F-C1011-9-5,05/11/2011 11:05:00,C1011,PC-C1011,C:\docs\report_5.pdf,File Open,False,False,
F-C1011-9-6,05/11/2011 11:06:00,C1011,PC-C1011,C:\docs\report_6.pdf,File Open,False,False,
F-C1011-9-7,05/11/2011 11:07:00,C1011,PC-C1011,C:\docs\report_7.pdf,File Open,False,False,
F-C1011-9-8,05/11/2011 11:08:00,C1011,PC-C1011,C:\docs\report_8.pdf,File Open,False,False,
F-C1011-9-9,05/11/2011 11:09:00,C1011,PC-C1011,C:\docs\report_9.pdf,File Open,False,False,
F-C1012-9-0,05/11/2011 11:00:00,C1012,PC-C1012,C:\docs\report_0.pdf,File Open,False,False,
F-C1012-9-1,05/11/2011 11:01:00,C1012,PC-C1012,C:\docs\report_1.pdf,File Open,False,False,
F-C1012-9-2,05/11/2011 11:02:00,C1012,PC-C1012,C:\docs\report_2.pdf,File Open,False,False,
F-C1012-9-3,05/11/2011 11:03:00,C1012,PC-C1012,C:\docs\report_3.pdf,File Open,False,False,
F-C1012-9-4,05/11/2011 11:04:00,C1012,PC-C1012,C:\docs\report_4.pdf,File Open,False,False,
F-C1012-9-5,05/11/2011 11:05:00,C1012,PC-C1012,C:\docs\report_5.pdf,File Open,False,False,
F-C1012-9-6,05/11/2011 11:06:00,C1012,PC-C1012,C:\docs\report_6.pdf,File Open,False,False,
F-C1012-9-7,05/11/2011 11:07:00,C1012,PC-C1012,C:\docs\report_7.pdf,File Open,False,False,
F-C1013-9-0,05/11/2011 11:00:00,C1013,PC-C1013,C:\docs\report_0.pdf,File Open,False,False,
F-C1013-9-1,05/11/2011 11:01:00,C1013,PC-C1013,C:\docs\report_1.pdf,File Open,False,False,
F-C1013-9-2,05/11/2011 11:02:00,C1013,PC-C1013,C:\docs\report_2.pdf,File Open,False,False,
F-C1013-9-3,05/11/2011 11:03:00,C1013,PC-C1013,C:\docs\report_3.pdf,File Open,False,False,
F-C1013-9-4,05/11/2011 11:04:00,C1013,PC-C1013,C:\docs\report_4.pdf,File Open,False,False,
F-C1013-9-5,05/11/2011 11:05:00,C1013,PC-C1013,C:\docs\report_5.pdf,File Open,False,False,
F-C1013-9-6,05/11/2011 11:06:00,C1013,PC-C1013,C:\docs\report_6.pdf,File Open,False,False,
F-C1013-9-7,05/11/2011 11:07:00,C1013,PC-C1013,C:\docs\report_7.pdf,File Open,False,False,
F-C1013-9-8,05/11/2011 11:08:00,C1013,PC-C1013,C:\docs\report_8.pdf,File Open,False,False,
F-C1014-9-0,05/11/2011 11:00:00,C1014,PC-C1014,C:\docs\report_0.pdf,File Open,False,False,
F-C1014-9-1,05/11/2011 11:01:00,C1014,PC-C1014,C:\docs\report_1.pdf,File Open,False,False,
F-C1014-9-2,05/11/2011 11:02:00,C1014,PC-C1014,C:\docs\report_2.pdf,File Open,False,False,
F-C1014-9-3,05/11/2011 11:03:00,C1014,PC-C1014,C:\docs\report_3.pdf,File Open,False,False,
F-C1014-9-4,05/11/2011 11:04:00,C1014,PC-C1014,C:\docs\report_4.pdf,File Open,False,False,
F-C1014-9-5,05/11/2011 11:05:00,C1014,PC-C1014,C:\docs\report_5.pdf,File Open,False,False,
F-C1014-9-6,05/11/2011 11:06:00,C1014,PC-C1014,C:\docs\report_6.pdf,File Open,False,False,
F-C1014-9-7,05/11/2011 11:07:00,C1014,PC-C1014,C:\docs\report_7.pdf,File Open,False,False,
F-C1014-9-8,05/11/2011 11:08:00,C1014,PC-C1014,C:\docs\report_8.pdf,File Open,False,False,
F-C1014-9-9,05/11/2011 11:09:00,C1014,PC-C1014,C:\docs\report_9.pdf,File Open,False,False,
F-C1015-9-0,05/11/2011 11:00:00,C1015,PC-C1015,C:\docs\report_0.pdf,File Open,False,False,
F-C1015-9-1,05/11/2011 11:01:00,C1015,PC-C1015,C:\docs\report_1.pdf,File Open,False,False,
F-C1015-9-2,05/11/2011 11:02:00,C1015,PC-C1015,C:\docs\report_2.pdf,File Open,False,False,
F-C1015-9-3,05/11/2011 11:03:00,C1015,PC-C1015,C:\docs\report_3.pdf,File Open,False,False,
F-C1015-9-4,05/11/2011 11:04:00,C1015,PC-C1015,C:\docs\report_4.pdf,File Open,False,False,
F-C1015-9-5,05/11/2011 11:05:00,C1015,PC-C1015,C:\docs\report_5.pdf,File Open,False,False,
F-C1015-9-6,05/11/2011 11:06:00,C1015,PC-C1015,C:\docs\report_6.pdf,File Open,False,False,
F-C1015-9-7,05/11/2011 11:07:00,C1015,PC-C1015,C:\docs\report_7.pdf,File Open,False,False,
F-C1016-9-0,05/11/2011 11:00:00,C1016,PC-C1016,C:\docs\report_0.pdf,File Open,False,False,
F-C1016-9-1,05/11/2011 11:01:00,C1016,PC-C1016,C:\docs\report_1.pdf,File Open,False,False,
F-C1016-9-2,05/11/2011 11:02:00,C1016,PC-C1016,C:\docs\report_2.pdf,File Open,False,False,
F-C1016-9-3,05/11/2011 11:03:00,C1016,PC-C1016,C:\docs\report_3.pdf,File Open,False,False,
F-C1016-9-4,05/11/2011 11:04:00,C1016,PC-C1016,C:\docs\report_4.pdf,File Open,False,False,
F-C1016-9-5,05/11/2011 11:05:00,C1016,PC-C1016,C:\docs\report_5.pdf,File Open,False,False,
F-C1016-9-6,05/11/2011 11:06:00,C1016,PC-C1016,C:\docs\report_6.pdf,File Open,False,False,
F-C1016-9-7,05/11/2011 11:07:00,C1016,PC-C1016,C:\docs\report_7.pdf,File Open,False,False,
F-C1016-9-8,05/11/2011 11:08:00,C1016,PC-C1016,C:\docs\report_8.pdf,File Open,False,False,
F-C1017-9-0,05/11/2011 11:00:00,C1017,PC-C1017,C:\docs\report_0.pdf,File Open,False,False,
F-C1017-9-1,05/11/2011 11:01:00,C1017,PC-C1017,C:\docs\report_1.pdf,File Open,False,False,
F-C1017-9-2,05/11/2011 11:02:00,C1017,PC-C1017,C:\docs\report_2.pdf,File Open,False,False,
F-C1017-9-3,05/11/2011 11:03:00,C1017,PC-C1017,C:\docs\report_3.pdf,File Open,False,False,
F-C1017-9-4,05/11/2011 11:04:00,C1017,PC-C1017,C:\docs\report_4.pdf,File Open,False,False,
F-C1017-9-5,05/11/2011 11:05:00,C1017,PC-C1017,C:\docs\report_5.pdf,File Open,False,False,
F-C1017-9-6,05/11/2011 11:06:00,C1017,PC-C1017,C:\docs\report_6.pdf,File Open,False,False,
F-C1017-9-7,05/11/2011 11:07:00,C1017,PC-C1017,C:\docs\report_7.pdf,File Open,False,False,
F-C1017-9-8,05/11/2011 11:08:00,C1017,PC-C1017,C:\docs\report_8.pdf,File Open,False,False,
F-C1017-9-9,05/11/2011 11:09:00,C1017,PC-C1017,C:\docs\report_9.pdf,File Open,False,False,
F-C1018-9-0,05/11/2011 11:00:00,C1018,PC-C1018,C:\docs\report_0.pdf,File Open,False,False,
F-C1018-9-1,05/11/2011 11:01:00,C1018,PC-C1018,C:\docs\report_1.pdf,File Open,False,False,
F-C1018-9-2,05/11/2011 11:02:00,C1018,PC-C1018,C:\docs\report_2.pdf,File Open,False,False,
F-C1018-9-3,05/11/2011 11:03:00,C1018,PC-C1018,C:\docs\report_3.pdf,File Open,False,False,
F-C1018-9-4,05/11/2011 11:04:00,C1018,PC-C1018,C:\docs\report_4.pdf,File Open,False,False,
F-C1018-9-5,05/11/2011 11:05:00,C1018,PC-C1018,C:\docs\report_5.pdf,File Open,False,False,
F-C1018-9-6,05/11/2011 11:06:00,C1018,PC-C1018,C:\docs\report_6.pdf,File Open,False,False,
F-C1018-9-7,05/11/2011 11:07:00,C1018,PC-C1018,C:\docs\report_7.pdf,File Open,False,False,
F-C1019-9-0,05/11/2011 11:00:00,C1019,PC-C1019,C:\docs\report_0.pdf,File Open,False,False,
F-C1019-9-1,05/11/2011 11:01:00,C1019,PC-C1019,C:\docs\report_1.pdf,File Open,False,False,
F-C1019-9-2,05/11/2011 11:02:00,C1019,PC-C1019,C:\docs\report_2.pdf,File Open,False,False,
F-C1019-9-3,05/11/2011 11:03:00,C1019,PC-C1019,C:\docs\report_3.pdf,File Open,False,False,
F-C1019-9-4,05/11/2011 11:04:00,C1019,PC-C1019,C:\docs\report_4.pdf,File Open,False,False,
F-C1019-9-5,05/11/2011 11:05:00,C1019,PC-C1019,C:\docs\report_5.pdf,File Open,False,False,
F-C1019-9-6,05/11/2011 11:06:00,C1019,PC-C1019,C:\docs\report_6.pdf,File Open,False,False,
F-C1019-9-7,05/11/2011 11:07:00,C1019,PC-C1019,C:\docs\report_7.pdf,File Open,False,False,
F-C1019-9-8,05/11/2011 11:08:00,C1019,PC-C1019,C:\docs\report_8.pdf,File Open,False,False,
F-C1000-10-0,05/12/2011 11:00:00,C1000,PC-C1000,R:\docs\confidential_export_0.pdf,File Copy,True,False,
F-C1000-10-1,05/12/2011 11:01:00,C1000,PC-C1000,C:\docs\report_1.pdf,File Open,False,False,
F-C1000-10-2,05/12/2011 11:02:00,C1000,PC-C1000,C:\docs\report_2.pdf,File Open,False,False,
F-C1000-10-3,05/12/2011 11:03:00,C1000,PC-C1000,C:\docs\report_3.pdf,File Open,False,False,
F-C1000-10-4,05/12/2011 11:04:00,C1000,PC-C1000,C:\docs\report_4.pdf,File Open,False,False,
F-C1000-10-5,05/12/2011 11:05:00,C1000,PC-C1000,C:\docs\report_5.pdf,File Open,False,False,
F-C1000-10-6,05/12/2011 11:06:00,C1000,PC-C1000,C:\docs\report_6.pdf,File Open,False,False,
F-C1000-10-7,05/12/2011 11:07:00,C1000,PC-C1000,C:\docs\report_7.pdf,File Open,False,False,
F-C1000-10-8,05/12/2011 11:08:00,C1000,PC-C1000,C:\docs\report_8.pdf,File Open,False,False,
F-C1000-10-9,05/12/2011 11:09:00,C1000,PC-C1000,C:\docs\report_9.pdf,File Open,False,False,
F-C1000-10-10,05/12/2011 11:10:00,C1000,PC-C1000,C:\docs\report_10.pdf,File Open,False,False,
F-C1000-10-11,05/12/2011 11:11:00,C1000,PC-C1000,C:\docs\report_11.pdf,File Open,False,False,
F-C1000-10-12,05/12/2011 11:12:00,C1000,PC-C1000,C:\docs\report_12.pdf,File Open,False,False,
F-C1000-10-13,05/12/2011 11:13:00,C1000,PC-C1000,C:\docs\report_13.pdf,File Open,False,False,
F-C1000-10-14,05/12/2011 11:14:00,C1000,PC-C1000,C:\docs\report_14.pdf,File Open,False,False,
F-C1000-10-15,05/12/2011 11:15:00,C1000,PC-C1000,C:\docs\report_15.pdf,File Open,False,False,
F-C1000-10-16,05/12/2011 11:16:00,C1000,PC-C1000,C:\docs\report_16.pdf,File Open,False,False,
F-C1000-10-17,05/12/2011 11:17:00,C1000,PC-C1000,C:\docs\report_17.pdf,File Open,False,False,
F-C1000-10-18,05/12/2011 11:18:00,C1000,PC-C1000,C:\docs\report_18.pdf,File Open,False,False,
F-C1000-10-19,05/12/2011 11:19:00,C1000,PC-C1000,C:\docs\report_19.pdf,File Open,False,False,
F-C1000-10-20,05/12/2011 11:20:00,C1000,PC-C1000,C:\docs\report_20.pdf,File Open,False,False,
F-C1000-10-21,05/12/2011 11:21:00,C1000,PC-C1000,C:\docs\report_21.pdf,File Open,False,False,
F-C1000-10-22,05/12/2011 11:22:00,C1000,PC-C1000,C:\docs\report_22.pdf,File Open,False,False,
F-C1000-10-23,05/12/2011 11:23:00,C1000,PC-C1000,C:\docs\report_23.pdf,File Open,False,False,
F-C1000-10-24,05/12/2011 11:24:00,C1000,PC-C1000,C:\docs\report_24.pdf,File Open,False,False,
F-C1000-10-25,05/12/2011 11:25:00,C1000,PC-C1000,C:\docs\report_25.pdf,File Open,False,False,
F-C1001-10-0,05/12/2011 11:00:00,C1001,PC-C1001,C:\docs\report_0.pdf,File Open,False,False,
F-C1001-10-1,05/12/2011 11:01:00,C1001,PC-C1001,C:\docs\report_1.pdf,File Open,False,False,
F-C1001-10-2,05/12/2011 11:02:00,C1001,PC-C1001,C:\docs\report_2.pdf,File Open,False,False,
F-C1001-10-3,05/12/2011 11:03:00,C1001,PC-C1001,C:\docs\report_3.pdf,File Open,False,False,
F-C1001-10-4,05/12/2011 11:04:00,C1001,PC-C1001,C:\docs\report_4.pdf,File Open,False,False,
F-C1001-10-5,05/12/2011 11:05:00,C1001,PC-C1001,C:\docs\report_5.pdf,File Open,False,False,
F-C1001-10-6,05/12/2011 11:06:00,C1001,PC-C1001,C:\docs\report_6.pdf,File Open,False,False,
F-C1001-10-7,05/12/2011 11:07:00,C1001,PC-C1001,C:\docs\report_7.pdf,File Open,False,False,
F-C1001-10-8,05/12/2011 11:08:00,C1001,PC-C1001,C:\docs\report_8.pdf,File Open,False,False,
F-C1001-10-9,05/12/2011 11:09:00,C1001,PC-C1001,C:\docs\report_9.pdf,File Open,False,False,
F-C1002-10-0,05/12/2011 11:00:00,C1002,PC-C1002,C:\docs\report_0.pdf,File Open,False,False,
F-C1002-10-1,05/12/2011 11:01:00,C1002,PC-C1002,C:\docs\report_1.pdf,File Open,False,False,
F-C1002-10-2,05/12/2011 11:02:00,C1002,PC-C1002,C:\docs\report_2.pdf,File Open,False,False,
F-C1002-10-3,05/12/2011 11:03:00,C1002,PC-C1002,C:\docs\report_3.pdf,File Open,False,False,
F-C1002-10-4,05/12/2011 11:04:00,C1002,PC-C1002,C:\docs\report_4.pdf,File Open,False,False,
F-C1002-10-5,05/12/2011 11:05:00,C1002,PC-C1002,C:\docs\report_5.pdf,File Open,False,False,
F-C1002-10-6,05/12/2011 11:06:00,C1002,PC-C1002,C:\docs\report_6.pdf,File Open,False,False,
F-C1002-10-7,05/12/2011 11:07:00,C1002,PC-C1002,C:\docs\report_7.pdf,File Open,False,False,
F-C1003-10-0,05/12/2011 11:00:00,C1003,PC-C1003,C:\docs\report_0.pdf,File Open,False,False,
F-C1003-10-1,05/12/2011 11:01:00,C1003,PC-C1003,C:\docs\report_1.pdf,File Open,False,False,
F-C1003-10-2,05/12/2011 11:02:00,C1003,PC-C1003,C:\docs\report_2.pdf,File Open,False,False,
F-C1003-10-3,05/12/2011 11:03:00,C1003,PC-C1003,C:\docs\report_3.pdf,File Open,False,False,
F-C1003-10-4,05/12/2011 11:04:00,C1003,PC-C1003,C:\docs\report_4.pdf,File Open,False,False,
F-C1003-10-5,05/12/2011 11:05:00,C1003,PC-C1003,C:\docs\report_5.pdf,File Open,False,False,
F-C1003-10-6,05/12/2011 11:06:00,C1003,PC-C1003,C:\docs\report_6.pdf,File Open,False,False,
F-C1003-10-7,05/12/2011 11:07:00,C1003,PC-C1003,C:\docs\report_7.pdf,File Open,False,False,
F-C1003-10-8,05/12/2011 11:08:00,C1003,PC-C1003,C:\docs\report_8.pdf,File Open,False,False,
F-C1004-10-0,05/12/2011 11:00:00,C1004,PC-C1004,C:\docs\report_0.pdf,File Open,False,False,
F-C1004-10-1,05/12/2011 11:01:00,C1004,PC-C1004,C:\docs\report_1.pdf,File Open,False,False,
F-C1004-10-2,05/12/2011 11:02:00,C1004,PC-C1004,C:\docs\report_2.pdf,File Open,False,False,
F-C1004-10-3,05/12/2011 11:03:00,C1004,PC-C1004,C:\docs\report_3.pdf,File Open,False,False,
F-C1004-10-4,05/12/2011 11:04:00,C1004,PC-C1004,C:\docs\report_4.pdf,File Open,False,False,
F-C1004-10-5,05/12/2011 11:05:00,C1004,PC-C1004,C:\docs\report_5.pdf,File Open,False,False,
F-C1004-10-6,05/12/2011 11:06:00,C1004,PC-C1004,C:\docs\report_6.pdf,File Open,False,False,
F-C1004-10-7,05/12/2011 11:07:00,C1004,PC-C1004,C:\docs\report_7.pdf,File Open,False,False,
F-C1004-10-8,05/12/2011 11:08:00,C1004,PC-C1004,C:\docs\report_8.pdf,File Open,False,False,
F-C1004-10-9,05/12/2011 11:09:00,C1004,PC-C1004,C:\docs\report_9.pdf,File Open,False,False,
F-C1005-10-0,05/12/2011 11:00:00,C1005,PC-C1005,C:\docs\report_0.pdf,File Open,False,False,
F-C1005-10-1,05/12/2011 11:01:00,C1005,PC-C1005,C:\docs\report_1.pdf,File Open,False,False,
F-C1005-10-2,05/12/2011 11:02:00,C1005,PC-C1005,C:\docs\report_2.pdf,File Open,False,False,
F-C1005-10-3,05/12/2011 11:03:00,C1005,PC-C1005,C:\docs\report_3.pdf,File Open,False,False,
F-C1005-10-4,05/12/2011 11:04:00,C1005,PC-C1005,C:\docs\report_4.pdf,File Open,False,False,
F-C1005-10-5,05/12/2011 11:05:00,C1005,PC-C1005,C:\docs\report_5.pdf,File Open,False,False,
F-C1005-10-6,05/12/2011 11:06:00,C1005,PC-C1005,C:\docs\report_6.pdf,File Open,False,False,
F-C1005-10-7,05/12/2011 11:07:00,C1005,PC-C1005,C:\docs\report_7.pdf,File Open,False,False,
F-C1006-10-0,05/12/2011 11:00:00,C1006,PC-C1006,C:\docs\report_0.pdf,File Open,False,False,
F-C1006-10-1,05/12/2011 11:01:00,C1006,PC-C1006,C:\docs\report_1.pdf,File Open,False,False,
F-C1006-10-2,05/12/2011 11:02:00,C1006,PC-C1006,C:\docs\report_2.pdf,File Open,False,False,
F-C1006-10-3,05/12/2011 11:03:00,C1006,PC-C1006,C:\docs\report_3.pdf,File Open,False,False,
F-C1006-10-4,05/12/2011 11:04:00,C1006,PC-C1006,C:\docs\report_4.pdf,File Open,False,False,
F-C1006-10-5,05/12/2011 11:05:00,C1006,PC-C1006,C:\docs\report_5.pdf,File Open,False,False,
F-C1006-10-6,05/12/2011 11:06:00,C1006,PC-C1006,C:\docs\report_6.pdf,File Open,False,False,
F-C1006-10-7,05/12/2011 11:07:00,C1006,PC-C1006,C:\docs\report_7.pdf,File Open,False,False,
F-C1006-10-8,05/12/2011 11:08:00,C1006,PC-C1006,C:\docs\report_8.pdf,File Open,False,False,
F-C1007-10-0,05/12/2011 11:00:00,C1007,PC-C1007,C:\docs\report_0.pdf,File Open,False,False,
F-C1007-10-1,05/12/2011 11:01:00,C1007,PC-C1007,C:\docs\report_1.pdf,File Open,False,False,
F-C1007-10-2,05/12/2011 11:02:00,C1007,PC-C1007,C:\docs\report_2.pdf,File Open,False,False,
F-C1007-10-3,05/12/2011 11:03:00,C1007,PC-C1007,C:\docs\report_3.pdf,File Open,False,False,
F-C1007-10-4,05/12/2011 11:04:00,C1007,PC-C1007,C:\docs\report_4.pdf,File Open,False,False,
F-C1007-10-5,05/12/2011 11:05:00,C1007,PC-C1007,C:\docs\report_5.pdf,File Open,False,False,
F-C1007-10-6,05/12/2011 11:06:00,C1007,PC-C1007,C:\docs\report_6.pdf,File Open,False,False,
F-C1007-10-7,05/12/2011 11:07:00,C1007,PC-C1007,C:\docs\report_7.pdf,File Open,False,False,
F-C1007-10-8,05/12/2011 11:08:00,C1007,PC-C1007,C:\docs\report_8.pdf,File Open,False,False,
F-C1007-10-9,05/12/2011 11:09:00,C1007,PC-C1007,C:\docs\report_9.pdf,File Open,False,False,
F-C1008-10-0,05/12/2011 11:00:00,C1008,PC-C1008,C:\docs\report_0.pdf,File Open,False,False,
F-C1008-10-1,05/12/2011 11:01:00,C1008,PC-C1008,C:\docs\report_1.pdf,File Open,False,False,
F-C1008-10-2,05/12/2011 11:02:00,C1008,PC-C1008,C:\docs\report_2.pdf,File Open,False,False,
F-C1008-10-3,05/12/2011 11:03:00,C1008,PC-C1008,C:\docs\report_3.pdf,File Open,False,False,
F-C1008-10-4,05/12/2011 11:04:00,C1008,PC-C1008,C:\docs\report_4.pdf,File Open,False,False,
F-C1008-10-5,05/12/2011 11:05:00,C1008,PC-C1008,C:\docs\report_5.pdf,File Open,False,False,
F-C1008-10-6,05/12/2011 11:06:00,C1008,PC-C1008,C:\docs\report_6.pdf,File Open,False,False,
F-C1008-10-7,05/12/2011 11:07:00,C1008,PC-C1008,C:\docs\report_7.pdf,File Open,False,False,
F-C1009-10-0,05/12/2011 11:00:00,C1009,PC-C1009,C:\docs\report_0.pdf,File Open,False,False,
F-C1009-10-1,05/12/2011 11:01:00,C1009,PC-C1009,C:\docs\report_1.pdf,File Open,False,False,
F-C1009-10-2,05/12/2011 11:02:00,C1009,PC-C1009,C:\docs\report_2.pdf,File Open,False,False,
F-C1009-10-3,05/12/2011 11:03:00,C1009,PC-C1009,C:\docs\report_3.pdf,File Open,False,False,
F-C1009-10-4,05/12/2011 11:04:00,C1009,PC-C1009,C:\docs\report_4.pdf,File Open,False,False,
F-C1009-10-5,05/12/2011 11:05:00,C1009,PC-C1009,C:\docs\report_5.pdf,File Open,False,False,
F-C1009-10-6,05/12/2011 11:06:00,C1009,PC-C1009,C:\docs\report_6.pdf,File Open,False,False,
F-C1009-10-7,05/12/2011 11:07:00,C1009,PC-C1009,C:\docs\report_7.pdf,File Open,False,False,
F-C1009-10-8,05/12/2011 11:08:00,C1009,PC-C1009,C:\docs\report_8.pdf,File Open,False,False,
F-C1010-10-0,05/12/2011 11:00:00,C1010,PC-C1010,C:\docs\report_0.pdf,File Open,False,False,
F-C1010-10-1,05/12/2011 11:01:00,C1010,PC-C1010,C:\docs\report_1.pdf,File Open,False,False,
F-C1010-10-2,05/12/2011 11:02:00,C1010,PC-C1010,C:\docs\report_2.pdf,File Open,False,False,
F-C1010-10-3,05/12/2011 11:03:00,C1010,PC-C1010,C:\docs\report_3.pdf,File Open,False,False,
F-C1010-10-4,05/12/2011 11:04:00,C1010,PC-C1010,C:\docs\report_4.pdf,File Open,False,False,
F-C1010-10-5,05/12/2011 11:05:00,C1010,PC-C1010,C:\docs\report_5.pdf,File Open,False,False,
F-C1010-10-6,05/12/2011 11:06:00,C1010,PC-C1010,C:\docs\report_6.pdf,File Open,False,False,
F-C1010-10-7,05/12/2011 11:07:00,C1010,PC-C1010,C:\docs\report_7.pdf,File Open,False,False,
F-C1010-10-8,05/12/2011 11:08:00,C1010,PC-C1010,C:\docs\report_8.pdf,File Open,False,False,
F-C1010-10-9,05/12/2011 11:09:00,C1010,PC-C1010,C:\docs\report_9.pdf,File Open,False,False,
F-C1011-10-0,05/12/2011 11:00:00,C1011,PC-C1011,C:\docs\report_0.pdf,File Open,False,False,
F-C1011-10-1,05/12/2011 11:01:00,C1011,PC-C1011,C:\docs\report_1.pdf,File Open,False,False,
F-C1011-10-2,05/12/2011 11:02:00,C1011,PC-C1011,C:\docs\report_2.pdf,File Open,False,False,
F-C1011-10-3,05/12/2011 11:03:00,C1011,PC-C1011,C:\docs\report_3.pdf,File Open,False,False,
F-C1011-10-4,05/12/2011 11:04:00,C1011,PC-C1011,C:\docs\report_4.pdf,File Open,False,False,
F-C1011-10-5,05/12/2011 11:05:00,C1011,PC-C1011,C:\docs\report_5.pdf,File Open,False,False,
F-C1011-10-6,05/12/2011 11:06:00,C1011,PC-C1011,C:\docs\report_6.pdf,File Open,False,False,
F-C1011-10-7,05/12/2011 11:07:00,C1011,PC-C1011,C:\docs\report_7.pdf,File Open,False,False,
F-C1012-10-0,05/12/2011 11:00:00,C1012,PC-C1012,C:\docs\report_0.pdf,File Open,False,False,
F-C1012-10-1,05/12/2011 11:01:00,C1012,PC-C1012,C:\docs\report_1.pdf,File Open,False,False,
F-C1012-10-2,05/12/2011 11:02:00,C1012,PC-C1012,C:\docs\report_2.pdf,File Open,False,False,
F-C1012-10-3,05/12/2011 11:03:00,C1012,PC-C1012,C:\docs\report_3.pdf,File Open,False,False,
F-C1012-10-4,05/12/2011 11:04:00,C1012,PC-C1012,C:\docs\report_4.pdf,File Open,False,False,
F-C1012-10-5,05/12/2011 11:05:00,C1012,PC-C1012,C:\docs\report_5.pdf,File Open,False,False,
F-C1012-10-6,05/12/2011 11:06:00,C1012,PC-C1012,C:\docs\report_6.pdf,File Open,False,False,
F-C1012-10-7,05/12/2011 11:07:00,C1012,PC-C1012,C:\docs\report_7.pdf,File Open,False,False,
F-C1012-10-8,05/12/2011 11:08:00,C1012,PC-C1012,C:\docs\report_8.pdf,File Open,False,False,
F-C1013-10-0,05/12/2011 11:00:00,C1013,PC-C1013,C:\docs\report_0.pdf,File Open,False,False,
F-C1013-10-1,05/12/2011 11:01:00,C1013,PC-C1013,C:\docs\report_1.pdf,File Open,False,False,
F-C1013-10-2,05/12/2011 11:02:00,C1013,PC-C1013,C:\docs\report_2.pdf,File Open,False,False,
F-C1013-10-3,05/12/2011 11:03:00,C1013,PC-C1013,C:\docs\report_3.pdf,File Open,False,False,
F-C1013-10-4,05/12/2011 11:04:00,C1013,PC-C1013,C:\docs\report_4.pdf,File Open,False,False,
F-C1013-10-5,05/12/2011 11:05:00,C1013,PC-C1013,C:\docs\report_5.pdf,File Open,False,False,
F-C1013-10-6,05/12/2011 11:06:00,C1013,PC-C1013,C:\docs\report_6.pdf,File Open,False,False,
F-C1013-10-7,05/12/2011 11:07:00,C1013,PC-C1013,C:\docs\report_7.pdf,File Open,False,False,
F-C1013-10-8,05/12/2011 11:08:00,C1013,PC-C1013,C:\docs\report_8.pdf,File Open,False,False,
F-C1013-10-9,05/12/2011 11:09:00,C1013,PC-C1013,C:\docs\report_9.pdf,File Open,False,False,
F-C1014-10-0,05/12/2011 11:00:00,C1014,PC-C1014,C:\docs\report_0.pdf,File Open,False,False,
F-C1014-10-1,05/12/2011 11:01:00,C1014,PC-C1014,C:\docs\report_1.pdf,File Open,False,False,
F-C1014-10-2,05/12/2011 11:02:00,C1014,PC-C1014,C:\docs\report_2.pdf,File Open,False,False,
F-C1014-10-3,05/12/2011 11:03:00,C1014,PC-C1014,C:\docs\report_3.pdf,File Open,False,False,
F-C1014-10-4,05/12/2011 11:04:00,C1014,PC-C1014,C:\docs\report_4.pdf,File Open,False,False,
F-C1014-10-5,05/12/2011 11:05:00,C1014,PC-C1014,C:\docs\report_5.pdf,File Open,False,False,
F-C1014-10-6,05/12/2011 11:06:00,C1014,PC-C1014,C:\docs\report_6.pdf,File Open,False,False,
F-C1014-10-7,05/12/2011 11:07:00,C1014,PC-C1014,C:\docs\report_7.pdf,File Open,False,False,
F-C1015-10-0,05/12/2011 11:00:00,C1015,PC-C1015,C:\docs\report_0.pdf,File Open,False,False,
F-C1015-10-1,05/12/2011 11:01:00,C1015,PC-C1015,C:\docs\report_1.pdf,File Open,False,False,
F-C1015-10-2,05/12/2011 11:02:00,C1015,PC-C1015,C:\docs\report_2.pdf,File Open,False,False,
F-C1015-10-3,05/12/2011 11:03:00,C1015,PC-C1015,C:\docs\report_3.pdf,File Open,False,False,
F-C1015-10-4,05/12/2011 11:04:00,C1015,PC-C1015,C:\docs\report_4.pdf,File Open,False,False,
F-C1015-10-5,05/12/2011 11:05:00,C1015,PC-C1015,C:\docs\report_5.pdf,File Open,False,False,
F-C1015-10-6,05/12/2011 11:06:00,C1015,PC-C1015,C:\docs\report_6.pdf,File Open,False,False,
F-C1015-10-7,05/12/2011 11:07:00,C1015,PC-C1015,C:\docs\report_7.pdf,File Open,False,False,
F-C1015-10-8,05/12/2011 11:08:00,C1015,PC-C1015,C:\docs\report_8.pdf,File Open,False,False,
F-C1016-10-0,05/12/2011 11:00:00,C1016,PC-C1016,C:\docs\report_0.pdf,File Open,False,False,
F-C1016-10-1,05/12/2011 11:01:00,C1016,PC-C1016,C:\docs\report_1.pdf,File Open,False,False,
F-C1016-10-2,05/12/2011 11:02:00,C1016,PC-C1016,C:\docs\report_2.pdf,File Open,False,False,
F-C1016-10-3,05/12/2011 11:03:00,C1016,PC-C1016,C:\docs\report_3.pdf,File Open,False,False,
F-C1016-10-4,05/12/2011 11:04:00,C1016,PC-C1016,C:\docs\report_4.pdf,File Open,False,False,
F-C1016-10-5,05/12/2011 11:05:00,C1016,PC-C1016,C:\docs\report_5.pdf,File Open,False,False,
F-C1016-10-6,05/12/2011 11:06:00,C1016,PC-C1016,C:\docs\report_6.pdf,File Open,False,False,
F-C1016-10-7,05/12/2011 11:07:00,C1016,PC-C1016,C:\docs\report_7.pdf,File Open,False,False,
F-C1016-10-8,05/12/2011 11:08:00,C1016,PC-C1016,C:\docs\report_8.pdf,File Open,False,False,
F-C1016-10-9,05/12/2011 11:09:00,C1016,PC-C1016,C:\docs\report_9.pdf,File Open,False,False,
F-C1017-10-0,05/12/2011 11:00:00,C1017,PC-C1017,C:\docs\report_0.pdf,File Open,False,False,
F-C1017-10-1,05/12/2011 11:01:00,C1017,PC-C1017,C:\docs\report_1.pdf,File Open,False,False,
F-C1017-10-2,05/12/2011 11:02:00,C1017,PC-C1017,C:\docs\report_2.pdf,File Open,False,False,
F-C1017-10-3,05/12/2011 11:03:00,C1017,PC-C1017,C:\docs\report_3.pdf,File Open,False,False,
F-C1017-10-4,05/12/2011 11:04:00,C1017,PC-C1017,C:\docs\report_4.pdf,File Open,False,False,
F-C1017-10-5,05/12/2011 11:05:00,C1017,PC-C1017,C:\docs\report_5.pdf,File Open,False,False,
F-C1017-10-6,05/12/2011 11:06:00,C1017,PC-C1017,C:\docs\report_6.pdf,File Open,False,False,
F-C1017-10-7,05/12/2011 11:07:00,C1017,PC-C1017,C:\docs\report_7.pdf,File Open,False,False,
F-C1018-10-0,05/12/2011 11:00:00,C1018,PC-C1018,C:\docs\report_0.pdf,File Open,False,False,
F-C1018-10-1,05/12/2011 11:01:00,C1018,PC-C1018,C:\docs\report_1.pdf,File Open,False,False,
F-C1018-10-2,05/12/2011 11:02:00,C1018,PC-C1018,C:\docs\report_2.pdf,File Open,False,False,
F-C1018-10-3,05/12/2011 11:03:00,C1018,PC-C1018,C:\docs\report_3.pdf,File Open,False,False,
F-C1018-10-4,05/12/2011 11:04:00,C1018,PC-C1018,C:\docs\report_4.pdf,File Open,False,False,
F-C1018-10-5,05/12/2011 11:05:00,C1018,PC-C1018,C:\docs\report_5.pdf,File Open,False,False,
F-C1018-10-6,05/12/2011 11:06:00,C1018,PC-C1018,C:\docs\report_6.pdf,File Open,False,False,
F-C1018-10-7,05/12/2011 11:07:00,C1018,PC-C1018,C:\docs\report_7.pdf,File Open,False,False,
F-C1018-10-8,05/12/2011 11:08:00,C1018,PC-C1018,C:\docs\report_8.pdf,File Open,False,False,
F-C1019-10-0,05/12/2011 11:00:00,C1019,PC-C1019,C:\docs\report_0.pdf,File Open,False,False,
F-C1019-10-1,05/12/2011 11:01:00,C1019,PC-C1019,C:\docs\report_1.pdf,File Open,False,False,
F-C1019-10-2,05/12/2011 11:02:00,C1019,PC-C1019,C:\docs\report_2.pdf,File Open,False,False,
F-C1019-10-3,05/12/2011 11:03:00,C1019,PC-C1019,C:\docs\report_3.pdf,File Open,False,False,
F-C1019-10-4,05/12/2011 11:04:00,C1019,PC-C1019,C:\docs\report_4.pdf,File Open,False,False,
F-C1019-10-5,05/12/2011 11:05:00,C1019,PC-C1019,C:\docs\report_5.pdf,File Open,False,False,
F-C1019-10-6,05/12/2011 11:06:00,C1019,PC-C1019,C:\docs\report_6.pdf,File Open,False,False,
F-C1019-10-7,05/12/2011 11:07:00,C1019,PC-C1019,C:\docs\report_7.pdf,File Open,False,False,
F-C1019-10-8,05/12/2011 11:08:00,C1019,PC-C1019,C:\docs\report_8.pdf,File Open,False,False,
F-C1019-10-9,05/12/2011 11:09:00,C1019,PC-C1019,C:\docs\report_9.pdf,File Open,False,False,
F-C1000-11-0,05/13/2011 11:00:00,C1000,PC-C1000,R:\docs\confidential_export_0.pdf,File Copy,True,False,
F-C1000-11-1,05/13/2011 11:01:00,C1000,PC-C1000,R:\docs\confidential_export_1.pdf,File Copy,True,False,
F-C1000-11-2,05/13/2011 11:02:00,C1000,PC-C1000,C:\docs\report_2.pdf,File Open,False,False,
F-C1000-11-3,05/13/2011 11:03:00,C1000,PC-C1000,C:\docs\report_3.pdf,File Open,False,False,
F-C1000-11-4,05/13/2011 11:04:00,C1000,PC-C1000,C:\docs\report_4.pdf,File Open,False,False,
F-C1000-11-5,05/13/2011 11:05:00,C1000,PC-C1000,C:\docs\report_5.pdf,File Open,False,False,
F-C1000-11-6,05/13/2011 11:06:00,C1000,PC-C1000,C:\docs\report_6.pdf,File Open,False,False,
F-C1000-11-7,05/13/2011 11:07:00,C1000,PC-C1000,C:\docs\report_7.pdf,File Open,False,False,
F-C1000-11-8,05/13/2011 11:08:00,C1000,PC-C1000,C:\docs\report_8.pdf,File Open,False,False,
F-C1000-11-9,05/13/2011 11:09:00,C1000,PC-C1000,C:\docs\report_9.pdf,File Open,False,False,
F-C1000-11-10,05/13/2011 11:10:00,C1000,PC-C1000,C:\docs\report_10.pdf,File Open,False,False,
F-C1000-11-11,05/13/2011 11:11:00,C1000,PC-C1000,C:\docs\report_11.pdf,File Open,False,False,
F-C1000-11-12,05/13/2011 11:12:00,C1000,PC-C1000,C:\docs\report_12.pdf,File Open,False,False,
F-C1000-11-13,05/13/2011 11:13:00,C1000,PC-C1000,C:\docs\report_13.pdf,File Open,False,False,
F-C1000-11-14,05/13/2011 11:14:00,C1000,PC-C1000,C:\docs\report_14.pdf,File Open,False,False,
F-C1000-11-15,05/13/2011 11:15:00,C1000,PC-C1000,C:\docs\report_15.pdf,File Open,False,False,
F-C1000-11-16,05/13/2011 11:16:00,C1000,PC-C1000,C:\docs\report_16.pdf,File Open,False,False,
F-C1000-11-17,05/13/2011 11:17:00,C1000,PC-C1000,C:\docs\report_17.pdf,File Open,False,False,
F-C1000-11-18,05/13/2011 11:18:00,C1000,PC-C1000,C:\docs\report_18.pdf,File Open,False,False,
F-C1000-11-19,05/13/2011 11:19:00,C1000,PC-C1000,C:\docs\report_19.pdf,File Open,False,False,
F-C1000-11-20,05/13/2011 11:20:00,C1000,PC-C1000,C:\docs\report_20.pdf,File Open,False,False,
F-C1000-11-21,05/13/2011 11:21:00,C1000,PC-C1000,C:\docs\report_21.pdf,File Open,False,False,
F-C1000-11-22,05/13/2011 11:22:00,C1000,PC-C1000,C:\docs\report_22.pdf,File Open,False,False,
F-C1000-11-23,05/13/2011 11:23:00,C1000,PC-C1000,C:\docs\report_23.pdf,File Open,False,False,
F-C1000-11-24,05/13/2011 11:24:00,C1000,PC-C1000,C:\docs\report_24.pdf,File Open,False,False,
F-C1000-11-25,05/13/2011 11:25:00,C1000,PC-C1000,C:\docs\report_25.pdf,File Open,False,False,
F-C1000-11-26,05/13/2011 11:26:00,C1000,PC-C1000,C:\docs\report_26.pdf,File Open,False,False,
F-C1000-11-27,05/13/2011 11:27:00,C1000,PC-C1000,C:\docs\report_27.pdf,File Open,False,False,
F-C1001-11-0,05/13/2011 11:00:00,C1001,PC-C1001,C:\docs\report_0.pdf,File Open,False,False,
F-C1001-11-1,05/13/2011 11:01:00,C1001,PC-C1001,C:\docs\report_1.pdf,File Open,False,False,
F-C1001-11-2,05/13/2011 11:02:00,C1001,PC-C1001,C:\docs\report_2.pdf,File Open,False,False,
F-C1001-11-3,05/13/2011 11:03:00,C1001,PC-C1001,C:\docs\report_3.pdf,File Open,False,False,
F-C1001-11-4,05/13/2011 11:04:00,C1001,PC-C1001,C:\docs\report_4.pdf,File Open,False,False,
F-C1001-11-5,05/13/2011 11:05:00,C1001,PC-C1001,C:\docs\report_5.pdf,File Open,False,False,
F-C1001-11-6,05/13/2011 11:06:00,C1001,PC-C1001,C:\docs\report_6.pdf,File Open,False,False,
F-C1001-11-7,05/13/2011 11:07:00,C1001,PC-C1001,C:\docs\report_7.pdf,File Open,False,False,
F-C1002-11-0,05/13/2011 11:00:00,C1002,PC-C1002,C:\docs\report_0.pdf,File Open,False,False,
F-C1002-11-1,05/13/2011 11:01:00,C1002,PC-C1002,C:\docs\report_1.pdf,File Open,False,False,
F-C1002-11-2,05/13/2011 11:02:00,C1002,PC-C1002,C:\docs\report_2.pdf,File Open,False,False,
F-C1002-11-3,05/13/2011 11:03:00,C1002,PC-C1002,C:\docs\report_3.pdf,File Open,False,False,
F-C1002-11-4,05/13/2011 11:04:00,C1002,PC-C1002,C:\docs\report_4.pdf,File Open,False,False,
F-C1002-11-5,05/13/2011 11:05:00,C1002,PC-C1002,C:\docs\report_5.pdf,File Open,False,False,
F-C1002-11-6,05/13/2011 11:06:00,C1002,PC-C1002,C:\docs\report_6.pdf,File Open,False,False,
F-C1002-11-7,05/13/2011 11:07:00,C1002,PC-C1002,C:\docs\report_7.pdf,File Open,False,False,
F-C1002-11-8,05/13/2011 11:08:00,C1002,PC-C1002,C:\docs\report_8.pdf,File Open,False,False,
F-C1003-11-0,05/13/2011 11:00:00,C1003,PC-C1003,C:\docs\report_0.pdf,File Open,False,False,
F-C1003-11-1,05/13/2011 11:01:00,C1003,PC-C1003,C:\docs\report_1.pdf,File Open,False,False,
F-C1003-11-2,05/13/2011 11:02:00,C1003,PC-C1003,C:\docs\report_2.pdf,File Open,False,False,
F-C1003-11-3,05/13/2011 11:03:00,C1003,PC-C1003,C:\docs\report_3.pdf,File Open,False,False,
F-C1003-11-4,05/13/2011 11:04:00,C1003,PC-C1003,C:\docs\report_4.pdf,File Open,False,False,
F-C1003-11-5,05/13/2011 11:05:00,C1003,PC-C1003,C:\docs\report_5.pdf,File Open,False,False,
F-C1003-11-6,05/13/2011 11:06:00,C1003,PC-C1003,C:\docs\report_6.pdf,File Open,False,False,
F-C1003-11-7,05/13/2011 11:07:00,C1003,PC-C1003,C:\docs\report_7.pdf,File Open,False,False,
F-C1003-11-8,05/13/2011 11:08:00,C1003,PC-C1003,C:\docs\report_8.pdf,File Open,False,False,
F-C1003-11-9,05/13/2011 11:09:00,C1003,PC-C1003,C:\docs\report_9.pdf,File Open,False,False,
F-C1004-11-0,05/13/2011 11:00:00,C1004,PC-C1004,C:\docs\report_0.pdf,File Open,False,False,
F-C1004-11-1,05/13/2011 11:01:00,C1004,PC-C1004,C:\docs\report_1.pdf,File Open,False,False,
F-C1004-11-2,05/13/2011 11:02:00,C1004,PC-C1004,C:\docs\report_2.pdf,File Open,False,False,
F-C1004-11-3,05/13/2011 11:03:00,C1004,PC-C1004,C:\docs\report_3.pdf,File Open,False,False,
F-C1004-11-4,05/13/2011 11:04:00,C1004,PC-C1004,C:\docs\report_4.pdf,File Open,False,False,
F-C1004-11-5,05/13/2011 11:05:00,C1004,PC-C1004,C:\docs\report_5.pdf,File Open,False,False,
F-C1004-11-6,05/13/2011 11:06:00,C1004,PC-C1004,C:\docs\report_6.pdf,File Open,False,False,
F-C1004-11-7,05/13/2011 11:07:00,C1004,PC-C1004,C:\docs\report_7.pdf,File Open,False,False,
F-C1005-11-0,05/13/2011 11:00:00,C1005,PC-C1005,C:\docs\report_0.pdf,File Open,False,False,
F-C1005-11-1,05/13/2011 11:01:00,C1005,PC-C1005,C:\docs\report_1.pdf,File Open,False,False,
F-C1005-11-2,05/13/2011 11:02:00,C1005,PC-C1005,C:\docs\report_2.pdf,File Open,False,False,
F-C1005-11-3,05/13/2011 11:03:00,C1005,PC-C1005,C:\docs\report_3.pdf,File Open,False,False,
F-C1005-11-4,05/13/2011 11:04:00,C1005,PC-C1005,C:\docs\report_4.pdf,File Open,False,False,
F-C1005-11-5,05/13/2011 11:05:00,C1005,PC-C1005,C:\docs\report_5.pdf,File Open,False,False,
F-C1005-11-6,05/13/2011 11:06:00,C1005,PC-C1005,C:\docs\report_6.pdf,File Open,False,False,
F-C1005-11-7,05/13/2011 11:07:00,C1005,PC-C1005,C:\docs\report_7.pdf,File Open,False,False,
F-C1005-11-8,05/13/2011 11:08:00,C1005,PC-C1005,C:\docs\report_8.pdf,File Open,False,False,
F-C1006-11-0,05/13/2011 11:00:00,C1006,PC-C1006,C:\docs\report_0.pdf,File Open,False,False,
F-C1006-11-1,05/13/2011 11:01:00,C1006,PC-C1006,C:\docs\report_1.pdf,File Open,False,False,
F-C1006-11-2,05/13/2011 11:02:00,C1006,PC-C1006,C:\docs\report_2.pdf,File Open,False,False,
F-C1006-11-3,05/13/2011 11:03:00,C1006,PC-C1006,C:\docs\report_3.pdf,File Open,False,False,
F-C1006-11-4,05/13/2011 11:04:00,C1006,PC-C1006,C:\docs\report_4.pdf,File Open,False,False,
F-C1006-11-5,05/13/2011 11:05:00,C1006,PC-C1006,C:\docs\report_5.pdf,File Open,False,False,
F-C1006-11-6,05/13/2011 11:06:00,C1006,PC-C1006,C:\docs\report_6.pdf,File Open,False,False,
F-C1006-11-7,05/13/2011 11:07:00,C1006,PC-C1006,C:\docs\report_7.pdf,File Open,False,False,
F-C1006-11-8,05/13/2011 11:08:00,C1006,PC-C1006,C:\docs\report_8.pdf,File Open,False,False,
F-C1006-11-9,05/13/2011 11:09:00,C1006,PC-C1006,C:\docs\report_9.pdf,File Open,False,False,
F-C1007-11-0,05/13/2011 11:00:00,C1007,PC-C1007,C:\docs\report_0.pdf,File Open,False,False,
F-C1007-11-1,05/13/2011 11:01:00,C1007,PC-C1007,C:\docs\report_1.pdf,File Open,False,False,
F-C1007-11-2,05/13/2011 11:02:00,C1007,PC-C1007,C:\docs\report_2.pdf,File Open,False,False,
F-C1007-11-3,05/13/2011 11:03:00,C1007,PC-C1007,C:\docs\report_3.pdf,File Open,False,False,
F-C1007-11-4,05/13/2011 11:04:00,C1007,PC-C1007,C:\docs\report_4.pdf,File Open,False,False,
F-C1007-11-5,05/13/2011 11:05:00,C1007,PC-C1007,C:\docs\report_5.pdf,File Open,False,False,
F-C1007-11-6,05/13/2011 11:06:00,C1007,PC-C1007,C:\docs\report_6.pdf,File Open,False,False,
F-C1007-11-7,05/13/2011 11:07:00,C1007,PC-C1007,C:\docs\report_7.pdf,File Open,False,False,
F-C1008-11-0,05/13/2011 11:00:00,C1008,PC-C1008,C:\docs\report_0.pdf,File Open,False,False,
F-C1008-11-1,05/13/2011 11:01:00,C1008,PC-C1008,C:\docs\report_1.pdf,File Open,False,False,
F-C1008-11-2,05/13/2011 11:02:00,C1008,PC-C1008,C:\docs\report_2.pdf,File Open,False,False,
F-C1008-11-3,05/13/2011 11:03:00,C1008,PC-C1008,C:\docs\report_3.pdf,File Open,False,False,
F-C1008-11-4,05/13/2011 11:04:00,C1008,PC-C1008,C:\docs\report_4.pdf,File Open,False,False,
F-C1008-11-5,05/13/2011 11:05:00,C1008,PC-C1008,C:\docs\report_5.pdf,File Open,False,False,
F-C1008-11-6,05/13/2011 11:06:00,C1008,PC-C1008,C:\docs\report_6.pdf,File Open,False,False,
F-C1008-11-7,05/13/2011 11:07:00,C1008,PC-C1008,C:\docs\report_7.pdf,File Open,False,False,
F-C1008-11-8,05/13/2011 11:08:00,C1008,PC-C1008,C:\docs\report_8.pdf,File Open,False,False,
F-C1009-11-0,05/13/2011 11:00:00,C1009,PC-C1009,C:\docs\report_0.pdf,File Open,False,False,
F-C1009-11-1,05/13/2011 11:01:00,C1009,PC-C1009,C:\docs\report_1.pdf,File Open,False,False,
F-C1009-11-2,05/13/2011 11:02:00,C1009,PC-C1009,C:\docs\report_2.pdf,File Open,False,False,
F-C1009-11-3,05/13/2011 11:03:00,C1009,PC-C1009,C:\docs\report_3.pdf,File Open,False,False,
F-C1009-11-4,05/13/2011 11:04:00,C1009,PC-C1009,C:\docs\report_4.pdf,File Open,False,False,
F-C1009-11-5,05/13/2011 11:05:00,C1009,PC-C1009,C:\docs\report_5.pdf,File Open,False,False,
F-C1009-11-6,05/13/2011 11:06:00,C1009,PC-C1009,C:\docs\report_6.pdf,File Open,False,False,
F-C1009-11-7,05/13/2011 11:07:00,C1009,PC-C1009,C:\docs\report_7.pdf,File Open,False,False,
F-C1009-11-8,05/13/2011 11:08:00,C1009,PC-C1009,C:\docs\report_8.pdf,File Open,False,False,
F-C1009-11-9,05/13/2011 11:09:00,C1009,PC-C1009,C:\docs\report_9.pdf,File Open,False,False,
F-C1010-11-0,05/13/2011 11:00:00,C1010,PC-C1010,C:\docs\report_0.pdf,File Open,False,False,
F-C1010-11-1,05/13/2011 11:01:00,C1010,PC-C1010,C:\docs\report_1.pdf,File Open,False,False,
F-C1010-11-2,05/13/2011 11:02:00,C1010,PC-C1010,C:\docs\report_2.pdf,File Open,False,False,
F-C1010-11-3,05/13/2011 11:03:00,C1010,PC-C1010,C:\docs\report_3.pdf,File Open,False,False,
F-C1010-11-4,05/13/2011 11:04:00,C1010,PC-C1010,C:\docs\report_4.pdf,File Open,False,False,
F-C1010-11-5,05/13/2011 11:05:00,C1010,PC-C1010,C:\docs\report_5.pdf,File Open,False,False,
F-C1010-11-6,05/13/2011 11:06:00,C1010,PC-C1010,C:\docs\report_6.pdf,File Open,False,False,
F-C1010-11-7,05/13/2011 11:07:00,C1010,PC-C1010,C:\docs\report_7.pdf,File Open,False,False,
F-C1011-11-0,05/13/2011 11:00:00,C1011,PC-C1011,C:\docs\report_0.pdf,File Open,False,False,
F-C1011-11-1,05/13/2011 11:01:00,C1011,PC-C1011,C:\docs\report_1.pdf,File Open,False,False,
F-C1011-11-2,05/13/2011 11:02:00,C1011,PC-C1011,C:\docs\report_2.pdf,File Open,False,False,
F-C1011-11-3,05/13/2011 11:03:00,C1011,PC-C1011,C:\docs\report_3.pdf,File Open,False,False,
F-C1011-11-4,05/13/2011 11:04:00,C1011,PC-C1011,C:\docs\report_4.pdf,File Open,False,False,
F-C1011-11-5,05/13/2011 11:05:00,C1011,PC-C1011,C:\docs\report_5.pdf,File Open,False,False,
F-C1011-11-6,05/13/2011 11:06:00,C1011,PC-C1011,C:\docs\report_6.pdf,File Open,False,False,
F-C1011-11-7,05/13/2011 11:07:00,C1011,PC-C1011,C:\docs\report_7.pdf,File Open,False,False,
F-C1011-11-8,05/13/2011 11:08:00,C1011,PC-C1011,C:\docs\report_8.pdf,File Open,False,False,
F-C1012-11-0,05/13/2011 11:00:00,C1012,PC-C1012,C:\docs\report_0.pdf,File Open,False,False,
F-C1012-11-1,05/13/2011 11:01:00,C1012,PC-C1012,C:\docs\report_1.pdf,File Open,False,False,
F-C1012-11-2,05/13/2011 11:02:00,C1012,PC-C1012,C:\docs\report_2.pdf,File Open,False,False,
F-C1012-11-3,05/13/2011 11:03:00,C1012,PC-C1012,C:\docs\report_3.pdf,File Open,False,False,
F-C1012-11-4,05/13/2011 11:04:00,C1012,PC-C1012,C:\docs\report_4.pdf,File Open,False,False,
F-C1012-11-5,05/13/2011 11:05:00,C1012,PC-C1012,C:\docs\report_5.pdf,File Open,False,False,
F-C1012-11-6,05/13/2011 11:06:00,C1012,PC-C1012,C:\docs\report_6.pdf,File Open,False,False,
F-C1012-11-7,05/13/2011 11:07:00,C1012,PC-C1012,C:\docs\report_7.pdf,File Open,False,False,
F-C1012-11-8,05/13/2011 11:08:00,C1012,PC-C1012,C:\docs\report_8.pdf,File Open,False,False,
F-C1012-11-9,05/13/2011 11:09:00,C1012,PC-C1012,C:\docs\report_9.pdf,File Open,False,False,
F-C1013-11-0,05/13/2011 11:00:00,C1013,PC-C1013,C:\docs\report_0.pdf,File Open,False,False,
F-C1013-11-1,05/13/2011 11:01:00,C1013,PC-C1013,C:\docs\report_1.pdf,File Open,False,False,
F-C1013-11-2,05/13/2011 11:02:00,C1013,PC-C1013,C:\docs\report_2.pdf,File Open,False,False,
F-C1013-11-3,05/13/2011 11:03:00,C1013,PC-C1013,C:\docs\report_3.pdf,File Open,False,False,
F-C1013-11-4,05/13/2011 11:04:00,C1013,PC-C1013,C:\docs\report_4.pdf,File Open,False,False,
F-C1013-11-5,05/13/2011 11:05:00,C1013,PC-C1013,C:\docs\report_5.pdf,File Open,False,False,
F-C1013-11-6,05/13/2011 11:06:00,C1013,PC-C1013,C:\docs\report_6.pdf,File Open,False,False,
F-C1013-11-7,05/13/2011 11:07:00,C1013,PC-C1013,C:\docs\report_7.pdf,File Open,False,False,
F-C1014-11-0,05/13/2011 11:00:00,C1014,PC-C1014,C:\docs\report_0.pdf,File Open,False,False,
F-C1014-11-1,05/13/2011 11:01:00,C1014,PC-C1014,C:\docs\report_1.pdf,File Open,False,False,
F-C1014-11-2,05/13/2011 11:02:00,C1014,PC-C1014,C:\docs\report_2.pdf,File Open,False,False,
F-C1014-11-3,05/13/2011 11:03:00,C1014,PC-C1014,C:\docs\report_3.pdf,File Open,False,False,
F-C1014-11-4,05/13/2011 11:04:00,C1014,PC-C1014,C:\docs\report_4.pdf,File Open,False,False,
F-C1014-11-5,05/13/2011 11:05:00,C1014,PC-C1014,C:\docs\report_5.pdf,File Open,False,False,
F-C1014-11-6,05/13/2011 11:06:00,C1014,PC-C1014,C:\docs\report_6.pdf,File Open,False,False,
F-C1014-11-7,05/13/2011 11:07:00,C1014,PC-C1014,C:\docs\report_7.pdf,File Open,False,False,
F-C1014-11-8,05/13/2011 11:08:00,C1014,PC-C1014,C:\docs\report_8.pdf,File Open,False,False,
F-C1015-11-0,05/13/2011 11:00:00,C1015,PC-C1015,C:\docs\report_0.pdf,File Open,False,False,
F-C1015-11-1,05/13/2011 11:01:00,C1015,PC-C1015,C:\docs\report_1.pdf,File Open,False,False,
F-C1015-11-2,05/13/2011 11:02:00,C1015,PC-C1015,C:\docs\report_2.pdf,File Open,False,False,
F-C1015-11-3,05/13/2011 11:03:00,C1015,PC-C1015,C:\docs\report_3.pdf,File Open,False,False,
F-C1015-11-4,05/13/2011 11:04:00,C1015,PC-C1015,C:\docs\report_4.pdf,File Open,False,False,
F-C1015-11-5,05/13/2011 11:05:00,C1015,PC-C1015,C:\docs\report_5.pdf,File Open,False,False,
F-C1015-11-6,05/13/2011 11:06:00,C1015,PC-C1015,C:\docs\report_6.pdf,File Open,False,False,
F-C1015-11-7,05/13/2011 11:07:00,C1015,PC-C1015,C:\docs\report_7.pdf,File Open,False,False,
F-C1015-11-8,05/13/2011 11:08:00,C1015,PC-C1015,C:\docs\report_8.pdf,File Open,False,False,
F-C1015-11-9,05/13/2011 11:09:00,C1015,PC-C1015,C:\docs\report_9.pdf,File Open,False,False,
F-C1016-11-0,05/13/2011 11:00:00,C1016,PC-C1016,C:\docs\report_0.pdf,File Open,False,False,
F-C1016-11-1,05/13/2011 11:01:00,C1016,PC-C1016,C:\docs\report_1.pdf,File Open,False,False,
F-C1016-11-2,05/13/2011 11:02:00,C1016,PC-C1016,C:\docs\report_2.pdf,File Open,False,False,
F-C1016-11-3,05/13/2011 11:03:00,C1016,PC-C1016,C:\docs\report_3.pdf,File Open,False,False,
F-C1016-11-4,05/13/2011 11:04:00,C1016,PC-C1016,C:\docs\report_4.pdf,File Open,False,False,
F-C1016-11-5,05/13/2011 11:05:00,C1016,PC-C1016,C:\docs\report_5.pdf,File Open,False,False,
F-C1016-11-6,05/13/2011 11:06:00,C1016,PC-C1016,C:\docs\report_6.pdf,File Open,False,False,
F-C1016-11-7,05/13/2011 11:07:00,C1016,PC-C1016,C:\docs\report_7.pdf,File Open,False,False,
F-C1017-11-0,05/13/2011 11:00:00,C1017,PC-C1017,C:\docs\report_0.pdf,File Open,False,False,
F-C1017-11-1,05/13/2011 11:01:00,C1017,PC-C1017,C:\docs\report_1.pdf,File Open,False,False,
F-C1017-11-2,05/13/2011 11:02:00,C1017,PC-C1017,C:\docs\report_2.pdf,File Open,False,False,
F-C1017-11-3,05/13/2011 11:03:00,C1017,PC-C1017,C:\docs\report_3.pdf,File Open,False,False,
F-C1017-11-4,05/13/2011 11:04:00,C1017,PC-C1017,C:\docs\report_4.pdf,File Open,False,False,
F-C1017-11-5,05/13/2011 11:05:00,C1017,PC-C1017,C:\docs\report_5.pdf,File Open,False,False,
F-C1017-11-6,05/13/2011 11:06:00,C1017,PC-C1017,C:\docs\report_6.pdf,File Open,False,False,
F-C1017-11-7,05/13/2011 11:07:00,C1017,PC-C1017,C:\docs\report_7.pdf,File Open,False,False,
F-C1017-11-8,05/13/2011 11:08:00,C1017,PC-C1017,C:\docs\report_8.pdf,File Open,False,False,
F-C1018-11-0,05/13/2011 11:00:00,C1018,PC-C1018,C:\docs\report_0.pdf,File Open,False,False,
F-C1018-11-1,05/13/2011 11:01:00,C1018,PC-C1018,C:\docs\report_1.pdf,File Open,False,False,
F-C1018-11-2,05/13/2011 11:02:00,C1018,PC-C1018,C:\docs\report_2.pdf,File Open,False,False,
F-C1018-11-3,05/13/2011 11:03:00,C1018,PC-C1018,C:\docs\report_3.pdf,File Open,False,False,
F-C1018-11-4,05/13/2011 11:04:00,C1018,PC-C1018,C:\docs\report_4.pdf,File Open,False,False,
F-C1018-11-5,05/13/2011 11:05:00,C1018,PC-C1018,C:\docs\report_5.pdf,File Open,False,False,
F-C1018-11-6,05/13/2011 11:06:00,C1018,PC-C1018,C:\docs\report_6.pdf,File Open,False,False,
F-C1018-11-7,05/13/2011 11:07:00,C1018,PC-C1018,C:\docs\report_7.pdf,File Open,False,False,
F-C1018-11-8,05/13/2011 11:08:00,C1018,PC-C1018,C:\docs\report_8.pdf,File Open,False,False,
F-C1018-11-9,05/13/2011 11:09:00,C1018,PC-C1018,C:\docs\report_9.pdf,File Open,False,False,
F-C1019-11-0,05/13/2011 11:00:00,C1019,PC-C1019,C:\docs\report_0.pdf,File Open,False,False,
F-C1019-11-1,05/13/2011 11:01:00,C1019,PC-C1019,C:\docs\report_1.pdf,File Open,False,False,
F-C1019-11-2,05/13/2011 11:02:00,C1019,PC-C1019,C:\docs\report_2.pdf,File Open,False,False,
F-C1019-11-3,05/13/2011 11:03:00,C1019,PC-C1019,C:\docs\report_3.pdf,File Open,False,False,
F-C1019-11-4,05/13/2011 11:04:00,C1019,PC-C1019,C:\docs\report_4.pdf,File Open,False,False,
F-C1019-11-5,05/13/2011 11:05:00,C1019,PC-C1019,C:\docs\report_5.pdf,File Open,False,False,
F-C1019-11-6,05/13/2011 11:06:00,C1019,PC-C1019,C:\docs\report_6.pdf,File Open,False,False,
F-C1019-11-7,05/13/2011 11:07:00,C1019,PC-C1019,C:\docs\report_7.pdf,File Open,False,False,
F-C1000-12-0,05/14/2011 11:00:00,C1000,PC-C1000,R:\docs\confidential_export_0.pdf,File Copy,True,False,
F-C1000-12-1,05/14/2011 11:01:00,C1000,PC-C1000,R:\docs\confidential_export_1.pdf,File Copy,True,False,
F-C1000-12-2,05/14/2011 11:02:00,C1000,PC-C1000,R:\docs\confidential_export_2.pdf,File Copy,True,False,
F-C1000-12-3,05/14/2011 11:03:00,C1000,PC-C1000,C:\docs\report_3.pdf,File Open,False,False,
F-C1000-12-4,05/14/2011 11:04:00,C1000,PC-C1000,C:\docs\report_4.pdf,File Open,False,False,
F-C1000-12-5,05/14/2011 11:05:00,C1000,PC-C1000,C:\docs\report_5.pdf,File Open,False,False,
F-C1000-12-6,05/14/2011 11:06:00,C1000,PC-C1000,C:\docs\report_6.pdf,File Open,False,False,
F-C1000-12-7,05/14/2011 11:07:00,C1000,PC-C1000,C:\docs\report_7.pdf,File Open,False,False,
F-C1000-12-8,05/14/2011 11:08:00,C1000,PC-C1000,C:\docs\report_8.pdf,File Open,False,False,
F-C1000-12-9,05/14/2011 11:09:00,C1000,PC-C1000,C:\docs\report_9.pdf,File Open,False,False,
F-C1000-12-10,05/14/2011 11:10:00,C1000,PC-C1000,C:\docs\report_10.pdf,File Open,False,False,
F-C1000-12-11,05/14/2011 11:11:00,C1000,PC-C1000,C:\docs\report_11.pdf,File Open,False,False,
F-C1000-12-12,05/14/2011 11:12:00,C1000,PC-C1000,C:\docs\report_12.pdf,File Open,False,False,
F-C1000-12-13,05/14/2011 11:13:00,C1000,PC-C1000,C:\docs\report_13.pdf,File Open,False,False,
F-C1000-12-14,05/14/2011 11:14:00,C1000,PC-C1000,C:\docs\report_14.pdf,File Open,False,False,
F-C1000-12-15,05/14/2011 11:15:00,C1000,PC-C1000,C:\docs\report_15.pdf,File Open,False,False,
F-C1000-12-16,05/14/2011 11:16:00,C1000,PC-C1000,C:\docs\report_16.pdf,File Open,False,False,
F-C1000-12-17,05/14/2011 11:17:00,C1000,PC-C1000,C:\docs\report_17.pdf,File Open,False,False,
F-C1000-12-18,05/14/2011 11:18:00,C1000,PC-C1000,C:\docs\report_18.pdf,File Open,False,False,
F-C1000-12-19,05/14/2011 11:19:00,C1000,PC-C1000,C:\docs\report_19.pdf,File Open,False,False,
F-C1000-12-20,05/14/2011 11:20:00,C1000,PC-C1000,C:\docs\report_20.pdf,File Open,False,False,
F-C1000-12-21,05/14/2011 11:21:00,C1000,PC-C1000,C:\docs\report_21.pdf,File Open,False,False,
F-C1000-12-22,05/14/2011 11:22:00,C1000,PC-C1000,C:\docs\report_22.pdf,File Open,False,False,
F-C1000-12-23,05/14/2011 11:23:00,C1000,PC-C1000,C:\docs\report_23.pdf,File Open,False,False,
F-C1000-12-24,05/14/2011 11:24:00,C1000,PC-C1000,C:\docs\report_24.pdf,File Open,False,False,
F-C1000-12-25,05/14/2011 11:25:00,C1000,PC-C1000,C:\docs\report_25.pdf,File Open,False,False,
F-C1000-12-26,05/14/2011 11:26:00,C1000,PC-C1000,C:\docs\report_26.pdf,File Open,False,False,
F-C1000-12-27,05/14/2011 11:27:00,C1000,PC-C1000,C:\docs\report_27.pdf,File Open,False,False,
F-C1000-12-28,05/14/2011 11:28:00,C1000,PC-C1000,C:\docs\report_28.pdf,File Open,False,False,
F-C1001-12-0,05/14/2011 11:00:00,C1001,PC-C1001,C:\docs\report_0.pdf,File Open,False,False,
F-C1001-12-1,05/14/2011 11:01:00,C1001,PC-C1001,C:\docs\report_1.pdf,File Open,False,False,
F-C1001-12-2,05/14/2011 11:02:00,C1001,PC-C1001,C:\docs\report_2.pdf,File Open,False,False,
F-C1001-12-3,05/14/2011 11:03:00,C1001,PC-C1001,C:\docs\report_3.pdf,File Open,False,False,
F-C1001-12-4,05/14/2011 11:04:00,C1001,PC-C1001,C:\docs\report_4.pdf,File Open,False,False,
F-C1001-12-5,05/14/2011 11:05:00,C1001,PC-C1001,C:\docs\report_5.pdf,File Open,False,False,
F-C1001-12-6,05/14/2011 11:06:00,C1001,PC-C1001,C:\docs\report_6.pdf,File Open,False,False,
F-C1001-12-7,05/14/2011 11:07:00,C1001,PC-C1001,C:\docs\report_7.pdf,File Open,False,False,
F-C1001-12-8,05/14/2011 11:08:00,C1001,PC-C1001,C:\docs\report_8.pdf,File Open,False,False,
F-C1002-12-0,05/14/2011 11:00:00,C1002,PC-C1002,C:\docs\report_0.pdf,File Open,False,False,
F-C1002-12-1,05/14/2011 11:01:00,C1002,PC-C1002,C:\docs\report_1.pdf,File Open,False,False,
F-C1002-12-2,05/14/2011 11:02:00,C1002,PC-C1002,C:\docs\report_2.pdf,File Open,False,False,
F-C1002-12-3,05/14/2011 11:03:00,C1002,PC-C1002,C:\docs\report_3.pdf,File Open,False,False,
F-C1002-12-4,05/14/2011 11:04:00,C1002,PC-C1002,C:\docs\report_4.pdf,File Open,False,False,
F-C1002-12-5,05/14/2011 11:05:00,C1002,PC-C1002,C:\docs\report_5.pdf,File Open,False,False,
F-C1002-12-6,05/14/2011 11:06:00,C1002,PC-C1002,C:\docs\report_6.pdf,File Open,False,False,
F-C1002-12-7,05/14/2011 11:07:00,C1002,PC-C1002,C:\docs\report_7.pdf,File Open,False,False,
F-C1002-12-8,05/14/2011 11:08:00,C1002,PC-C1002,C:\docs\report_8.pdf,File Open,False,False,
F-C1002-12-9,05/14/2011 11:09:00,C1002,PC-C1002,C:\docs\report_9.pdf,File Open,False,False,
F-C1003-12-0,05/14/2011 11:00:00,C1003,PC-C1003,C:\docs\report_0.pdf,File Open,False,False,
F-C1003-12-1,05/14/2011 11:01:00,C1003,PC-C1003,C:\docs\report_1.pdf,File Open,False,False,
F-C1003-12-2,05/14/2011 11:02:00,C1003,PC-C1003,C:\docs\report_2.pdf,File Open,False,False,
F-C1003-12-3,05/14/2011 11:03:00,C1003,PC-C1003,C:\docs\report_3.pdf,File Open,False,False,
F-C1003-12-4,05/14/2011 11:04:00,C1003,PC-C1003,C:\docs\report_4.pdf,File Open,False,False,
F-C1003-12-5,05/14/2011 11:05:00,C1003,PC-C1003,C:\docs\report_5.pdf,File Open,False,False,
F-C1003-12-6,05/14/2011 11:06:00,C1003,PC-C1003,C:\docs\report_6.pdf,File Open,False,False,
F-C1003-12-7,05/14/2011 11:07:00,C1003,PC-C1003,C:\docs\report_7.pdf,File Open,False,False,
F-C1004-12-0,05/14/2011 11:00:00,C1004,PC-C1004,C:\docs\report_0.pdf,File Open,False,False,
F-C1004-12-1,05/14/2011 11:01:00,C1004,PC-C1004,C:\docs\report_1.pdf,File Open,False,False,
F-C1004-12-2,05/14/2011 11:02:00,C1004,PC-C1004,C:\docs\report_2.pdf,File Open,False,False,
F-C1004-12-3,05/14/2011 11:03:00,C1004,PC-C1004,C:\docs\report_3.pdf,File Open,False,False,
F-C1004-12-4,05/14/2011 11:04:00,C1004,PC-C1004,C:\docs\report_4.pdf,File Open,False,False,
F-C1004-12-5,05/14/2011 11:05:00,C1004,PC-C1004,C:\docs\report_5.pdf,File Open,False,False,
F-C1004-12-6,05/14/2011 11:06:00,C1004,PC-C1004,C:\docs\report_6.pdf,File Open,False,False,
F-C1004-12-7,05/14/2011 11:07:00,C1004,PC-C1004,C:\docs\report_7.pdf,File Open,False,False,
F-C1004-12-8,05/14/2011 11:08:00,C1004,PC-C1004,C:\docs\report_8.pdf,File Open,False,False,
F-C1005-12-0,05/14/2011 11:00:00,C1005,PC-C1005,C:\docs\report_0.pdf,File Open,False,False,
F-C1005-12-1,05/14/2011 11:01:00,C1005,PC-C1005,C:\docs\report_1.pdf,File Open,False,False,
F-C1005-12-2,05/14/2011 11:02:00,C1005,PC-C1005,C:\docs\report_2.pdf,File Open,False,False,
F-C1005-12-3,05/14/2011 11:03:00,C1005,PC-C1005,C:\docs\report_3.pdf,File Open,False,False,
F-C1005-12-4,05/14/2011 11:04:00,C1005,PC-C1005,C:\docs\report_4.pdf,File Open,False,False,
F-C1005-12-5,05/14/2011 11:05:00,C1005,PC-C1005,C:\docs\report_5.pdf,File Open,False,False,
F-C1005-12-6,05/14/2011 11:06:00,C1005,PC-C1005,C:\docs\report_6.pdf,File Open,False,False,
F-C1005-12-7,05/14/2011 11:07:00,C1005,PC-C1005,C:\docs\report_7.pdf,File Open,False,False,
F-C1005-12-8,05/14/2011 11:08:00,C1005,PC-C1005,C:\docs\report_8.pdf,File Open,False,False,
F-C1005-12-9,05/14/2011 11:09:00,C1005,PC-C1005,C:\docs\report_9.pdf,File Open,False,False,
F-C1006-12-0,05/14/2011 11:00:00,C1006,PC-C1006,C:\docs\report_0.pdf,File Open,False,False,
F-C1006-12-1,05/14/2011 11:01:00,C1006,PC-C1006,C:\docs\report_1.pdf,File Open,False,False,
F-C1006-12-2,05/14/2011 11:02:00,C1006,PC-C1006,C:\docs\report_2.pdf,File Open,False,False,
F-C1006-12-3,05/14/2011 11:03:00,C1006,PC-C1006,C:\docs\report_3.pdf,File Open,False,False,
F-C1006-12-4,05/14/2011 11:04:00,C1006,PC-C1006,C:\docs\report_4.pdf,File Open,False,False,
F-C1006-12-5,05/14/2011 11:05:00,C1006,PC-C1006,C:\docs\report_5.pdf,File Open,False,False,
F-C1006-12-6,05/14/2011 11:06:00,C1006,PC-C1006,C:\docs\report_6.pdf,File Open,False,False,
F-C1006-12-7,05/14/2011 11:07:00,C1006,PC-C1006,C:\docs\report_7.pdf,File Open,False,False,
F-C1007-12-0,05/14/2011 11:00:00,C1007,PC-C1007,C:\docs\report_0.pdf,File Open,False,False,
F-C1007-12-1,05/14/2011 11:01:00,C1007,PC-C1007,C:\docs\report_1.pdf,File Open,False,False,
F-C1007-12-2,05/14/2011 11:02:00,C1007,PC-C1007,C:\docs\report_2.pdf,File Open,False,False,
F-C1007-12-3,05/14/2011 11:03:00,C1007,PC-C1007,C:\docs\report_3.pdf,File Open,False,False,
F-C1007-12-4,05/14/2011 11:04:00,C1007,PC-C1007,C:\docs\report_4.pdf,File Open,False,False,
F-C1007-12-5,05/14/2011 11:05:00,C1007,PC-C1007,C:\docs\report_5.pdf,File Open,False,False,
F-C1007-12-6,05/14/2011 11:06:00,C1007,PC-C1007,C:\docs\report_6.pdf,File Open,False,False,
F-C1007-12-7,05/14/2011 11:07:00,C1007,PC-C1007,C:\docs\report_7.pdf,File Open,False,False,
F-C1007-12-8,05/14/2011 11:08:00,C1007,PC-C1007,C:\docs\report_8.pdf,File Open,False,False,
F-C1008-12-0,05/14/2011 11:00:00,C1008,PC-C1008,C:\docs\report_0.pdf,File Open,False,False,
F-C1008-12-1,05/14/2011 11:01:00,C1008,PC-C1008,C:\docs\report_1.pdf,File Open,False,False,
F-C1008-12-2,05/14/2011 11:02:00,C1008,PC-C1008,C:\docs\report_2.pdf,File Open,False,False,
F-C1008-12-3,05/14/2011 11:03:00,C1008,PC-C1008,C:\docs\report_3.pdf,File Open,False,False,
F-C1008-12-4,05/14/2011 11:04:00,C1008,PC-C1008,C:\docs\report_4.pdf,File Open,False,False,
F-C1008-12-5,05/14/2011 11:05:00,C1008,PC-C1008,C:\docs\report_5.pdf,File Open,False,False,
F-C1008-12-6,05/14/2011 11:06:00,C1008,PC-C1008,C:\docs\report_6.pdf,File Open,False,False,
F-C1008-12-7,05/14/2011 11:07:00,C1008,PC-C1008,C:\docs\report_7.pdf,File Open,False,False,
F-C1008-12-8,05/14/2011 11:08:00,C1008,PC-C1008,C:\docs\report_8.pdf,File Open,False,False,
F-C1008-12-9,05/14/2011 11:09:00,C1008,PC-C1008,C:\docs\report_9.pdf,File Open,False,False,
F-C1009-12-0,05/14/2011 11:00:00,C1009,PC-C1009,C:\docs\report_0.pdf,File Open,False,False,
F-C1009-12-1,05/14/2011 11:01:00,C1009,PC-C1009,C:\docs\report_1.pdf,File Open,False,False,
F-C1009-12-2,05/14/2011 11:02:00,C1009,PC-C1009,C:\docs\report_2.pdf,File Open,False,False,
F-C1009-12-3,05/14/2011 11:03:00,C1009,PC-C1009,C:\docs\report_3.pdf,File Open,False,False,
F-C1009-12-4,05/14/2011 11:04:00,C1009,PC-C1009,C:\docs\report_4.pdf,File Open,False,False,
F-C1009-12-5,05/14/2011 11:05:00,C1009,PC-C1009,C:\docs\report_5.pdf,File Open,False,False,
F-C1009-12-6,05/14/2011 11:06:00,C1009,PC-C1009,C:\docs\report_6.pdf,File Open,False,False,
F-C1009-12-7,05/14/2011 11:07:00,C1009,PC-C1009,C:\docs\report_7.pdf,File Open,False,False,
F-C1010-12-0,05/14/2011 11:00:00,C1010,PC-C1010,C:\docs\report_0.pdf,File Open,False,False,
F-C1010-12-1,05/14/2011 11:01:00,C1010,PC-C1010,C:\docs\report_1.pdf,File Open,False,False,
F-C1010-12-2,05/14/2011 11:02:00,C1010,PC-C1010,C:\docs\report_2.pdf,File Open,False,False,
F-C1010-12-3,05/14/2011 11:03:00,C1010,PC-C1010,C:\docs\report_3.pdf,File Open,False,False,
F-C1010-12-4,05/14/2011 11:04:00,C1010,PC-C1010,C:\docs\report_4.pdf,File Open,False,False,
F-C1010-12-5,05/14/2011 11:05:00,C1010,PC-C1010,C:\docs\report_5.pdf,File Open,False,False,
F-C1010-12-6,05/14/2011 11:06:00,C1010,PC-C1010,C:\docs\report_6.pdf,File Open,False,False,
F-C1010-12-7,05/14/2011 11:07:00,C1010,PC-C1010,C:\docs\report_7.pdf,File Open,False,False,
F-C1010-12-8,05/14/2011 11:08:00,C1010,PC-C1010,C:\docs\report_8.pdf,File Open,False,False,
F-C1011-12-0,05/14/2011 11:00:00,C1011,PC-C1011,C:\docs\report_0.pdf,File Open,False,False,
F-C1011-12-1,05/14/2011 11:01:00,C1011,PC-C1011,C:\docs\report_1.pdf,File Open,False,False,
F-C1011-12-2,05/14/2011 11:02:00,C1011,PC-C1011,C:\docs\report_2.pdf,File Open,False,False,
F-C1011-12-3,05/14/2011 11:03:00,C1011,PC-C1011,C:\docs\report_3.pdf,File Open,False,False,
F-C1011-12-4,05/14/2011 11:04:00,C1011,PC-C1011,C:\docs\report_4.pdf,File Open,False,False,
F-C1011-12-5,05/14/2011 11:05:00,C1011,PC-C1011,C:\docs\report_5.pdf,File Open,False,False,
F-C1011-12-6,05/14/2011 11:06:00,C1011,PC-C1011,C:\docs\report_6.pdf,File Open,False,False,
F-C1011-12-7,05/14/2011 11:07:00,C1011,PC-C1011,C:\docs\report_7.pdf,File Open,False,False,
F-C1011-12-8,05/14/2011 11:08:00,C1011,PC-C1011,C:\docs\report_8.pdf,File Open,False,False,
F-C1011-12-9,05/14/2011 11:09:00,C1011,PC-C1011,C:\docs\report_9.pdf,File Open,False,False,
F-C1012-12-0,05/14/2011 11:00:00,C1012,PC-C1012,C:\docs\report_0.pdf,File Open,False,False,
F-C1012-12-1,05/14/2011 11:01:00,C1012,PC-C1012,C:\docs\report_1.pdf,File Open,False,False,
F-C1012-12-2,05/14/2011 11:02:00,C1012,PC-C1012,C:\docs\report_2.pdf,File Open,False,False,
F-C1012-12-3,05/14/2011 11:03:00,C1012,PC-C1012,C:\docs\report_3.pdf,File Open,False,False,
F-C1012-12-4,05/14/2011 11:04:00,C1012,PC-C1012,C:\docs\report_4.pdf,File Open,False,False,
F-C1012-12-5,05/14/2011 11:05:00,C1012,PC-C1012,C:\docs\report_5.pdf,File Open,False,False,
F-C1012-12-6,05/14/2011 11:06:00,C1012,PC-C1012,C:\docs\report_6.pdf,File Open,False,False,
F-C1012-12-7,05/14/2011 11:07:00,C1012,PC-C1012,C:\docs\report_7.pdf,File Open,False,False,
F-C1013-12-0,05/14/2011 11:00:00,C1013,PC-C1013,C:\docs\report_0.pdf,File Open,False,False,
F-C1013-12-1,05/14/2011 11:01:00,C1013,PC-C1013,C:\docs\report_1.pdf,File Open,False,False,
F-C1013-12-2,05/14/2011 11:02:00,C1013,PC-C1013,C:\docs\report_2.pdf,File Open,False,False,
F-C1013-12-3,05/14/2011 11:03:00,C1013,PC-C1013,C:\docs\report_3.pdf,File Open,False,False,
F-C1013-12-4,05/14/2011 11:04:00,C1013,PC-C1013,C:\docs\report_4.pdf,File Open,False,False,
F-C1013-12-5,05/14/2011 11:05:00,C1013,PC-C1013,C:\docs\report_5.pdf,File Open,False,False,
F-C1013-12-6,05/14/2011 11:06:00,C1013,PC-C1013,C:\docs\report_6.pdf,File Open,False,False,
F-C1013-12-7,05/14/2011 11:07:00,C1013,PC-C1013,C:\docs\report_7.pdf,File Open,False,False,
F-C1013-12-8,05/14/2011 11:08:00,C1013,PC-C1013,C:\docs\report_8.pdf,File Open,False,False,
F-C1014-12-0,05/14/2011 11:00:00,C1014,PC-C1014,C:\docs\report_0.pdf,File Open,False,False,
F-C1014-12-1,05/14/2011 11:01:00,C1014,PC-C1014,C:\docs\report_1.pdf,File Open,False,False,
F-C1014-12-2,05/14/2011 11:02:00,C1014,PC-C1014,C:\docs\report_2.pdf,File Open,False,False,
F-C1014-12-3,05/14/2011 11:03:00,C1014,PC-C1014,C:\docs\report_3.pdf,File Open,False,False,
F-C1014-12-4,05/14/2011 11:04:00,C1014,PC-C1014,C:\docs\report_4.pdf,File Open,False,False,
F-C1014-12-5,05/14/2011 11:05:00,C1014,PC-C1014,C:\docs\report_5.pdf,File Open,False,False,
F-C1014-12-6,05/14/2011 11:06:00,C1014,PC-C1014,C:\docs\report_6.pdf,File Open,False,False,
F-C1014-12-7,05/14/2011 11:07:00,C1014,PC-C1014,C:\docs\report_7.pdf,File Open,False,False,
F-C1014-12-8,05/14/2011 11:08:00,C1014,PC-C1014,C:\docs\report_8.pdf,File Open,False,False,
F-C1014-12-9,05/14/2011 11:09:00,C1014,PC-C1014,C:\docs\report_9.pdf,File Open,False,False,
F-C1015-12-0,05/14/2011 11:00:00,C1015,PC-C1015,C:\docs\report_0.pdf,File Open,False,False,
F-C1015-12-1,05/14/2011 11:01:00,C1015,PC-C1015,C:\docs\report_1.pdf,File Open,False,False,
F-C1015-12-2,05/14/2011 11:02:00,C1015,PC-C1015,C:\docs\report_2.pdf,File Open,False,False,
F-C1015-12-3,05/14/2011 11:03:00,C1015,PC-C1015,C:\docs\report_3.pdf,File Open,False,False,
F-C1015-12-4,05/14/2011 11:04:00,C1015,PC-C1015,C:\docs\report_4.pdf,File Open,False,False,
F-C1015-12-5,05/14/2011 11:05:00,C1015,PC-C1015,C:\docs\report_5.pdf,File Open,False,False,
F-C1015-12-6,05/14/2011 11:06:00,C1015,PC-C1015,C:\docs\report_6.pdf,File Open,False,False,
F-C1015-12-7,05/14/2011 11:07:00,C1015,PC-C1015,C:\docs\report_7.pdf,File Open,False,False,
F-C1016-12-0,05/14/2011 11:00:00,C1016,PC-C1016,C:\docs\report_0.pdf,File Open,False,False,
F-C1016-12-1,05/14/2011 11:01:00,C1016,PC-C1016,C:\docs\report_1.pdf,File Open,False,False,
F-C1016-12-2,05/14/2011 11:02:00,C1016,PC-C1016,C:\docs\report_2.pdf,File Open,False,False,
F-C1016-12-3,05/14/2011 11:03:00,C1016,PC-C1016,C:\docs\report_3.pdf,File Open,False,False,
F-C1016-12-4,05/14/2011 11:04:00,C1016,PC-C1016,C:\docs\report_4.pdf,File Open,False,False,
F-C1016-12-5,05/14/2011 11:05:00,C1016,PC-C1016,C:\docs\report_5.pdf,File Open,False,False,
F-C1016-12-6,05/14/2011 11:06:00,C1016,PC-C1016,C:\docs\report_6.pdf,File Open,False,False,
F-C1016-12-7,05/14/2011 11:07:00,C1016,PC-C1016,C:\docs\report_7.pdf,File Open,False,False,
F-C1016-12-8,05/14/2011 11:08:00,C1016,PC-C1016,C:\docs\report_8.pdf,File Open,False,False,
F-C1017-12-0,05/14/2011 11:00:00,C1017,PC-C1017,C:\docs\report_0.pdf,File Open,False,False,
F-C1017-12-1,05/14/2011 11:01:00,C1017,PC-C1017,C:\docs\report_1.pdf,File Open,False,False,
F-C1017-12-2,05/14/2011 11:02:00,C1017,PC-C1017,C:\docs\report_2.pdf,File Open,False,False,
F-C1017-12-3,05/14/2011 11:03:00,C1017,PC-C1017,C:\docs\report_3.pdf,File Open,False,False,
F-C1017-12-4,05/14/2011 11:04:00,C1017,PC-C1017,C:\docs\report_4.pdf,File Open,False,False,
F-C1017-12-5,05/14/2011 11:05:00,C1017,PC-C1017,C:\docs\report_5.pdf,File Open,False,False,
F-C1017-12-6,05/14/2011 11:06:00,C1017,PC-C1017,C:\docs\report_6.pdf,File Open,False,False,
F-C1017-12-7,05/14/2011 11:07:00,C1017,PC-C1017,C:\docs\report_7.pdf,File Open,False,False,
F-C1017-12-8,05/14/2011 11:08:00,C1017,PC-C1017,C:\docs\report_8.pdf,File Open,False,False,
F-C1017-12-9,05/14/2011 11:09:00,C1017,PC-C1017,C:\docs\report_9.pdf,File Open,False,False,
F-C1018-12-0,05/14/2011 11:00:00,C1018,PC-C1018,C:\docs\report_0.pdf,File Open,False,False,
F-C1018-12-1,05/14/2011 11:01:00,C1018,PC-C1018,C:\docs\report_1.pdf,File Open,False,False,
F-C1018-12-2,05/14/2011 11:02:00,C1018,PC-C1018,C:\docs\report_2.pdf,File Open,False,False,
F-C1018-12-3,05/14/2011 11:03:00,C1018,PC-C1018,C:\docs\report_3.pdf,File Open,False,False,
F-C1018-12-4,05/14/2011 11:04:00,C1018,PC-C1018,C:\docs\report_4.pdf,File Open,False,False,
F-C1018-12-5,05/14/2011 11:05:00,C1018,PC-C1018,C:\docs\report_5.pdf,File Open,False,False,
F-C1018-12-6,05/14/2011 11:06:00,C1018,PC-C1018,C:\docs\report_6.pdf,File Open,False,False,
F-C1018-12-7,05/14/2011 11:07:00,C1018,PC-C1018,C:\docs\report_7.pdf,File Open,False,False,
F-C1019-12-0,05/14/2011 11:00:00,C1019,PC-C1019,C:\docs\report_0.pdf,File Open,False,False,
F-C1019-12-1,05/14/2011 11:01:00,C1019,PC-C1019,C:\docs\report_1.pdf,File Open,False,False,
F-C1019-12-2,05/14/2011 11:02:00,C1019,PC-C1019,C:\docs\report_2.pdf,File Open,False,False,
F-C1019-12-3,05/14/2011 11:03:00,C1019,PC-C1019,C:\docs\report_3.pdf,File Open,False,False,
F-C1019-12-4,05/14/2011 11:04:00,C1019,PC-C1019,C:\docs\report_4.pdf,File Open,False,False,
F-C1019-12-5,05/14/2011 11:05:00,C1019,PC-C1019,C:\docs\report_5.pdf,File Open,False,False,
F-C1019-12-6,05/14/2011 11:06:00,C1019,PC-C1019,C:\docs\report_6.pdf,File Open,False,False,
F-C1019-12-7,05/14/2011 11:07:00,C1019,PC-C1019,C:\docs\report_7.pdf,File Open,False,False,
F-C1019-12-8,05/14/2011 11:08:00,C1019,PC-C1019,C:\docs\report_8.pdf,File Open,False,False,
F-C1000-13-0,05/15/2011 11:00:00,C1000,PC-C1000,R:\docs\confidential_export_0.pdf,File Copy,True,False,
F-C1000-13-1,05/15/2011 11:01:00,C1000,PC-C1000,R:\docs\confidential_export_1.pdf,File Copy,True,False,
F-C1000-13-2,05/15/2011 11:02:00,C1000,PC-C1000,R:\docs\confidential_export_2.pdf,File Copy,True,False,
F-C1000-13-3,05/15/2011 11:03:00,C1000,PC-C1000,R:\docs\confidential_export_3.pdf,File Copy,True,False,
F-C1000-13-4,05/15/2011 11:04:00,C1000,PC-C1000,C:\docs\report_4.pdf,File Open,False,False,
F-C1000-13-5,05/15/2011 11:05:00,C1000,PC-C1000,C:\docs\report_5.pdf,File Open,False,False,
F-C1000-13-6,05/15/2011 11:06:00,C1000,PC-C1000,C:\docs\report_6.pdf,File Open,False,False,
F-C1000-13-7,05/15/2011 11:07:00,C1000,PC-C1000,C:\docs\report_7.pdf,File Open,False,False,
F-C1000-13-8,05/15/2011 11:08:00,C1000,PC-C1000,C:\docs\report_8.pdf,File Open,False,False,
F-C1000-13-9,05/15/2011 11:09:00,C1000,PC-C1000,C:\docs\report_9.pdf,File Open,False,False,
F-C1000-13-10,05/15/2011 11:10:00,C1000,PC-C1000,C:\docs\report_10.pdf,File Open,False,False,
F-C1000-13-11,05/15/2011 11:11:00,C1000,PC-C1000,C:\docs\report_11.pdf,File Open,False,False,
F-C1000-13-12,05/15/2011 11:12:00,C1000,PC-C1000,C:\docs\report_12.pdf,File Open,False,False,
F-C1000-13-13,05/15/2011 11:13:00,C1000,PC-C1000,C:\docs\report_13.pdf,File Open,False,False,
F-C1000-13-14,05/15/2011 11:14:00,C1000,PC-C1000,C:\docs\report_14.pdf,File Open,False,False,
F-C1000-13-15,05/15/2011 11:15:00,C1000,PC-C1000,C:\docs\report_15.pdf,File Open,False,False,
F-C1000-13-16,05/15/2011 11:16:00,C1000,PC-C1000,C:\docs\report_16.pdf,File Open,False,False,
F-C1000-13-17,05/15/2011 11:17:00,C1000,PC-C1000,C:\docs\report_17.pdf,File Open,False,False,
F-C1000-13-18,05/15/2011 11:18:00,C1000,PC-C1000,C:\docs\report_18.pdf,File Open,False,False,
F-C1000-13-19,05/15/2011 11:19:00,C1000,PC-C1000,C:\docs\report_19.pdf,File Open,False,False,
F-C1000-13-20,05/15/2011 11:20:00,C1000,PC-C1000,C:\docs\report_20.pdf,File Open,False,False,
F-C1000-13-21,05/15/2011 11:21:00,C1000,PC-C1000,C:\docs\report_21.pdf,File Open,False,False,
F-C1000-13-22,05/15/2011 11:22:00,C1000,PC-C1000,C:\docs\report_22.pdf,File Open,False,False,
F-C1000-13-23,05/15/2011 11:23:00,C1000,PC-C1000,C:\docs\report_23.pdf,File Open,False,False,
F-C1000-13-24,05/15/2011 11:24:00,C1000,PC-C1000,C:\docs\report_24.pdf,File Open,False,False,
F-C1000-13-25,05/15/2011 11:25:00,C1000,PC-C1000,C:\docs\report_25.pdf,File Open,False,False,
F-C1000-13-26,05/15/2011 11:26:00,C1000,PC-C1000,C:\docs\report_26.pdf,File Open,False,False,
F-C1000-13-27,05/15/2011 11:27:00,C1000,PC-C1000,C:\docs\report_27.pdf,File Open,False,False,
F-C1000-13-28,05/15/2011 11:28:00,C1000,PC-C1000,C:\docs\report_28.pdf,File Open,False,False,
F-C1000-13-29,05/15/2011 11:29:00,C1000,PC-C1000,C:\docs\report_29.pdf,File Open,False,False,
F-C1000-13-30,05/15/2011 11:30:00,C1000,PC-C1000,C:\docs\report_30.pdf,File Open,False,False,
F-C1001-13-0,05/15/2011 11:00:00,C1001,PC-C1001,C:\docs\report_0.pdf,File Open,False,False,
F-C1001-13-1,05/15/2011 11:01:00,C1001,PC-C1001,C:\docs\report_1.pdf,File Open,False,False,
F-C1001-13-2,05/15/2011 11:02:00,C1001,PC-C1001,C:\docs\report_2.pdf,File Open,False,False,
F-C1001-13-3,05/15/2011 11:03:00,C1001,PC-C1001,C:\docs\report_3.pdf,File Open,False,False,
F-C1001-13-4,05/15/2011 11:04:00,C1001,PC-C1001,C:\docs\report_4.pdf,File Open,False,False,
F-C1001-13-5,05/15/2011 11:05:00,C1001,PC-C1001,C:\docs\report_5.pdf,File Open,False,False,
F-C1001-13-6,05/15/2011 11:06:00,C1001,PC-C1001,C:\docs\report_6.pdf,File Open,False,False,
F-C1001-13-7,05/15/2011 11:07:00,C1001,PC-C1001,C:\docs\report_7.pdf,File Open,False,False,
F-C1001-13-8,05/15/2011 11:08:00,C1001,PC-C1001,C:\docs\report_8.pdf,File Open,False,False,
F-C1001-13-9,05/15/2011 11:09:00,C1001,PC-C1001,C:\docs\report_9.pdf,File Open,False,False,
F-C1002-13-0,05/15/2011 11:00:00,C1002,PC-C1002,C:\docs\report_0.pdf,File Open,False,False,
F-C1002-13-1,05/15/2011 11:01:00,C1002,PC-C1002,C:\docs\report_1.pdf,File Open,False,False,
F-C1002-13-2,05/15/2011 11:02:00,C1002,PC-C1002,C:\docs\report_2.pdf,File Open,False,False,
F-C1002-13-3,05/15/2011 11:03:00,C1002,PC-C1002,C:\docs\report_3.pdf,File Open,False,False,
F-C1002-13-4,05/15/2011 11:04:00,C1002,PC-C1002,C:\docs\report_4.pdf,File Open,False,False,
F-C1002-13-5,05/15/2011 11:05:00,C1002,PC-C1002,C:\docs\report_5.pdf,File Open,False,False,
F-C1002-13-6,05/15/2011 11:06:00,C1002,PC-C1002,C:\docs\report_6.pdf,File Open,False,False,
F-C1002-13-7,05/15/2011 11:07:00,C1002,PC-C1002,C:\docs\report_7.pdf,File Open,False,False,
F-C1003-13-0,05/15/2011 11:00:00,C1003,PC-C1003,C:\docs\report_0.pdf,File Open,False,False,
F-C1003-13-1,05/15/2011 11:01:00,C1003,PC-C1003,C:\docs\report_1.pdf,File Open,False,False,
F-C1003-13-2,05/15/2011 11:02:00,C1003,PC-C1003,C:\docs\report_2.pdf,File Open,False,False,
F-C1003-13-3,05/15/2011 11:03:00,C1003,PC-C1003,C:\docs\report_3.pdf,File Open,False,False,
F-C1003-13-4,05/15/2011 11:04:00,C1003,PC-C1003,C:\docs\report_4.pdf,File Open,False,False,
F-C1003-13-5,05/15/2011 11:05:00,C1003,PC-C1003,C:\docs\report_5.pdf,File Open,False,False,
F-C1003-13-6,05/15/2011 11:06:00,C1003,PC-C1003,C:\docs\report_6.pdf,File Open,False,False,
F-C1003-13-7,05/15/2011 11:07:00,C1003,PC-C1003,C:\docs\report_7.pdf,File Open,False,False,
F-C1003-13-8,05/15/2011 11:08:00,C1003,PC-C1003,C:\docs\report_8.pdf,File Open,False,False,
F-C1004-13-0,05/15/2011 11:00:00,C1004,PC-C1004,C:\docs\report_0.pdf,File Open,False,False,
F-C1004-13-1,05/15/2011 11:01:00,C1004,PC-C1004,C:\docs\report_1.pdf,File Open,False,False,
F-C1004-13-2,05/15/2011 11:02:00,C1004,PC-C1004,C:\docs\report_2.pdf,File Open,False,False,
F-C1004-13-3,05/15/2011 11:03:00,C1004,PC-C1004,C:\docs\report_3.pdf,File Open,False,False,
F-C1004-13-4,05/15/2011 11:04:00,C1004,PC-C1004,C:\docs\report_4.pdf,File Open,False,False,
F-C1004-13-5,05/15/2011 11:05:00,C1004,PC-C1004,C:\docs\report_5.pdf,File Open,False,False,
F-C1004-13-6,05/15/2011 11:06:00,C1004,PC-C1004,C:\docs\report_6.pdf,File Open,False,False,
F-C1004-13-7,05/15/2011 11:07:00,C1004,PC-C1004,C:\docs\report_7.pdf,File Open,False,False,
F-C1004-13-8,05/15/2011 11:08:00,C1004,PC-C1004,C:\docs\report_8.pdf,File Open,False,False,
F-C1004-13-9,05/15/2011 11:09:00,C1004,PC-C1004,C:\docs\report_9.pdf,File Open,False,False,
F-C1005-13-0,05/15/2011 11:00:00,C1005,PC-C1005,C:\docs\report_0.pdf,File Open,False,False,
F-C1005-13-1,05/15/2011 11:01:00,C1005,PC-C1005,C:\docs\report_1.pdf,File Open,False,False,
F-C1005-13-2,05/15/2011 11:02:00,C1005,PC-C1005,C:\docs\report_2.pdf,File Open,False,False,
F-C1005-13-3,05/15/2011 11:03:00,C1005,PC-C1005,C:\docs\report_3.pdf,File Open,False,False,
F-C1005-13-4,05/15/2011 11:04:00,C1005,PC-C1005,C:\docs\report_4.pdf,File Open,False,False,
F-C1005-13-5,05/15/2011 11:05:00,C1005,PC-C1005,C:\docs\report_5.pdf,File Open,False,False,
F-C1005-13-6,05/15/2011 11:06:00,C1005,PC-C1005,C:\docs\report_6.pdf,File Open,False,False,
F-C1005-13-7,05/15/2011 11:07:00,C1005,PC-C1005,C:\docs\report_7.pdf,File Open,False,False,
F-C1006-13-0,05/15/2011 11:00:00,C1006,PC-C1006,C:\docs\report_0.pdf,File Open,False,False,
F-C1006-13-1,05/15/2011 11:01:00,C1006,PC-C1006,C:\docs\report_1.pdf,File Open,False,False,
F-C1006-13-2,05/15/2011 11:02:00,C1006,PC-C1006,C:\docs\report_2.pdf,File Open,False,False,
F-C1006-13-3,05/15/2011 11:03:00,C1006,PC-C1006,C:\docs\report_3.pdf,File Open,False,False,
F-C1006-13-4,05/15/2011 11:04:00,C1006,PC-C1006,C:\docs\report_4.pdf,File Open,False,False,
F-C1006-13-5,05/15/2011 11:05:00,C1006,PC-C1006,C:\docs\report_5.pdf,File Open,False,False,
F-C1006-13-6,05/15/2011 11:06:00,C1006,PC-C1006,C:\docs\report_6.pdf,File Open,False,False,
F-C1006-13-7,05/15/2011 11:07:00,C1006,PC-C1006,C:\docs\report_7.pdf,File Open,False,False,
F-C1006-13-8,05/15/2011 11:08:00,C1006,PC-C1006,C:\docs\report_8.pdf,File Open,False,False,
F-C1007-13-0,05/15/2011 11:00:00,C1007,PC-C1007,C:\docs\report_0.pdf,File Open,False,False,
F-C1007-13-1,05/15/2011 11:01:00,C1007,PC-C1007,C:\docs\report_1.pdf,File Open,False,False,
F-C1007-13-2,05/15/2011 11:02:00,C1007,PC-C1007,C:\docs\report_2.pdf,File Open,False,False,
F-C1007-13-3,05/15/2011 11:03:00,C1007,PC-C1007,C:\docs\report_3.pdf,File Open,False,False,
F-C1007-13-4,05/15/2011 11:04:00,C1007,PC-C1007,C:\docs\report_4.pdf,File Open,False,False,
F-C1007-13-5,05/15/2011 11:05:00,C1007,PC-C1007,C:\docs\report_5.pdf,File Open,False,False,
F-C1007-13-6,05/15/2011 11:06:00,C1007,PC-C1007,C:\docs\report_6.pdf,File Open,False,False,
F-C1007-13-7,05/15/2011 11:07:00,C1007,PC-C1007,C:\docs\report_7.pdf,File Open,False,False,
F-C1007-13-8,05/15/2011 11:08:00,C1007,PC-C1007,C:\docs\report_8.pdf,File Open,False,False,
F-C1007-13-9,05/15/2011 11:09:00,C1007,PC-C1007,C:\docs\report_9.pdf,File Open,False,False,
F-C1008-13-0,05/15/2011 11:00:00,C1008,PC-C1008,C:\docs\report_0.pdf,File Open,False,False,
F-C1008-13-1,05/15/2011 11:01:00,C1008,PC-C1008,C:\docs\report_1.pdf,File Open,False,False,
F-C1008-13-2,05/15/2011 11:02:00,C1008,PC-C1008,C:\docs\report_2.pdf,File Open,False,False,
F-C1008-13-3,05/15/2011 11:03:00,C1008,PC-C1008,C:\docs\report_3.pdf,File Open,False,False,
F-C1008-13-4,05/15/2011 11:04:00,C1008,PC-C1008,C:\docs\report_4.pdf,File Open,False,False,
F-C1008-13-5,05/15/2011 11:05:00,C1008,PC-C1008,C:\docs\report_5.pdf,File Open,False,False,
F-C1008-13-6,05/15/2011 11:06:00,C1008,PC-C1008,C:\docs\report_6.pdf,File Open,False,False,
F-C1008-13-7,05/15/2011 11:07:00,C1008,PC-C1008,C:\docs\report_7.pdf,File Open,False,False,
F-C1009-13-0,05/15/2011 11:00:00,C1009,PC-C1009,C:\docs\report_0.pdf,File Open,False,False,
F-C1009-13-1,05/15/2011 11:01:00,C1009,PC-C1009,C:\docs\report_1.pdf,File Open,False,False,
F-C1009-13-2,05/15/2011 11:02:00,C1009,PC-C1009,C:\docs\report_2.pdf,File Open,False,False,
F-C1009-13-3,05/15/2011 11:03:00,C1009,PC-C1009,C:\docs\report_3.pdf,File Open,False,False,
F-C1009-13-4,05/15/2011 11:04:00,C1009,PC-C1009,C:\docs\report_4.pdf,File Open,False,False,
F-C1009-13-5,05/15/2011 11:05:00,C1009,PC-C1009,C:\docs\report_5.pdf,File Open,False,False,
F-C1009-13-6,05/15/2011 11:06:00,C1009,PC-C1009,C:\docs\report_6.pdf,File Open,False,False,
F-C1009-13-7,05/15/2011 11:07:00,C1009,PC-C1009,C:\docs\report_7.pdf,File Open,False,False,
F-C1009-13-8,05/15/2011 11:08:00,C1009,PC-C1009,C:\docs\report_8.pdf,File Open,False,False,
F-C1010-13-0,05/15/2011 11:00:00,C1010,PC-C1010,C:\docs\report_0.pdf,File Open,False,False,
F-C1010-13-1,05/15/2011 11:01:00,C1010,PC-C1010,C:\docs\report_1.pdf,File Open,False,False,
F-C1010-13-2,05/15/2011 11:02:00,C1010,PC-C1010,C:\docs\report_2.pdf,File Open,False,False,
F-C1010-13-3,05/15/2011 11:03:00,C1010,PC-C1010,C:\docs\report_3.pdf,File Open,False,False,
F-C1010-13-4,05/15/2011 11:04:00,C1010,PC-C1010,C:\docs\report_4.pdf,File Open,False,False,
F-C1010-13-5,05/15/2011 11:05:00,C1010,PC-C1010,C:\docs\report_5.pdf,File Open,False,False,
F-C1010-13-6,05/15/2011 11:06:00,C1010,PC-C1010,C:\docs\report_6.pdf,File Open,False,False,
F-C1010-13-7,05/15/2011 11:07:00,C1010,PC-C1010,C:\docs\report_7.pdf,File Open,False,False,
F-C1010-13-8,05/15/2011 11:08:00,C1010,PC-C1010,C:\docs\report_8.pdf,File Open,False,False,
F-C1010-13-9,05/15/2011 11:09:00,C1010,PC-C1010,C:\docs\report_9.pdf,File Open,False,False,
F-C1011-13-0,05/15/2011 11:00:00,C1011,PC-C1011,C:\docs\report_0.pdf,File Open,False,False,
F-C1011-13-1,05/15/2011 11:01:00,C1011,PC-C1011,C:\docs\report_1.pdf,File Open,False,False,
F-C1011-13-2,05/15/2011 11:02:00,C1011,PC-C1011,C:\docs\report_2.pdf,File Open,False,False,
F-C1011-13-3,05/15/2011 11:03:00,C1011,PC-C1011,C:\docs\report_3.pdf,File Open,False,False,
F-C1011-13-4,05/15/2011 11:04:00,C1011,PC-C1011,C:\docs\report_4.pdf,File Open,False,False,
F-C1011-13-5,05/15/2011 11:05:00,C1011,PC-C1011,C:\docs\report_5.pdf,File Open,False,False,
F-C1011-13-6,05/15/2011 11:06:00,C1011,PC-C1011,C:\docs\report_6.pdf,File Open,False,False,
F-C1011-13-7,05/15/2011 11:07:00,C1011,PC-C1011,C:\docs\report_7.pdf,File Open,False,False,
F-C1012-13-0,05/15/2011 11:00:00,C1012,PC-C1012,C:\docs\report_0.pdf,File Open,False,False,
F-C1012-13-1,05/15/2011 11:01:00,C1012,PC-C1012,C:\docs\report_1.pdf,File Open,False,False,
F-C1012-13-2,05/15/2011 11:02:00,C1012,PC-C1012,C:\docs\report_2.pdf,File Open,False,False,
F-C1012-13-3,05/15/2011 11:03:00,C1012,PC-C1012,C:\docs\report_3.pdf,File Open,False,False,
F-C1012-13-4,05/15/2011 11:04:00,C1012,PC-C1012,C:\docs\report_4.pdf,File Open,False,False,
F-C1012-13-5,05/15/2011 11:05:00,C1012,PC-C1012,C:\docs\report_5.pdf,File Open,False,False,
F-C1012-13-6,05/15/2011 11:06:00,C1012,PC-C1012,C:\docs\report_6.pdf,File Open,False,False,
F-C1012-13-7,05/15/2011 11:07:00,C1012,PC-C1012,C:\docs\report_7.pdf,File Open,False,False,
F-C1012-13-8,05/15/2011 11:08:00,C1012,PC-C1012,C:\docs\report_8.pdf,File Open,False,False,
F-C1013-13-0,05/15/2011 11:00:00,C1013,PC-C1013,C:\docs\report_0.pdf,File Open,False,False,
F-C1013-13-1,05/15/2011 11:01:00,C1013,PC-C1013,C:\docs\report_1.pdf,File Open,False,False,
F-C1013-13-2,05/15/2011 11:02:00,C1013,PC-C1013,C:\docs\report_2.pdf,File Open,False,False,
F-C1013-13-3,05/15/2011 11:03:00,C1013,PC-C1013,C:\docs\report_3.pdf,File Open,False,False,
F-C1013-13-4,05/15/2011 11:04:00,C1013,PC-C1013,C:\docs\report_4.pdf,File Open,False,False,
F-C1013-13-5,05/15/2011 11:05:00,C1013,PC-C1013,C:\docs\report_5.pdf,File Open,False,False,
F-C1013-13-6,05/15/2011 11:06:00,C1013,PC-C1013,C:\docs\report_6.pdf,File Open,False,False,
F-C1013-13-7,05/15/2011 11:07:00,C1013,PC-C1013,C:\docs\report_7.pdf,File Open,False,False,
F-C1013-13-8,05/15/2011 11:08:00,C1013,PC-C1013,C:\docs\report_8.pdf,File Open,False,False,
F-C1013-13-9,05/15/2011 11:09:00,C1013,PC-C1013,C:\docs\report_9.pdf,File Open,False,False,
F-C1014-13-0,05/15/2011 11:00:00,C1014,PC-C1014,C:\docs\report_0.pdf,File Open,False,False,
F-C1014-13-1,05/15/2011 11:01:00,C1014,PC-C1014,C:\docs\report_1.pdf,File Open,False,False,
F-C1014-13-2,05/15/2011 11:02:00,C1014,PC-C1014,C:\docs\report_2.pdf,File Open,False,False,
F-C1014-13-3,05/15/2011 11:03:00,C1014,PC-C1014,C:\docs\report_3.pdf,File Open,False,False,
F-C1014-13-4,05/15/2011 11:04:00,C1014,PC-C1014,C:\docs\report_4.pdf,File Open,False,False,
F-C1014-13-5,05/15/2011 11:05:00,C1014,PC-C1014,C:\docs\report_5.pdf,File Open,False,False,
F-C1014-13-6,05/15/2011 11:06:00,C1014,PC-C1014,C:\docs\report_6.pdf,File Open,False,False,
F-C1014-13-7,05/15/2011 11:07:00,C1014,PC-C1014,C:\docs\report_7.pdf,File Open,False,False,
F-C1015-13-0,05/15/2011 11:00:00,C1015,PC-C1015,C:\docs\report_0.pdf,File Open,False,False,
F-C1015-13-1,05/15/2011 11:01:00,C1015,PC-C1015,C:\docs\report_1.pdf,File Open,False,False,
F-C1015-13-2,05/15/2011 11:02:00,C1015,PC-C1015,C:\docs\report_2.pdf,File Open,False,False,
F-C1015-13-3,05/15/2011 11:03:00,C1015,PC-C1015,C:\docs\report_3.pdf,File Open,False,False,
F-C1015-13-4,05/15/2011 11:04:00,C1015,PC-C1015,C:\docs\report_4.pdf,File Open,False,False,
F-C1015-13-5,05/15/2011 11:05:00,C1015,PC-C1015,C:\docs\report_5.pdf,File Open,False,False,
F-C1015-13-6,05/15/2011 11:06:00,C1015,PC-C1015,C:\docs\report_6.pdf,File Open,False,False,
F-C1015-13-7,05/15/2011 11:07:00,C1015,PC-C1015,C:\docs\report_7.pdf,File Open,False,False,
F-C1015-13-8,05/15/2011 11:08:00,C1015,PC-C1015,C:\docs\report_8.pdf,File Open,False,False,
F-C1016-13-0,05/15/2011 11:00:00,C1016,PC-C1016,C:\docs\report_0.pdf,File Open,False,False,
F-C1016-13-1,05/15/2011 11:01:00,C1016,PC-C1016,C:\docs\report_1.pdf,File Open,False,False,
F-C1016-13-2,05/15/2011 11:02:00,C1016,PC-C1016,C:\docs\report_2.pdf,File Open,False,False,
F-C1016-13-3,05/15/2011 11:03:00,C1016,PC-C1016,C:\docs\report_3.pdf,File Open,False,False,
F-C1016-13-4,05/15/2011 11:04:00,C1016,PC-C1016,C:\docs\report_4.pdf,File Open,False,False,
F-C1016-13-5,05/15/2011 11:05:00,C1016,PC-C1016,C:\docs\report_5.pdf,File Open,False,False,
F-C1016-13-6,05/15/2011 11:06:00,C1016,PC-C1016,C:\docs\report_6.pdf,File Open,False,False,
F-C1016-13-7,05/15/2011 11:07:00,C1016,PC-C1016,C:\docs\report_7.pdf,File Open,False,False,
F-C1016-13-8,05/15/2011 11:08:00,C1016,PC-C1016,C:\docs\report_8.pdf,File Open,False,False,
F-C1016-13-9,05/15/2011 11:09:00,C1016,PC-C1016,C:\docs\report_9.pdf,File Open,False,False,
F-C1017-13-0,05/15/2011 11:00:00,C1017,PC-C1017,C:\docs\report_0.pdf,File Open,False,False,
F-C1017-13-1,05/15/2011 11:01:00,C1017,PC-C1017,C:\docs\report_1.pdf,File Open,False,False,
F-C1017-13-2,05/15/2011 11:02:00,C1017,PC-C1017,C:\docs\report_2.pdf,File Open,False,False,
F-C1017-13-3,05/15/2011 11:03:00,C1017,PC-C1017,C:\docs\report_3.pdf,File Open,False,False,
F-C1017-13-4,05/15/2011 11:04:00,C1017,PC-C1017,C:\docs\report_4.pdf,File Open,False,False,
F-C1017-13-5,05/15/2011 11:05:00,C1017,PC-C1017,C:\docs\report_5.pdf,File Open,False,False,
F-C1017-13-6,05/15/2011 11:06:00,C1017,PC-C1017,C:\docs\report_6.pdf,File Open,False,False,
F-C1017-13-7,05/15/2011 11:07:00,C1017,PC-C1017,C:\docs\report_7.pdf,File Open,False,False,
F-C1018-13-0,05/15/2011 11:00:00,C1018,PC-C1018,C:\docs\report_0.pdf,File Open,False,False,
F-C1018-13-1,05/15/2011 11:01:00,C1018,PC-C1018,C:\docs\report_1.pdf,File Open,False,False,
F-C1018-13-2,05/15/2011 11:02:00,C1018,PC-C1018,C:\docs\report_2.pdf,File Open,False,False,
F-C1018-13-3,05/15/2011 11:03:00,C1018,PC-C1018,C:\docs\report_3.pdf,File Open,False,False,
F-C1018-13-4,05/15/2011 11:04:00,C1018,PC-C1018,C:\docs\report_4.pdf,File Open,False,False,
F-C1018-13-5,05/15/2011 11:05:00,C1018,PC-C1018,C:\docs\report_5.pdf,File Open,False,False,
F-C1018-13-6,05/15/2011 11:06:00,C1018,PC-C1018,C:\docs\report_6.pdf,File Open,False,False,
F-C1018-13-7,05/15/2011 11:07:00,C1018,PC-C1018,C:\docs\report_7.pdf,File Open,False,False,
F-C1018-13-8,05/15/2011 11:08:00,C1018,PC-C1018,C:\docs\report_8.pdf,File Open,False,False,
F-C1019-13-0,05/15/2011 11:00:00,C1019,PC-C1019,C:\docs\report_0.pdf,File Open,False,False,
F-C1019-13-1,05/15/2011 11:01:00,C1019,PC-C1019,C:\docs\report_1.pdf,File Open,False,False,
F-C1019-13-2,05/15/2011 11:02:00,C1019,PC-C1019,C:\docs\report_2.pdf,File Open,False,False,
F-C1019-13-3,05/15/2011 11:03:00,C1019,PC-C1019,C:\docs\report_3.pdf,File Open,False,False,
F-C1019-13-4,05/15/2011 11:04:00,C1019,PC-C1019,C:\docs\report_4.pdf,File Open,False,False,
F-C1019-13-5,05/15/2011 11:05:00,C1019,PC-C1019,C:\docs\report_5.pdf,File Open,False,False,
F-C1019-13-6,05/15/2011 11:06:00,C1019,PC-C1019,C:\docs\report_6.pdf,File Open,False,False,
F-C1019-13-7,05/15/2011 11:07:00,C1019,PC-C1019,C:\docs\report_7.pdf,File Open,False,False,
F-C1019-13-8,05/15/2011 11:08:00,C1019,PC-C1019,C:\docs\report_8.pdf,File Open,False,False,
F-C1019-13-9,05/15/2011 11:09:00,C1019,PC-C1019,C:\docs\report_9.pdf,File Open,False,False,
F-C1000-14-0,05/16/2011 11:00:00,C1000,PC-C1000,R:\docs\confidential_export_0.pdf,File Copy,True,False,
F-C1000-14-1,05/16/2011 11:01:00,C1000,PC-C1000,R:\docs\confidential_export_1.pdf,File Copy,True,False,
F-C1000-14-2,05/16/2011 11:02:00,C1000,PC-C1000,R:\docs\confidential_export_2.pdf,File Copy,True,False,
F-C1000-14-3,05/16/2011 11:03:00,C1000,PC-C1000,R:\docs\confidential_export_3.pdf,File Copy,True,False,
F-C1000-14-4,05/16/2011 11:04:00,C1000,PC-C1000,R:\docs\confidential_export_4.pdf,File Copy,True,False,
F-C1000-14-5,05/16/2011 11:05:00,C1000,PC-C1000,C:\docs\report_5.pdf,File Open,False,False,
F-C1000-14-6,05/16/2011 11:06:00,C1000,PC-C1000,C:\docs\report_6.pdf,File Open,False,False,
F-C1000-14-7,05/16/2011 11:07:00,C1000,PC-C1000,C:\docs\report_7.pdf,File Open,False,False,
F-C1000-14-8,05/16/2011 11:08:00,C1000,PC-C1000,C:\docs\report_8.pdf,File Open,False,False,
F-C1000-14-9,05/16/2011 11:09:00,C1000,PC-C1000,C:\docs\report_9.pdf,File Open,False,False,
F-C1000-14-10,05/16/2011 11:10:00,C1000,PC-C1000,C:\docs\report_10.pdf,File Open,False,False,
F-C1000-14-11,05/16/2011 11:11:00,C1000,PC-C1000,C:\docs\report_11.pdf,File Open,False,False,
F-C1000-14-12,05/16/2011 11:12:00,C1000,PC-C1000,C:\docs\report_12.pdf,File Open,False,False,
F-C1000-14-13,05/16/2011 11:13:00,C1000,PC-C1000,C:\docs\report_13.pdf,File Open,False,False,
F-C1000-14-14,05/16/2011 11:14:00,C1000,PC-C1000,C:\docs\report_14.pdf,File Open,False,False,
F-C1000-14-15,05/16/2011 11:15:00,C1000,PC-C1000,C:\docs\report_15.pdf,File Open,False,False,
F-C1000-14-16,05/16/2011 11:16:00,C1000,PC-C1000,C:\docs\report_16.pdf,File Open,False,False,
F-C1000-14-17,05/16/2011 11:17:00,C1000,PC-C1000,C:\docs\report_17.pdf,File Open,False,False,
F-C1000-14-18,05/16/2011 11:18:00,C1000,PC-C1000,C:\docs\report_18.pdf,File Open,False,False,
F-C1000-14-19,05/16/2011 11:19:00,C1000,PC-C1000,C:\docs\report_19.pdf,File Open,False,False,
F-C1000-14-20,05/16/2011 11:20:00,C1000,PC-C1000,C:\docs\report_20.pdf,File Open,False,False,
F-C1000-14-21,05/16/2011 11:21:00,C1000,PC-C1000,C:\docs\report_21.pdf,File Open,False,False,
F-C1000-14-22,05/16/2011 11:22:00,C1000,PC-C1000,C:\docs\report_22.pdf,File Open,False,False,
F-C1000-14-23,05/16/2011 11:23:00,C1000,PC-C1000,C:\docs\report_23.pdf,File Open,False,False,
F-C1000-14-24,05/16/2011 11:24:00,C1000,PC-C1000,C:\docs\report_24.pdf,File Open,False,False,
F-C1000-14-25,05/16/2011 11:25:00,C1000,PC-C1000,C:\docs\report_25.pdf,File Open,False,False,
F-C1000-14-26,05/16/2011 11:26:00,C1000,PC-C1000,C:\docs\report_26.pdf,File Open,False,False,
F-C1000-14-27,05/16/2011 11:27:00,C1000,PC-C1000,C:\docs\report_27.pdf,File Open,False,False,
F-C1000-14-28,05/16/2011 11:28:00,C1000,PC-C1000,C:\docs\report_28.pdf,File Open,False,False,
F-C1000-14-29,05/16/2011 11:29:00,C1000,PC-C1000,C:\docs\report_29.pdf,File Open,False,False,
F-C1000-14-30,05/16/2011 11:30:00,C1000,PC-C1000,C:\docs\report_30.pdf,File Open,False,False,
F-C1000-14-31,05/16/2011 11:31:00,C1000,PC-C1000,C:\docs\report_31.pdf,File Open,False,False,
F-C1000-14-32,05/16/2011 11:32:00,C1000,PC-C1000,C:\docs\report_32.pdf,File Open,False,False,
F-C1001-14-0,05/16/2011 11:00:00,C1001,PC-C1001,C:\docs\report_0.pdf,File Open,False,False,
F-C1001-14-1,05/16/2011 11:01:00,C1001,PC-C1001,C:\docs\report_1.pdf,File Open,False,False,
F-C1001-14-2,05/16/2011 11:02:00,C1001,PC-C1001,C:\docs\report_2.pdf,File Open,False,False,
F-C1001-14-3,05/16/2011 11:03:00,C1001,PC-C1001,C:\docs\report_3.pdf,File Open,False,False,
F-C1001-14-4,05/16/2011 11:04:00,C1001,PC-C1001,C:\docs\report_4.pdf,File Open,False,False,
F-C1001-14-5,05/16/2011 11:05:00,C1001,PC-C1001,C:\docs\report_5.pdf,File Open,False,False,
F-C1001-14-6,05/16/2011 11:06:00,C1001,PC-C1001,C:\docs\report_6.pdf,File Open,False,False,
F-C1001-14-7,05/16/2011 11:07:00,C1001,PC-C1001,C:\docs\report_7.pdf,File Open,False,False,
F-C1002-14-0,05/16/2011 11:00:00,C1002,PC-C1002,C:\docs\report_0.pdf,File Open,False,False,
F-C1002-14-1,05/16/2011 11:01:00,C1002,PC-C1002,C:\docs\report_1.pdf,File Open,False,False,
F-C1002-14-2,05/16/2011 11:02:00,C1002,PC-C1002,C:\docs\report_2.pdf,File Open,False,False,
F-C1002-14-3,05/16/2011 11:03:00,C1002,PC-C1002,C:\docs\report_3.pdf,File Open,False,False,
F-C1002-14-4,05/16/2011 11:04:00,C1002,PC-C1002,C:\docs\report_4.pdf,File Open,False,False,
F-C1002-14-5,05/16/2011 11:05:00,C1002,PC-C1002,C:\docs\report_5.pdf,File Open,False,False,
F-C1002-14-6,05/16/2011 11:06:00,C1002,PC-C1002,C:\docs\report_6.pdf,File Open,False,False,
F-C1002-14-7,05/16/2011 11:07:00,C1002,PC-C1002,C:\docs\report_7.pdf,File Open,False,False,
F-C1002-14-8,05/16/2011 11:08:00,C1002,PC-C1002,C:\docs\report_8.pdf,File Open,False,False,
F-C1003-14-0,05/16/2011 11:00:00,C1003,PC-C1003,C:\docs\report_0.pdf,File Open,False,False,
F-C1003-14-1,05/16/2011 11:01:00,C1003,PC-C1003,C:\docs\report_1.pdf,File Open,False,False,
F-C1003-14-2,05/16/2011 11:02:00,C1003,PC-C1003,C:\docs\report_2.pdf,File Open,False,False,
F-C1003-14-3,05/16/2011 11:03:00,C1003,PC-C1003,C:\docs\report_3.pdf,File Open,False,False,
F-C1003-14-4,05/16/2011 11:04:00,C1003,PC-C1003,C:\docs\report_4.pdf,File Open,False,False,
F-C1003-14-5,05/16/2011 11:05:00,C1003,PC-C1003,C:\docs\report_5.pdf,File Open,False,False,
F-C1003-14-6,05/16/2011 11:06:00,C1003,PC-C1003,C:\docs\report_6.pdf,File Open,False,False,
F-C1003-14-7,05/16/2011 11:07:00,C1003,PC-C1003,C:\docs\report_7.pdf,File Open,False,False,
F-C1003-14-8,05/16/2011 11:08:00,C1003,PC-C1003,C:\docs\report_8.pdf,File Open,False,False,
F-C1003-14-9,05/16/2011 11:09:00,C1003,PC-C1003,C:\docs\report_9.pdf,File Open,False,False,
F-C1004-14-0,05/16/2011 11:00:00,C1004,PC-C1004,C:\docs\report_0.pdf,File Open,False,False,
F-C1004-14-1,05/16/2011 11:01:00,C1004,PC-C1004,C:\docs\report_1.pdf,File Open,False,False,
F-C1004-14-2,05/16/2011 11:02:00,C1004,PC-C1004,C:\docs\report_2.pdf,File Open,False,False,
F-C1004-14-3,05/16/2011 11:03:00,C1004,PC-C1004,C:\docs\report_3.pdf,File Open,False,False,
F-C1004-14-4,05/16/2011 11:04:00,C1004,PC-C1004,C:\docs\report_4.pdf,File Open,False,False,
F-C1004-14-5,05/16/2011 11:05:00,C1004,PC-C1004,C:\docs\report_5.pdf,File Open,False,False,
F-C1004-14-6,05/16/2011 11:06:00,C1004,PC-C1004,C:\docs\report_6.pdf,File Open,False,False,
F-C1004-14-7,05/16/2011 11:07:00,C1004,PC-C1004,C:\docs\report_7.pdf,File Open,False,False,
F-C1005-14-0,05/16/2011 11:00:00,C1005,PC-C1005,C:\docs\report_0.pdf,File Open,False,False,
F-C1005-14-1,05/16/2011 11:01:00,C1005,PC-C1005,C:\docs\report_1.pdf,File Open,False,False,
F-C1005-14-2,05/16/2011 11:02:00,C1005,PC-C1005,C:\docs\report_2.pdf,File Open,False,False,
F-C1005-14-3,05/16/2011 11:03:00,C1005,PC-C1005,C:\docs\report_3.pdf,File Open,False,False,
F-C1005-14-4,05/16/2011 11:04:00,C1005,PC-C1005,C:\docs\report_4.pdf,File Open,False,False,
F-C1005-14-5,05/16/2011 11:05:00,C1005,PC-C1005,C:\docs\report_5.pdf,File Open,False,False,
F-C1005-14-6,05/16/2011 11:06:00,C1005,PC-C1005,C:\docs\report_6.pdf,File Open,False,False,
F-C1005-14-7,05/16/2011 11:07:00,C1005,PC-C1005,C:\docs\report_7.pdf,File Open,False,False,
F-C1005-14-8,05/16/2011 11:08:00,C1005,PC-C1005,C:\docs\report_8.pdf,File Open,False,False,
F-C1006-14-0,05/16/2011 11:00:00,C1006,PC-C1006,C:\docs\report_0.pdf,File Open,False,False,
F-C1006-14-1,05/16/2011 11:01:00,C1006,PC-C1006,C:\docs\report_1.pdf,File Open,False,False,
F-C1006-14-2,05/16/2011 11:02:00,C1006,PC-C1006,C:\docs\report_2.pdf,File Open,False,False,
F-C1006-14-3,05/16/2011 11:03:00,C1006,PC-C1006,C:\docs\report_3.pdf,File Open,False,False,
F-C1006-14-4,05/16/2011 11:04:00,C1006,PC-C1006,C:\docs\report_4.pdf,File Open,False,False,
F-C1006-14-5,05/16/2011 11:05:00,C1006,PC-C1006,C:\docs\report_5.pdf,File Open,False,False,
F-C1006-14-6,05/16/2011 11:06:00,C1006,PC-C1006,C:\docs\report_6.pdf,File Open,False,False,
F-C1006-14-7,05/16/2011 11:07:00,C1006,PC-C1006,C:\docs\report_7.pdf,File Open,False,False,
F-C1006-14-8,05/16/2011 11:08:00,C1006,PC-C1006,C:\docs\report_8.pdf,File Open,False,False,
F-C1006-14-9,05/16/2011 11:09:00,C1006,PC-C1006,C:\docs\report_9.pdf,File Open,False,False,
F-C1007-14-0,05/16/2011 11:00:00,C1007,PC-C1007,C:\docs\report_0.pdf,File Open,False,False,
F-C1007-14-1,05/16/2011 11:01:00,C1007,PC-C1007,C:\docs\report_1.pdf,File Open,False,False,
F-C1007-14-2,05/16/2011 11:02:00,C1007,PC-C1007,C:\docs\report_2.pdf,File Open,False,False,
F-C1007-14-3,05/16/2011 11:03:00,C1007,PC-C1007,C:\docs\report_3.pdf,File Open,False,False,
F-C1007-14-4,05/16/2011 11:04:00,C1007,PC-C1007,C:\docs\report_4.pdf,File Open,False,False,
F-C1007-14-5,05/16/2011 11:05:00,C1007,PC-C1007,C:\docs\report_5.pdf,File Open,False,False,
F-C1007-14-6,05/16/2011 11:06:00,C1007,PC-C1007,C:\docs\report_6.pdf,File Open,False,False,
F-C1007-14-7,05/16/2011 11:07:00,C1007,PC-C1007,C:\docs\report_7.pdf,File Open,False,False,
F-C1008-14-0,05/16/2011 11:00:00,C1008,PC-C1008,C:\docs\report_0.pdf,File Open,False,False,
F-C1008-14-1,05/16/2011 11:01:00,C1008,PC-C1008,C:\docs\report_1.pdf,File Open,False,False,
F-C1008-14-2,05/16/2011 11:02:00,C1008,PC-C1008,C:\docs\report_2.pdf,File Open,False,False,
F-C1008-14-3,05/16/2011 11:03:00,C1008,PC-C1008,C:\docs\report_3.pdf,File Open,False,False,
F-C1008-14-4,05/16/2011 11:04:00,C1008,PC-C1008,C:\docs\report_4.pdf,File Open,False,False,
F-C1008-14-5,05/16/2011 11:05:00,C1008,PC-C1008,C:\docs\report_5.pdf,File Open,False,False,
F-C1008-14-6,05/16/2011 11:06:00,C1008,PC-C1008,C:\docs\report_6.pdf,File Open,False,False,
F-C1008-14-7,05/16/2011 11:07:00,C1008,PC-C1008,C:\docs\report_7.pdf,File Open,False,False,
F-C1008-14-8,05/16/2011 11:08:00,C1008,PC-C1008,C:\docs\report_8.pdf,File Open,False,False,
F-C1009-14-0,05/16/2011 11:00:00,C1009,PC-C1009,C:\docs\report_0.pdf,File Open,False,False,
F-C1009-14-1,05/16/2011 11:01:00,C1009,PC-C1009,C:\docs\report_1.pdf,File Open,False,False,
F-C1009-14-2,05/16/2011 11:02:00,C1009,PC-C1009,C:\docs\report_2.pdf,File Open,False,False,
F-C1009-14-3,05/16/2011 11:03:00,C1009,PC-C1009,C:\docs\report_3.pdf,File Open,False,False,
F-C1009-14-4,05/16/2011 11:04:00,C1009,PC-C1009,C:\docs\report_4.pdf,File Open,False,False,
F-C1009-14-5,05/16/2011 11:05:00,C1009,PC-C1009,C:\docs\report_5.pdf,File Open,False,False,
F-C1009-14-6,05/16/2011 11:06:00,C1009,PC-C1009,C:\docs\report_6.pdf,File Open,False,False,
F-C1009-14-7,05/16/2011 11:07:00,C1009,PC-C1009,C:\docs\report_7.pdf,File Open,False,False,
F-C1009-14-8,05/16/2011 11:08:00,C1009,PC-C1009,C:\docs\report_8.pdf,File Open,False,False,
F-C1009-14-9,05/16/2011 11:09:00,C1009,PC-C1009,C:\docs\report_9.pdf,File Open,False,False,
F-C1010-14-0,05/16/2011 11:00:00,C1010,PC-C1010,C:\docs\report_0.pdf,File Open,False,False,
F-C1010-14-1,05/16/2011 11:01:00,C1010,PC-C1010,C:\docs\report_1.pdf,File Open,False,False,
F-C1010-14-2,05/16/2011 11:02:00,C1010,PC-C1010,C:\docs\report_2.pdf,File Open,False,False,
F-C1010-14-3,05/16/2011 11:03:00,C1010,PC-C1010,C:\docs\report_3.pdf,File Open,False,False,
F-C1010-14-4,05/16/2011 11:04:00,C1010,PC-C1010,C:\docs\report_4.pdf,File Open,False,False,
F-C1010-14-5,05/16/2011 11:05:00,C1010,PC-C1010,C:\docs\report_5.pdf,File Open,False,False,
F-C1010-14-6,05/16/2011 11:06:00,C1010,PC-C1010,C:\docs\report_6.pdf,File Open,False,False,
F-C1010-14-7,05/16/2011 11:07:00,C1010,PC-C1010,C:\docs\report_7.pdf,File Open,False,False,
F-C1011-14-0,05/16/2011 11:00:00,C1011,PC-C1011,C:\docs\report_0.pdf,File Open,False,False,
F-C1011-14-1,05/16/2011 11:01:00,C1011,PC-C1011,C:\docs\report_1.pdf,File Open,False,False,
F-C1011-14-2,05/16/2011 11:02:00,C1011,PC-C1011,C:\docs\report_2.pdf,File Open,False,False,
F-C1011-14-3,05/16/2011 11:03:00,C1011,PC-C1011,C:\docs\report_3.pdf,File Open,False,False,
F-C1011-14-4,05/16/2011 11:04:00,C1011,PC-C1011,C:\docs\report_4.pdf,File Open,False,False,
F-C1011-14-5,05/16/2011 11:05:00,C1011,PC-C1011,C:\docs\report_5.pdf,File Open,False,False,
F-C1011-14-6,05/16/2011 11:06:00,C1011,PC-C1011,C:\docs\report_6.pdf,File Open,False,False,
F-C1011-14-7,05/16/2011 11:07:00,C1011,PC-C1011,C:\docs\report_7.pdf,File Open,False,False,
F-C1011-14-8,05/16/2011 11:08:00,C1011,PC-C1011,C:\docs\report_8.pdf,File Open,False,False,
F-C1012-14-0,05/16/2011 11:00:00,C1012,PC-C1012,C:\docs\report_0.pdf,File Open,False,False,
F-C1012-14-1,05/16/2011 11:01:00,C1012,PC-C1012,C:\docs\report_1.pdf,File Open,False,False,
F-C1012-14-2,05/16/2011 11:02:00,C1012,PC-C1012,C:\docs\report_2.pdf,File Open,False,False,
F-C1012-14-3,05/16/2011 11:03:00,C1012,PC-C1012,C:\docs\report_3.pdf,File Open,False,False,
F-C1012-14-4,05/16/2011 11:04:00,C1012,PC-C1012,C:\docs\report_4.pdf,File Open,False,False,
F-C1012-14-5,05/16/2011 11:05:00,C1012,PC-C1012,C:\docs\report_5.pdf,File Open,False,False,
F-C1012-14-6,05/16/2011 11:06:00,C1012,PC-C1012,C:\docs\report_6.pdf,File Open,False,False,
F-C1012-14-7,05/16/2011 11:07:00,C1012,PC-C1012,C:\docs\report_7.pdf,File Open,False,False,
F-C1012-14-8,05/16/2011 11:08:00,C1012,PC-C1012,C:\docs\report_8.pdf,File Open,False,False,
F-C1012-14-9,05/16/2011 11:09:00,C1012,PC-C1012,C:\docs\report_9.pdf,File Open,False,False,
F-C1013-14-0,05/16/2011 11:00:00,C1013,PC-C1013,C:\docs\report_0.pdf,File Open,False,False,
F-C1013-14-1,05/16/2011 11:01:00,C1013,PC-C1013,C:\docs\report_1.pdf,File Open,False,False,
F-C1013-14-2,05/16/2011 11:02:00,C1013,PC-C1013,C:\docs\report_2.pdf,File Open,False,False,
F-C1013-14-3,05/16/2011 11:03:00,C1013,PC-C1013,C:\docs\report_3.pdf,File Open,False,False,
F-C1013-14-4,05/16/2011 11:04:00,C1013,PC-C1013,C:\docs\report_4.pdf,File Open,False,False,
F-C1013-14-5,05/16/2011 11:05:00,C1013,PC-C1013,C:\docs\report_5.pdf,File Open,False,False,
F-C1013-14-6,05/16/2011 11:06:00,C1013,PC-C1013,C:\docs\report_6.pdf,File Open,False,False,
F-C1013-14-7,05/16/2011 11:07:00,C1013,PC-C1013,C:\docs\report_7.pdf,File Open,False,False,
F-C1014-14-0,05/16/2011 11:00:00,C1014,PC-C1014,C:\docs\report_0.pdf,File Open,False,False,
F-C1014-14-1,05/16/2011 11:01:00,C1014,PC-C1014,C:\docs\report_1.pdf,File Open,False,False,
F-C1014-14-2,05/16/2011 11:02:00,C1014,PC-C1014,C:\docs\report_2.pdf,File Open,False,False,
F-C1014-14-3,05/16/2011 11:03:00,C1014,PC-C1014,C:\docs\report_3.pdf,File Open,False,False,
F-C1014-14-4,05/16/2011 11:04:00,C1014,PC-C1014,C:\docs\report_4.pdf,File Open,False,False,
F-C1014-14-5,05/16/2011 11:05:00,C1014,PC-C1014,C:\docs\report_5.pdf,File Open,False,False,
F-C1014-14-6,05/16/2011 11:06:00,C1014,PC-C1014,C:\docs\report_6.pdf,File Open,False,False,
F-C1014-14-7,05/16/2011 11:07:00,C1014,PC-C1014,C:\docs\report_7.pdf,File Open,False,False,
F-C1014-14-8,05/16/2011 11:08:00,C1014,PC-C1014,C:\docs\report_8.pdf,File Open,False,False,
F-C1015-14-0,05/16/2011 11:00:00,C1015,PC-C1015,C:\docs\report_0.pdf,File Open,False,False,
F-C1015-14-1,05/16/2011 11:01:00,C1015,PC-C1015,C:\docs\report_1.pdf,File Open,False,False,
F-C1015-14-2,05/16/2011 11:02:00,C1015,PC-C1015,C:\docs\report_2.pdf,File Open,False,False,
F-C1015-14-3,05/16/2011 11:03:00,C1015,PC-C1015,C:\docs\report_3.pdf,File Open,False,False,
F-C1015-14-4,05/16/2011 11:04:00,C1015,PC-C1015,C:\docs\report_4.pdf,File Open,False,False,
F-C1015-14-5,05/16/2011 11:05:00,C1015,PC-C1015,C:\docs\report_5.pdf,File Open,False,False,
F-C1015-14-6,05/16/2011 11:06:00,C1015,PC-C1015,C:\docs\report_6.pdf,File Open,False,False,
F-C1015-14-7,05/16/2011 11:07:00,C1015,PC-C1015,C:\docs\report_7.pdf,File Open,False,False,
F-C1015-14-8,05/16/2011 11:08:00,C1015,PC-C1015,C:\docs\report_8.pdf,File Open,False,False,
F-C1015-14-9,05/16/2011 11:09:00,C1015,PC-C1015,C:\docs\report_9.pdf,File Open,False,False,
F-C1016-14-0,05/16/2011 11:00:00,C1016,PC-C1016,C:\docs\report_0.pdf,File Open,False,False,
F-C1016-14-1,05/16/2011 11:01:00,C1016,PC-C1016,C:\docs\report_1.pdf,File Open,False,False,
F-C1016-14-2,05/16/2011 11:02:00,C1016,PC-C1016,C:\docs\report_2.pdf,File Open,False,False,
F-C1016-14-3,05/16/2011 11:03:00,C1016,PC-C1016,C:\docs\report_3.pdf,File Open,False,False,
F-C1016-14-4,05/16/2011 11:04:00,C1016,PC-C1016,C:\docs\report_4.pdf,File Open,False,False,
F-C1016-14-5,05/16/2011 11:05:00,C1016,PC-C1016,C:\docs\report_5.pdf,File Open,False,False,
F-C1016-14-6,05/16/2011 11:06:00,C1016,PC-C1016,C:\docs\report_6.pdf,File Open,False,False,
F-C1016-14-7,05/16/2011 11:07:00,C1016,PC-C1016,C:\docs\report_7.pdf,File Open,False,False,
F-C1017-14-0,05/16/2011 11:00:00,C1017,PC-C1017,C:\docs\report_0.pdf,File Open,False,False,
F-C1017-14-1,05/16/2011 11:01:00,C1017,PC-C1017,C:\docs\report_1.pdf,File Open,False,False,
F-C1017-14-2,05/16/2011 11:02:00,C1017,PC-C1017,C:\docs\report_2.pdf,File Open,False,False,
F-C1017-14-3,05/16/2011 11:03:00,C1017,PC-C1017,C:\docs\report_3.pdf,File Open,False,False,
F-C1017-14-4,05/16/2011 11:04:00,C1017,PC-C1017,C:\docs\report_4.pdf,File Open,False,False,
F-C1017-14-5,05/16/2011 11:05:00,C1017,PC-C1017,C:\docs\report_5.pdf,File Open,False,False,
F-C1017-14-6,05/16/2011 11:06:00,C1017,PC-C1017,C:\docs\report_6.pdf,File Open,False,False,
F-C1017-14-7,05/16/2011 11:07:00,C1017,PC-C1017,C:\docs\report_7.pdf,File Open,False,False,
F-C1017-14-8,05/16/2011 11:08:00,C1017,PC-C1017,C:\docs\report_8.pdf,File Open,False,False,
F-C1018-14-0,05/16/2011 11:00:00,C1018,PC-C1018,C:\docs\report_0.pdf,File Open,False,False,
F-C1018-14-1,05/16/2011 11:01:00,C1018,PC-C1018,C:\docs\report_1.pdf,File Open,False,False,
F-C1018-14-2,05/16/2011 11:02:00,C1018,PC-C1018,C:\docs\report_2.pdf,File Open,False,False,
F-C1018-14-3,05/16/2011 11:03:00,C1018,PC-C1018,C:\docs\report_3.pdf,File Open,False,False,
F-C1018-14-4,05/16/2011 11:04:00,C1018,PC-C1018,C:\docs\report_4.pdf,File Open,False,False,
F-C1018-14-5,05/16/2011 11:05:00,C1018,PC-C1018,C:\docs\report_5.pdf,File Open,False,False,
F-C1018-14-6,05/16/2011 11:06:00,C1018,PC-C1018,C:\docs\report_6.pdf,File Open,False,False,
F-C1018-14-7,05/16/2011 11:07:00,C1018,PC-C1018,C:\docs\report_7.pdf,File Open,False,False,
F-C1018-14-8,05/16/2011 11:08:00,C1018,PC-C1018,C:\docs\report_8.pdf,File Open,False,False,
F-C1018-14-9,05/16/2011 11:09:00,C1018,PC-C1018,C:\docs\report_9.pdf,File Open,False,False,
F-C1019-14-0,05/16/2011 11:00:00,C1019,PC-C1019,C:\docs\report_0.pdf,File Open,False,False,
F-C1019-14-1,05/16/2011 11:01:00,C1019,PC-C1019,C:\docs\report_1.pdf,File Open,False,False,
F-C1019-14-2,05/16/2011 11:02:00,C1019,PC-C1019,C:\docs\report_2.pdf,File Open,False,False,
F-C1019-14-3,05/16/2011 11:03:00,C1019,PC-C1019,C:\docs\report_3.pdf,File Open,False,False,
F-C1019-14-4,05/16/2011 11:04:00,C1019,PC-C1019,C:\docs\report_4.pdf,File Open,False,False,
F-C1019-14-5,05/16/2011 11:05:00,C1019,PC-C1019,C:\docs\report_5.pdf,File Open,False,False,
F-C1019-14-6,05/16/2011 11:06:00,C1019,PC-C1019,C:\docs\report_6.pdf,File Open,False,False,
F-C1019-14-7,05/16/2011 11:07:00,C1019,PC-C1019,C:\docs\report_7.pdf,File Open,False,False,
F-C1000-15-0,05/17/2011 11:00:00,C1000,PC-C1000,R:\docs\confidential_export_0.pdf,File Copy,True,False,
F-C1000-15-1,05/17/2011 11:01:00,C1000,PC-C1000,R:\docs\confidential_export_1.pdf,File Copy,True,False,
F-C1000-15-2,05/17/2011 11:02:00,C1000,PC-C1000,R:\docs\confidential_export_2.pdf,File Copy,True,False,
F-C1000-15-3,05/17/2011 11:03:00,C1000,PC-C1000,R:\docs\confidential_export_3.pdf,File Copy,True,False,
F-C1000-15-4,05/17/2011 11:04:00,C1000,PC-C1000,R:\docs\confidential_export_4.pdf,File Copy,True,False,
F-C1000-15-5,05/17/2011 11:05:00,C1000,PC-C1000,R:\docs\confidential_export_5.pdf,File Copy,True,False,
F-C1000-15-6,05/17/2011 11:06:00,C1000,PC-C1000,C:\docs\report_6.pdf,File Open,False,False,
F-C1000-15-7,05/17/2011 11:07:00,C1000,PC-C1000,C:\docs\report_7.pdf,File Open,False,False,
F-C1000-15-8,05/17/2011 11:08:00,C1000,PC-C1000,C:\docs\report_8.pdf,File Open,False,False,
F-C1000-15-9,05/17/2011 11:09:00,C1000,PC-C1000,C:\docs\report_9.pdf,File Open,False,False,
F-C1000-15-10,05/17/2011 11:10:00,C1000,PC-C1000,C:\docs\report_10.pdf,File Open,False,False,
F-C1000-15-11,05/17/2011 11:11:00,C1000,PC-C1000,C:\docs\report_11.pdf,File Open,False,False,
F-C1000-15-12,05/17/2011 11:12:00,C1000,PC-C1000,C:\docs\report_12.pdf,File Open,False,False,
F-C1000-15-13,05/17/2011 11:13:00,C1000,PC-C1000,C:\docs\report_13.pdf,File Open,False,False,
F-C1000-15-14,05/17/2011 11:14:00,C1000,PC-C1000,C:\docs\report_14.pdf,File Open,False,False,
F-C1000-15-15,05/17/2011 11:15:00,C1000,PC-C1000,C:\docs\report_15.pdf,File Open,False,False,
F-C1000-15-16,05/17/2011 11:16:00,C1000,PC-C1000,C:\docs\report_16.pdf,File Open,False,False,
F-C1000-15-17,05/17/2011 11:17:00,C1000,PC-C1000,C:\docs\report_17.pdf,File Open,False,False,
F-C1000-15-18,05/17/2011 11:18:00,C1000,PC-C1000,C:\docs\report_18.pdf,File Open,False,False,
F-C1000-15-19,05/17/2011 11:19:00,C1000,PC-C1000,C:\docs\report_19.pdf,File Open,False,False,
F-C1000-15-20,05/17/2011 11:20:00,C1000,PC-C1000,C:\docs\report_20.pdf,File Open,False,False,
F-C1000-15-21,05/17/2011 11:21:00,C1000,PC-C1000,C:\docs\report_21.pdf,File Open,False,False,
F-C1000-15-22,05/17/2011 11:22:00,C1000,PC-C1000,C:\docs\report_22.pdf,File Open,False,False,
F-C1000-15-23,05/17/2011 11:23:00,C1000,PC-C1000,C:\docs\report_23.pdf,File Open,False,False,
F-C1000-15-24,05/17/2011 11:24:00,C1000,PC-C1000,C:\docs\report_24.pdf,File Open,False,False,
F-C1000-15-25,05/17/2011 11:25:00,C1000,PC-C1000,C:\docs\report_25.pdf,File Open,False,False,
F-C1000-15-26,05/17/2011 11:26:00,C1000,PC-C1000,C:\docs\report_26.pdf,File Open,False,False,
F-C1000-15-27,05/17/2011 11:27:00,C1000,PC-C1000,C:\docs\report_27.pdf,File Open,False,False,
F-C1000-15-28,05/17/2011 11:28:00,C1000,PC-C1000,C:\docs\report_28.pdf,File Open,False,False,
F-C1000-15-29,05/17/2011 11:29:00,C1000,PC-C1000,C:\docs\report_29.pdf,File Open,False,False,
F-C1000-15-30,05/17/2011 11:30:00,C1000,PC-C1000,C:\docs\report_30.pdf,File Open,False,False,
F-C1000-15-31,05/17/2011 11:31:00,C1000,PC-C1000,C:\docs\report_31.pdf,File Open,False,False,
F-C1000-15-32,05/17/2011 11:32:00,C1000,PC-C1000,C:\docs\report_32.pdf,File Open,False,False,
F-C1000-15-33,05/17/2011 11:33:00,C1000,PC-C1000,C:\docs\report_33.pdf,File Open,False,False,
F-C1000-15-34,05/17/2011 11:34:00,C1000,PC-C1000,C:\docs\report_34.pdf,File Open,False,False,
F-C1001-15-0,05/17/2011 11:00:00,C1001,PC-C1001,C:\docs\report_0.pdf,File Open,False,False,
F-C1001-15-1,05/17/2011 11:01:00,C1001,PC-C1001,C:\docs\report_1.pdf,File Open,False,False,
F-C1001-15-2,05/17/2011 11:02:00,C1001,PC-C1001,C:\docs\report_2.pdf,File Open,False,False,
F-C1001-15-3,05/17/2011 11:03:00,C1001,PC-C1001,C:\docs\report_3.pdf,File Open,False,False,
F-C1001-15-4,05/17/2011 11:04:00,C1001,PC-C1001,C:\docs\report_4.pdf,File Open,False,False,
F-C1001-15-5,05/17/2011 11:05:00,C1001,PC-C1001,C:\docs\report_5.pdf,File Open,False,False,
F-C1001-15-6,05/17/2011 11:06:00,C1001,PC-C1001,C:\docs\report_6.pdf,File Open,False,False,
F-C1001-15-7,05/17/2011 11:07:00,C1001,PC-C1001,C:\docs\report_7.pdf,File Open,False,False,
F-C1001-15-8,05/17/2011 11:08:00,C1001,PC-C1001,C:\docs\report_8.pdf,File Open,False,False,
F-C1002-15-0,05/17/2011 11:00:00,C1002,PC-C1002,C:\docs\report_0.pdf,File Open,False,False,
F-C1002-15-1,05/17/2011 11:01:00,C1002,PC-C1002,C:\docs\report_1.pdf,File Open,False,False,
F-C1002-15-2,05/17/2011 11:02:00,C1002,PC-C1002,C:\docs\report_2.pdf,File Open,False,False,
F-C1002-15-3,05/17/2011 11:03:00,C1002,PC-C1002,C:\docs\report_3.pdf,File Open,False,False,
F-C1002-15-4,05/17/2011 11:04:00,C1002,PC-C1002,C:\docs\report_4.pdf,File Open,False,False,
F-C1002-15-5,05/17/2011 11:05:00,C1002,PC-C1002,C:\docs\report_5.pdf,File Open,False,False,
F-C1002-15-6,05/17/2011 11:06:00,C1002,PC-C1002,C:\docs\report_6.pdf,File Open,False,False,
F-C1002-15-7,05/17/2011 11:07:00,C1002,PC-C1002,C:\docs\report_7.pdf,File Open,False,False,
F-C1002-15-8,05/17/2011 11:08:00,C1002,PC-C1002,C:\docs\report_8.pdf,File Open,False,False,
F-C1002-15-9,05/17/2011 11:09:00,C1002,PC-C1002,C:\docs\report_9.pdf,File Open,False,False,
F-C1003-15-0,05/17/2011 11:00:00,C1003,PC-C1003,C:\docs\report_0.pdf,File Open,False,False,
F-C1003-15-1,05/17/2011 11:01:00,C1003,PC-C1003,C:\docs\report_1.pdf,File Open,False,False,
F-C1003-15-2,05/17/2011 11:02:00,C1003,PC-C1003,C:\docs\report_2.pdf,File Open,False,False,
F-C1003-15-3,05/17/2011 11:03:00,C1003,PC-C1003,C:\docs\report_3.pdf,File Open,False,False,
F-C1003-15-4,05/17/2011 11:04:00,C1003,PC-C1003,C:\docs\report_4.pdf,File Open,False,False,
F-C1003-15-5,05/17/2011 11:05:00,C1003,PC-C1003,C:\docs\report_5.pdf,File Open,False,False,
F-C1003-15-6,05/17/2011 11:06:00,C1003,PC-C1003,C:\docs\report_6.pdf,File Open,False,False,
F-C1003-15-7,05/17/2011 11:07:00,C1003,PC-C1003,C:\docs\report_7.pdf,File Open,False,False,
F-C1004-15-0,05/17/2011 11:00:00,C1004,PC-C1004,C:\docs\report_0.pdf,File Open,False,False,
F-C1004-15-1,05/17/2011 11:01:00,C1004,PC-C1004,C:\docs\report_1.pdf,File Open,False,False,
F-C1004-15-2,05/17/2011 11:02:00,C1004,PC-C1004,C:\docs\report_2.pdf,File Open,False,False,
F-C1004-15-3,05/17/2011 11:03:00,C1004,PC-C1004,C:\docs\report_3.pdf,File Open,False,False,
F-C1004-15-4,05/17/2011 11:04:00,C1004,PC-C1004,C:\docs\report_4.pdf,File Open,False,False,
F-C1004-15-5,05/17/2011 11:05:00,C1004,PC-C1004,C:\docs\report_5.pdf,File Open,False,False,
F-C1004-15-6,05/17/2011 11:06:00,C1004,PC-C1004,C:\docs\report_6.pdf,File Open,False,False,
F-C1004-15-7,05/17/2011 11:07:00,C1004,PC-C1004,C:\docs\report_7.pdf,File Open,False,False,
F-C1004-15-8,05/17/2011 11:08:00,C1004,PC-C1004,C:\docs\report_8.pdf,File Open,False,False,
F-C1005-15-0,05/17/2011 11:00:00,C1005,PC-C1005,C:\docs\report_0.pdf,File Open,False,False,
F-C1005-15-1,05/17/2011 11:01:00,C1005,PC-C1005,C:\docs\report_1.pdf,File Open,False,False,
F-C1005-15-2,05/17/2011 11:02:00,C1005,PC-C1005,C:\docs\report_2.pdf,File Open,False,False,
F-C1005-15-3,05/17/2011 11:03:00,C1005,PC-C1005,C:\docs\report_3.pdf,File Open,False,False,
F-C1005-15-4,05/17/2011 11:04:00,C1005,PC-C1005,C:\docs\report_4.pdf,File Open,False,False,
F-C1005-15-5,05/17/2011 11:05:00,C1005,PC-C1005,C:\docs\report_5.pdf,File Open,False,False,
F-C1005-15-6,05/17/2011 11:06:00,C1005,PC-C1005,C:\docs\report_6.pdf,File Open,False,False,
F-C1005-15-7,05/17/2011 11:07:00,C1005,PC-C1005,C:\docs\report_7.pdf,File Open,False,False,
F-C1005-15-8,05/17/2011 11:08:00,C1005,PC-C1005,C:\docs\report_8.pdf,File Open,False,False,
F-C1005-15-9,05/17/2011 11:09:00,C1005,PC-C1005,C:\docs\report_9.pdf,File Open,False,False,
F-C1006-15-0,05/17/2011 11:00:00,C1006,PC-C1006,C:\docs\report_0.pdf,File Open,False,False,
F-C1006-15-1,05/17/2011 11:01:00,C1006,PC-C1006,C:\docs\report_1.pdf,File Open,False,False,
F-C1006-15-2,05/17/2011 11:02:00,C1006,PC-C1006,C:\docs\report_2.pdf,File Open,False,False,
F-C1006-15-3,05/17/2011 11:03:00,C1006,PC-C1006,C:\docs\report_3.pdf,File Open,False,False,
F-C1006-15-4,05/17/2011 11:04:00,C1006,PC-C1006,C:\docs\report_4.pdf,File Open,False,False,
F-C1006-15-5,05/17/2011 11:05:00,C1006,PC-C1006,C:\docs\report_5.pdf,File Open,False,False,
F-C1006-15-6,05/17/2011 11:06:00,C1006,PC-C1006,C:\docs\report_6.pdf,File Open,False,False,
F-C1006-15-7,05/17/2011 11:07:00,C1006,PC-C1006,C:\docs\report_7.pdf,File Open,False,False,
F-C1007-15-0,05/17/2011 11:00:00,C1007,PC-C1007,C:\docs\report_0.pdf,File Open,False,False,
F-C1007-15-1,05/17/2011 11:01:00,C1007,PC-C1007,C:\docs\report_1.pdf,File Open,False,False,
F-C1007-15-2,05/17/2011 11:02:00,C1007,PC-C1007,C:\docs\report_2.pdf,File Open,False,False,
F-C1007-15-3,05/17/2011 11:03:00,C1007,PC-C1007,C:\docs\report_3.pdf,File Open,False,False,
F-C1007-15-4,05/17/2011 11:04:00,C1007,PC-C1007,C:\docs\report_4.pdf,File Open,False,False,
F-C1007-15-5,05/17/2011 11:05:00,C1007,PC-C1007,C:\docs\report_5.pdf,File Open,False,False,
F-C1007-15-6,05/17/2011 11:06:00,C1007,PC-C1007,C:\docs\report_6.pdf,File Open,False,False,
F-C1007-15-7,05/17/2011 11:07:00,C1007,PC-C1007,C:\docs\report_7.pdf,File Open,False,False,
F-C1007-15-8,05/17/2011 11:08:00,C1007,PC-C1007,C:\docs\report_8.pdf,File Open,False,False,
F-C1008-15-0,05/17/2011 11:00:00,C1008,PC-C1008,C:\docs\report_0.pdf,File Open,False,False,
F-C1008-15-1,05/17/2011 11:01:00,C1008,PC-C1008,C:\docs\report_1.pdf,File Open,False,False,
F-C1008-15-2,05/17/2011 11:02:00,C1008,PC-C1008,C:\docs\report_2.pdf,File Open,False,False,
F-C1008-15-3,05/17/2011 11:03:00,C1008,PC-C1008,C:\docs\report_3.pdf,File Open,False,False,
F-C1008-15-4,05/17/2011 11:04:00,C1008,PC-C1008,C:\docs\report_4.pdf,File Open,False,False,
F-C1008-15-5,05/17/2011 11:05:00,C1008,PC-C1008,C:\docs\report_5.pdf,File Open,False,False,
F-C1008-15-6,05/17/2011 11:06:00,C1008,PC-C1008,C:\docs\report_6.pdf,File Open,False,False,
F-C1008-15-7,05/17/2011 11:07:00,C1008,PC-C1008,C:\docs\report_7.pdf,File Open,False,False,
F-C1008-15-8,05/17/2011 11:08:00,C1008,PC-C1008,C:\docs\report_8.pdf,File Open,False,False,
F-C1008-15-9,05/17/2011 11:09:00,C1008,PC-C1008,C:\docs\report_9.pdf,File Open,False,False,
F-C1009-15-0,05/17/2011 11:00:00,C1009,PC-C1009,C:\docs\report_0.pdf,File Open,False,False,
F-C1009-15-1,05/17/2011 11:01:00,C1009,PC-C1009,C:\docs\report_1.pdf,File Open,False,False,
F-C1009-15-2,05/17/2011 11:02:00,C1009,PC-C1009,C:\docs\report_2.pdf,File Open,False,False,
F-C1009-15-3,05/17/2011 11:03:00,C1009,PC-C1009,C:\docs\report_3.pdf,File Open,False,False,
F-C1009-15-4,05/17/2011 11:04:00,C1009,PC-C1009,C:\docs\report_4.pdf,File Open,False,False,
F-C1009-15-5,05/17/2011 11:05:00,C1009,PC-C1009,C:\docs\report_5.pdf,File Open,False,False,
F-C1009-15-6,05/17/2011 11:06:00,C1009,PC-C1009,C:\docs\report_6.pdf,File Open,False,False,
F-C1009-15-7,05/17/2011 11:07:00,C1009,PC-C1009,C:\docs\report_7.pdf,File Open,False,False,
F-C1010-15-0,05/17/2011 11:00:00,C1010,PC-C1010,C:\docs\report_0.pdf,File Open,False,False,
F-C1010-15-1,05/17/2011 11:01:00,C1010,PC-C1010,C:\docs\report_1.pdf,File Open,False,False,
F-C1010-15-2,05/17/2011 11:02:00,C1010,PC-C1010,C:\docs\report_2.pdf,File Open,False,False,
F-C1010-15-3,05/17/2011 11:03:00,C1010,PC-C1010,C:\docs\report_3.pdf,File Open,False,False,
F-C1010-15-4,05/17/2011 11:04:00,C1010,PC-C1010,C:\docs\report_4.pdf,File Open,False,False,
F-C1010-15-5,05/17/2011 11:05:00,C1010,PC-C1010,C:\docs\report_5.pdf,File Open,False,False,
F-C1010-15-6,05/17/2011 11:06:00,C1010,PC-C1010,C:\docs\report_6.pdf,File Open,False,False,
F-C1010-15-7,05/17/2011 11:07:00,C1010,PC-C1010,C:\docs\report_7.pdf,File Open,False,False,
F-C1010-15-8,05/17/2011 11:08:00,C1010,PC-C1010,C:\docs\report_8.pdf,File Open,False,False,
F-C1011-15-0,05/17/2011 11:00:00,C1011,PC-C1011,C:\docs\report_0.pdf,File Open,False,False,
F-C1011-15-1,05/17/2011 11:01:00,C1011,PC-C1011,C:\docs\report_1.pdf,File Open,False,False,
F-C1011-15-2,05/17/2011 11:02:00,C1011,PC-C1011,C:\docs\report_2.pdf,File Open,False,False,
F-C1011-15-3,05/17/2011 11:03:00,C1011,PC-C1011,C:\docs\report_3.pdf,File Open,False,False,
F-C1011-15-4,05/17/2011 11:04:00,C1011,PC-C1011,C:\docs\report_4.pdf,File Open,False,False,
F-C1011-15-5,05/17/2011 11:05:00,C1011,PC-C1011,C:\docs\report_5.pdf,File Open,False,False,
F-C1011-15-6,05/17/2011 11:06:00,C1011,PC-C1011,C:\docs\report_6.pdf,File Open,False,False,
F-C1011-15-7,05/17/2011 11:07:00,C1011,PC-C1011,C:\docs\report_7.pdf,File Open,False,False,
F-C1011-15-8,05/17/2011 11:08:00,C1011,PC-C1011,C:\docs\report_8.pdf,File Open,False,False,
F-C1011-15-9,05/17/2011 11:09:00,C1011,PC-C1011,C:\docs\report_9.pdf,File Open,False,False,
F-C1012-15-0,05/17/2011 11:00:00,C1012,PC-C1012,C:\docs\report_0.pdf,File Open,False,False,
F-C1012-15-1,05/17/2011 11:01:00,C1012,PC-C1012,C:\docs\report_1.pdf,File Open,False,False,
F-C1012-15-2,05/17/2011 11:02:00,C1012,PC-C1012,C:\docs\report_2.pdf,File Open,False,False,
F-C1012-15-3,05/17/2011 11:03:00,C1012,PC-C1012,C:\docs\report_3.pdf,File Open,False,False,
F-C1012-15-4,05/17/2011 11:04:00,C1012,PC-C1012,C:\docs\report_4.pdf,File Open,False,False,
F-C1012-15-5,05/17/2011 11:05:00,C1012,PC-C1012,C:\docs\report_5.pdf,File Open,False,False,
F-C1012-15-6,05/17/2011 11:06:00,C1012,PC-C1012,C:\docs\report_6.pdf,File Open,False,False,
F-C1012-15-7,05/17/2011 11:07:00,C1012,PC-C1012,C:\docs\report_7.pdf,File Open,False,False,
F-C1013-15-0,05/17/2011 11:00:00,C1013,PC-C1013,C:\docs\report_0.pdf,File Open,False,False,
F-C1013-15-1,05/17/2011 11:01:00,C1013,PC-C1013,C:\docs\report_1.pdf,File Open,False,False,
F-C1013-15-2,05/17/2011 11:02:00,C1013,PC-C1013,C:\docs\report_2.pdf,File Open,False,False,
F-C1013-15-3,05/17/2011 11:03:00,C1013,PC-C1013,C:\docs\report_3.pdf,File Open,False,False,
F-C1013-15-4,05/17/2011 11:04:00,C1013,PC-C1013,C:\docs\report_4.pdf,File Open,False,False,
F-C1013-15-5,05/17/2011 11:05:00,C1013,PC-C1013,C:\docs\report_5.pdf,File Open,False,False,
F-C1013-15-6,05/17/2011 11:06:00,C1013,PC-C1013,C:\docs\report_6.pdf,File Open,False,False,
F-C1013-15-7,05/17/2011 11:07:00,C1013,PC-C1013,C:\docs\report_7.pdf,File Open,False,False,
F-C1013-15-8,05/17/2011 11:08:00,C1013,PC-C1013,C:\docs\report_8.pdf,File Open,False,False,
F-C1014-15-0,05/17/2011 11:00:00,C1014,PC-C1014,C:\docs\report_0.pdf,File Open,False,False,
F-C1014-15-1,05/17/2011 11:01:00,C1014,PC-C1014,C:\docs\report_1.pdf,File Open,False,False,
F-C1014-15-2,05/17/2011 11:02:00,C1014,PC-C1014,C:\docs\report_2.pdf,File Open,False,False,
F-C1014-15-3,05/17/2011 11:03:00,C1014,PC-C1014,C:\docs\report_3.pdf,File Open,False,False,
F-C1014-15-4,05/17/2011 11:04:00,C1014,PC-C1014,C:\docs\report_4.pdf,File Open,False,False,
F-C1014-15-5,05/17/2011 11:05:00,C1014,PC-C1014,C:\docs\report_5.pdf,File Open,False,False,
F-C1014-15-6,05/17/2011 11:06:00,C1014,PC-C1014,C:\docs\report_6.pdf,File Open,False,False,
F-C1014-15-7,05/17/2011 11:07:00,C1014,PC-C1014,C:\docs\report_7.pdf,File Open,False,False,
F-C1014-15-8,05/17/2011 11:08:00,C1014,PC-C1014,C:\docs\report_8.pdf,File Open,False,False,
F-C1014-15-9,05/17/2011 11:09:00,C1014,PC-C1014,C:\docs\report_9.pdf,File Open,False,False,
F-C1015-15-0,05/17/2011 11:00:00,C1015,PC-C1015,C:\docs\report_0.pdf,File Open,False,False,
F-C1015-15-1,05/17/2011 11:01:00,C1015,PC-C1015,C:\docs\report_1.pdf,File Open,False,False,
F-C1015-15-2,05/17/2011 11:02:00,C1015,PC-C1015,C:\docs\report_2.pdf,File Open,False,False,
F-C1015-15-3,05/17/2011 11:03:00,C1015,PC-C1015,C:\docs\report_3.pdf,File Open,False,False,
F-C1015-15-4,05/17/2011 11:04:00,C1015,PC-C1015,C:\docs\report_4.pdf,File Open,False,False,
F-C1015-15-5,05/17/2011 11:05:00,C1015,PC-C1015,C:\docs\report_5.pdf,File Open,False,False,
F-C1015-15-6,05/17/2011 11:06:00,C1015,PC-C1015,C:\docs\report_6.pdf,File Open,False,False,
F-C1015-15-7,05/17/2011 11:07:00,C1015,PC-C1015,C:\docs\report_7.pdf,File Open,False,False,
F-C1016-15-0,05/17/2011 11:00:00,C1016,PC-C1016,C:\docs\report_0.pdf,File Open,False,False,
F-C1016-15-1,05/17/2011 11:01:00,C1016,PC-C1016,C:\docs\report_1.pdf,File Open,False,False,
F-C1016-15-2,05/17/2011 11:02:00,C1016,PC-C1016,C:\docs\report_2.pdf,File Open,False,False,
F-C1016-15-3,05/17/2011 11:03:00,C1016,PC-C1016,C:\docs\report_3.pdf,File Open,False,False,
F-C1016-15-4,05/17/2011 11:04:00,C1016,PC-C1016,C:\docs\report_4.pdf,File Open,False,False,
F-C1016-15-5,05/17/2011 11:05:00,C1016,PC-C1016,C:\docs\report_5.pdf,File Open,False,False,
F-C1016-15-6,05/17/2011 11:06:00,C1016,PC-C1016,C:\docs\report_6.pdf,File Open,False,False,
F-C1016-15-7,05/17/2011 11:07:00,C1016,PC-C1016,C:\docs\report_7.pdf,File Open,False,False,
F-C1016-15-8,05/17/2011 11:08:00,C1016,PC-C1016,C:\docs\report_8.pdf,File Open,False,False,
F-C1017-15-0,05/17/2011 11:00:00,C1017,PC-C1017,C:\docs\report_0.pdf,File Open,False,False,
F-C1017-15-1,05/17/2011 11:01:00,C1017,PC-C1017,C:\docs\report_1.pdf,File Open,False,False,
F-C1017-15-2,05/17/2011 11:02:00,C1017,PC-C1017,C:\docs\report_2.pdf,File Open,False,False,
F-C1017-15-3,05/17/2011 11:03:00,C1017,PC-C1017,C:\docs\report_3.pdf,File Open,False,False,
F-C1017-15-4,05/17/2011 11:04:00,C1017,PC-C1017,C:\docs\report_4.pdf,File Open,False,False,
F-C1017-15-5,05/17/2011 11:05:00,C1017,PC-C1017,C:\docs\report_5.pdf,File Open,False,False,
F-C1017-15-6,05/17/2011 11:06:00,C1017,PC-C1017,C:\docs\report_6.pdf,File Open,False,False,
F-C1017-15-7,05/17/2011 11:07:00,C1017,PC-C1017,C:\docs\report_7.pdf,File Open,False,False,
F-C1017-15-8,05/17/2011 11:08:00,C1017,PC-C1017,C:\docs\report_8.pdf,File Open,False,False,
F-C1017-15-9,05/17/2011 11:09:00,C1017,PC-C1017,C:\docs\report_9.pdf,File Open,False,False,
F-C1018-15-0,05/17/2011 11:00:00,C1018,PC-C1018,C:\docs\report_0.pdf,File Open,False,False,
F-C1018-15-1,05/17/2011 11:01:00,C1018,PC-C1018,C:\docs\report_1.pdf,File Open,False,False,
F-C1018-15-2,05/17/2011 11:02:00,C1018,PC-C1018,C:\docs\report_2.pdf,File Open,False,False,
F-C1018-15-3,05/17/2011 11:03:00,C1018,PC-C1018,C:\docs\report_3.pdf,File Open,False,False,
F-C1018-15-4,05/17/2011 11:04:00,C1018,PC-C1018,C:\docs\report_4.pdf,File Open,False,False,
F-C1018-15-5,05/17/2011 11:05:00,C1018,PC-C1018,C:\docs\report_5.pdf,File Open,False,False,
F-C1018-15-6,05/17/2011 11:06:00,C1018,PC-C1018,C:\docs\report_6.pdf,File Open,False,False,
F-C1018-15-7,05/17/2011 11:07:00,C1018,PC-C1018,C:\docs\report_7.pdf,File Open,False,False,
F-C1018-15-8,05/17/2011 11:08:00,C1018,PC-C1018,C:\docs\report_8.pdf,File Open,False,False,
F-C1018-15-9,05/17/2011 11:09:00,C1018,PC-C1018,C:\docs\report_9.pdf,File Open,False,False,
F-C1018-15-10,05/17/2011 11:10:00,C1018,PC-C1018,C:\docs\report_10.pdf,File Open,False,False,
F-C1018-15-11,05/17/2011 11:11:00,C1018,PC-C1018,C:\docs\report_11.pdf,File Open,False,False,
F-C1018-15-12,05/17/2011 11:12:00,C1018,PC-C1018,C:\docs\report_12.pdf,File Open,False,False,
F-C1018-15-13,05/17/2011 11:13:00,C1018,PC-C1018,C:\docs\report_13.pdf,File Open,False,False,
F-C1018-15-14,05/17/2011 11:14:00,C1018,PC-C1018,C:\docs\report_14.pdf,File Open,False,False,
F-C1018-15-15,05/17/2011 11:15:00,C1018,PC-C1018,C:\docs\report_15.pdf,File Open,False,False,
F-C1018-15-16,05/17/2011 11:16:00,C1018,PC-C1018,C:\docs\report_16.pdf,File Open,False,False,
F-C1018-15-17,05/17/2011 11:17:00,C1018,PC-C1018,C:\docs\report_17.pdf,File Open,False,False,
F-C1018-15-18,05/17/2011 11:18:00,C1018,PC-C1018,C:\docs\report_18.pdf,File Open,False,False,
F-C1018-15-19,05/17/2011 11:19:00,C1018,PC-C1018,C:\docs\report_19.pdf,File Open,False,False,
F-C1018-15-20,05/17/2011 11:20:00,C1018,PC-C1018,C:\docs\report_20.pdf,File Open,False,False,
F-C1018-15-21,05/17/2011 11:21:00,C1018,PC-C1018,C:\docs\report_21.pdf,File Open,False,False,
F-C1018-15-22,05/17/2011 11:22:00,C1018,PC-C1018,C:\docs\report_22.pdf,File Open,False,False,
F-C1018-15-23,05/17/2011 11:23:00,C1018,PC-C1018,C:\docs\report_23.pdf,File Open,False,False,
F-C1018-15-24,05/17/2011 11:24:00,C1018,PC-C1018,C:\docs\report_24.pdf,File Open,False,False,
F-C1018-15-25,05/17/2011 11:25:00,C1018,PC-C1018,C:\docs\report_25.pdf,File Open,False,False,
F-C1018-15-26,05/17/2011 11:26:00,C1018,PC-C1018,C:\docs\report_26.pdf,File Open,False,False,
F-C1018-15-27,05/17/2011 11:27:00,C1018,PC-C1018,C:\docs\report_27.pdf,File Open,False,False,
F-C1018-15-28,05/17/2011 11:28:00,C1018,PC-C1018,C:\docs\report_28.pdf,File Open,False,False,
F-C1018-15-29,05/17/2011 11:29:00,C1018,PC-C1018,C:\docs\report_29.pdf,File Open,False,False,
F-C1019-15-0,05/17/2011 11:00:00,C1019,PC-C1019,C:\docs\report_0.pdf,File Open,False,False,
F-C1019-15-1,05/17/2011 11:01:00,C1019,PC-C1019,C:\docs\report_1.pdf,File Open,False,False,
F-C1019-15-2,05/17/2011 11:02:00,C1019,PC-C1019,C:\docs\report_2.pdf,File Open,False,False,
F-C1019-15-3,05/17/2011 11:03:00,C1019,PC-C1019,C:\docs\report_3.pdf,File Open,False,False,
F-C1019-15-4,05/17/2011 11:04:00,C1019,PC-C1019,C:\docs\report_4.pdf,File Open,False,False,
F-C1019-15-5,05/17/2011 11:05:00,C1019,PC-C1019,C:\docs\report_5.pdf,File Open,False,False,
F-C1019-15-6,05/17/2011 11:06:00,C1019,PC-C1019,C:\docs\report_6.pdf,File Open,False,False,
F-C1019-15-7,05/17/2011 11:07:00,C1019,PC-C1019,C:\docs\report_7.pdf,File Open,False,False,
F-C1019-15-8,05/17/2011 11:08:00,C1019,PC-C1019,C:\docs\report_8.pdf,File Open,False,False,
F-C1000-16-0,05/18/2011 11:00:00,C1000,PC-C1000,R:\docs\confidential_export_0.pdf,File Copy,True,False,
F-C1000-16-1,05/18/2011 11:01:00,C1000,PC-C1000,R:\docs\confidential_export_1.pdf,File Copy,True,False,
F-C1000-16-2,05/18/2011 11:02:00,C1000,PC-C1000,R:\docs\confidential_export_2.pdf,File Copy,True,False,
F-C1000-16-3,05/18/2011 11:03:00,C1000,PC-C1000,R:\docs\confidential_export_3.pdf,File Copy,True,False,
F-C1000-16-4,05/18/2011 11:04:00,C1000,PC-C1000,R:\docs\confidential_export_4.pdf,File Copy,True,False,
F-C1000-16-5,05/18/2011 11:05:00,C1000,PC-C1000,R:\docs\confidential_export_5.pdf,File Copy,True,False,
F-C1000-16-6,05/18/2011 11:06:00,C1000,PC-C1000,R:\docs\confidential_export_6.pdf,File Copy,True,False,
F-C1000-16-7,05/18/2011 11:07:00,C1000,PC-C1000,C:\docs\report_7.pdf,File Open,False,False,
F-C1000-16-8,05/18/2011 11:08:00,C1000,PC-C1000,C:\docs\report_8.pdf,File Open,False,False,
F-C1000-16-9,05/18/2011 11:09:00,C1000,PC-C1000,C:\docs\report_9.pdf,File Open,False,False,
F-C1000-16-10,05/18/2011 11:10:00,C1000,PC-C1000,C:\docs\report_10.pdf,File Open,False,False,
F-C1000-16-11,05/18/2011 11:11:00,C1000,PC-C1000,C:\docs\report_11.pdf,File Open,False,False,
F-C1000-16-12,05/18/2011 11:12:00,C1000,PC-C1000,C:\docs\report_12.pdf,File Open,False,False,
F-C1000-16-13,05/18/2011 11:13:00,C1000,PC-C1000,C:\docs\report_13.pdf,File Open,False,False,
F-C1000-16-14,05/18/2011 11:14:00,C1000,PC-C1000,C:\docs\report_14.pdf,File Open,False,False,
F-C1000-16-15,05/18/2011 11:15:00,C1000,PC-C1000,C:\docs\report_15.pdf,File Open,False,False,
F-C1000-16-16,05/18/2011 11:16:00,C1000,PC-C1000,C:\docs\report_16.pdf,File Open,False,False,
F-C1000-16-17,05/18/2011 11:17:00,C1000,PC-C1000,C:\docs\report_17.pdf,File Open,False,False,
F-C1000-16-18,05/18/2011 11:18:00,C1000,PC-C1000,C:\docs\report_18.pdf,File Open,False,False,
F-C1000-16-19,05/18/2011 11:19:00,C1000,PC-C1000,C:\docs\report_19.pdf,File Open,False,False,
F-C1000-16-20,05/18/2011 11:20:00,C1000,PC-C1000,C:\docs\report_20.pdf,File Open,False,False,
F-C1000-16-21,05/18/2011 11:21:00,C1000,PC-C1000,C:\docs\report_21.pdf,File Open,False,False,
F-C1000-16-22,05/18/2011 11:22:00,C1000,PC-C1000,C:\docs\report_22.pdf,File Open,False,False,
F-C1000-16-23,05/18/2011 11:23:00,C1000,PC-C1000,C:\docs\report_23.pdf,File Open,False,False,
F-C1000-16-24,05/18/2011 11:24:00,C1000,PC-C1000,C:\docs\report_24.pdf,File Open,False,False,
F-C1000-16-25,05/18/2011 11:25:00,C1000,PC-C1000,C:\docs\report_25.pdf,File Open,False,False,
F-C1000-16-26,05/18/2011 11:26:00,C1000,PC-C1000,C:\docs\report_26.pdf,File Open,False,False,
F-C1000-16-27,05/18/2011 11:27:00,C1000,PC-C1000,C:\docs\report_27.pdf,File Open,False,False,
F-C1000-16-28,05/18/2011 11:28:00,C1000,PC-C1000,C:\docs\report_28.pdf,File Open,False,False,
F-C1000-16-29,05/18/2011 11:29:00,C1000,PC-C1000,C:\docs\report_29.pdf,File Open,False,False,
F-C1000-16-30,05/18/2011 11:30:00,C1000,PC-C1000,C:\docs\report_30.pdf,File Open,False,False,
F-C1000-16-31,05/18/2011 11:31:00,C1000,PC-C1000,C:\docs\report_31.pdf,File Open,False,False,
F-C1000-16-32,05/18/2011 11:32:00,C1000,PC-C1000,C:\docs\report_32.pdf,File Open,False,False,
F-C1000-16-33,05/18/2011 11:33:00,C1000,PC-C1000,C:\docs\report_33.pdf,File Open,False,False,
F-C1000-16-34,05/18/2011 11:34:00,C1000,PC-C1000,C:\docs\report_34.pdf,File Open,False,False,
F-C1000-16-35,05/18/2011 11:35:00,C1000,PC-C1000,C:\docs\report_35.pdf,File Open,False,False,
F-C1000-16-36,05/18/2011 11:36:00,C1000,PC-C1000,C:\docs\report_36.pdf,File Open,False,False,
F-C1001-16-0,05/18/2011 11:00:00,C1001,PC-C1001,C:\docs\report_0.pdf,File Open,False,False,
F-C1001-16-1,05/18/2011 11:01:00,C1001,PC-C1001,C:\docs\report_1.pdf,File Open,False,False,
F-C1001-16-2,05/18/2011 11:02:00,C1001,PC-C1001,C:\docs\report_2.pdf,File Open,False,False,
F-C1001-16-3,05/18/2011 11:03:00,C1001,PC-C1001,C:\docs\report_3.pdf,File Open,False,False,
F-C1001-16-4,05/18/2011 11:04:00,C1001,PC-C1001,C:\docs\report_4.pdf,File Open,False,False,
F-C1001-16-5,05/18/2011 11:05:00,C1001,PC-C1001,C:\docs\report_5.pdf,File Open,False,False,
F-C1001-16-6,05/18/2011 11:06:00,C1001,PC-C1001,C:\docs\report_6.pdf,File Open,False,False,
F-C1001-16-7,05/18/2011 11:07:00,C1001,PC-C1001,C:\docs\report_7.pdf,File Open,False,False,
F-C1001-16-8,05/18/2011 11:08:00,C1001,PC-C1001,C:\docs\report_8.pdf,File Open,False,False,
F-C1001-16-9,05/18/2011 11:09:00,C1001,PC-C1001,C:\docs\report_9.pdf,File Open,False,False,
F-C1002-16-0,05/18/2011 11:00:00,C1002,PC-C1002,C:\docs\report_0.pdf,File Open,False,False,
F-C1002-16-1,05/18/2011 11:01:00,C1002,PC-C1002,C:\docs\report_1.pdf,File Open,False,False,
F-C1002-16-2,05/18/2011 11:02:00,C1002,PC-C1002,C:\docs\report_2.pdf,File Open,False,False,
F-C1002-16-3,05/18/2011 11:03:00,C1002,PC-C1002,C:\docs\report_3.pdf,File Open,False,False,
F-C1002-16-4,05/18/2011 11:04:00,C1002,PC-C1002,C:\docs\report_4.pdf,File Open,False,False,
F-C1002-16-5,05/18/2011 11:05:00,C1002,PC-C1002,C:\docs\report_5.pdf,File Open,False,False,
F-C1002-16-6,05/18/2011 11:06:00,C1002,PC-C1002,C:\docs\report_6.pdf,File Open,False,False,
F-C1002-16-7,05/18/2011 11:07:00,C1002,PC-C1002,C:\docs\report_7.pdf,File Open,False,False,
F-C1003-16-0,05/18/2011 11:00:00,C1003,PC-C1003,C:\docs\report_0.pdf,File Open,False,False,
F-C1003-16-1,05/18/2011 11:01:00,C1003,PC-C1003,C:\docs\report_1.pdf,File Open,False,False,
F-C1003-16-2,05/18/2011 11:02:00,C1003,PC-C1003,C:\docs\report_2.pdf,File Open,False,False,
F-C1003-16-3,05/18/2011 11:03:00,C1003,PC-C1003,C:\docs\report_3.pdf,File Open,False,False,
F-C1003-16-4,05/18/2011 11:04:00,C1003,PC-C1003,C:\docs\report_4.pdf,File Open,False,False,
F-C1003-16-5,05/18/2011 11:05:00,C1003,PC-C1003,C:\docs\report_5.pdf,File Open,False,False,
F-C1003-16-6,05/18/2011 11:06:00,C1003,PC-C1003,C:\docs\report_6.pdf,File Open,False,False,
F-C1003-16-7,05/18/2011 11:07:00,C1003,PC-C1003,C:\docs\report_7.pdf,File Open,False,False,
F-C1003-16-8,05/18/2011 11:08:00,C1003,PC-C1003,C:\docs\report_8.pdf,File Open,False,False,
F-C1004-16-0,05/18/2011 11:00:00,C1004,PC-C1004,C:\docs\report_0.pdf,File Open,False,False,
F-C1004-16-1,05/18/2011 11:01:00,C1004,PC-C1004,C:\docs\report_1.pdf,File Open,False,False,
F-C1004-16-2,05/18/2011 11:02:00,C1004,PC-C1004,C:\docs\report_2.pdf,File Open,False,False,
F-C1004-16-3,05/18/2011 11:03:00,C1004,PC-C1004,C:\docs\report_3.pdf,File Open,False,False,
F-C1004-16-4,05/18/2011 11:04:00,C1004,PC-C1004,C:\docs\report_4.pdf,File Open,False,False,
F-C1004-16-5,05/18/2011 11:05:00,C1004,PC-C1004,C:\docs\report_5.pdf,File Open,False,False,
F-C1004-16-6,05/18/2011 11:06:00,C1004,PC-C1004,C:\docs\report_6.pdf,File Open,False,False,
F-C1004-16-7,05/18/2011 11:07:00,C1004,PC-C1004,C:\docs\report_7.pdf,File Open,False,False,
F-C1004-16-8,05/18/2011 11:08:00,C1004,PC-C1004,C:\docs\report_8.pdf,File Open,False,False,
F-C1004-16-9,05/18/2011 11:09:00,C1004,PC-C1004,C:\docs\report_9.pdf,File Open,False,False,
F-C1005-16-0,05/18/2011 11:00:00,C1005,PC-C1005,C:\docs\report_0.pdf,File Open,False,False,
F-C1005-16-1,05/18/2011 11:01:00,C1005,PC-C1005,C:\docs\report_1.pdf,File Open,False,False,
F-C1005-16-2,05/18/2011 11:02:00,C1005,PC-C1005,C:\docs\report_2.pdf,File Open,False,False,
F-C1005-16-3,05/18/2011 11:03:00,C1005,PC-C1005,C:\docs\report_3.pdf,File Open,False,False,
F-C1005-16-4,05/18/2011 11:04:00,C1005,PC-C1005,C:\docs\report_4.pdf,File Open,False,False,
F-C1005-16-5,05/18/2011 11:05:00,C1005,PC-C1005,C:\docs\report_5.pdf,File Open,False,False,
F-C1005-16-6,05/18/2011 11:06:00,C1005,PC-C1005,C:\docs\report_6.pdf,File Open,False,False,
F-C1005-16-7,05/18/2011 11:07:00,C1005,PC-C1005,C:\docs\report_7.pdf,File Open,False,False,
F-C1006-16-0,05/18/2011 11:00:00,C1006,PC-C1006,C:\docs\report_0.pdf,File Open,False,False,
F-C1006-16-1,05/18/2011 11:01:00,C1006,PC-C1006,C:\docs\report_1.pdf,File Open,False,False,
F-C1006-16-2,05/18/2011 11:02:00,C1006,PC-C1006,C:\docs\report_2.pdf,File Open,False,False,
F-C1006-16-3,05/18/2011 11:03:00,C1006,PC-C1006,C:\docs\report_3.pdf,File Open,False,False,
F-C1006-16-4,05/18/2011 11:04:00,C1006,PC-C1006,C:\docs\report_4.pdf,File Open,False,False,
F-C1006-16-5,05/18/2011 11:05:00,C1006,PC-C1006,C:\docs\report_5.pdf,File Open,False,False,
F-C1006-16-6,05/18/2011 11:06:00,C1006,PC-C1006,C:\docs\report_6.pdf,File Open,False,False,
F-C1006-16-7,05/18/2011 11:07:00,C1006,PC-C1006,C:\docs\report_7.pdf,File Open,False,False,
F-C1006-16-8,05/18/2011 11:08:00,C1006,PC-C1006,C:\docs\report_8.pdf,File Open,False,False,
F-C1007-16-0,05/18/2011 11:00:00,C1007,PC-C1007,C:\docs\report_0.pdf,File Open,False,False,
F-C1007-16-1,05/18/2011 11:01:00,C1007,PC-C1007,C:\docs\report_1.pdf,File Open,False,False,
F-C1007-16-2,05/18/2011 11:02:00,C1007,PC-C1007,C:\docs\report_2.pdf,File Open,False,False,
F-C1007-16-3,05/18/2011 11:03:00,C1007,PC-C1007,C:\docs\report_3.pdf,File Open,False,False,
F-C1007-16-4,05/18/2011 11:04:00,C1007,PC-C1007,C:\docs\report_4.pdf,File Open,False,False,
F-C1007-16-5,05/18/2011 11:05:00,C1007,PC-C1007,C:\docs\report_5.pdf,File Open,False,False,
F-C1007-16-6,05/18/2011 11:06:00,C1007,PC-C1007,C:\docs\report_6.pdf,File Open,False,False,
F-C1007-16-7,05/18/2011 11:07:00,C1007,PC-C1007,C:\docs\report_7.pdf,File Open,False,False,
F-C1007-16-8,05/18/2011 11:08:00,C1007,PC-C1007,C:\docs\report_8.pdf,File Open,False,False,
F-C1007-16-9,05/18/2011 11:09:00,C1007,PC-C1007,C:\docs\report_9.pdf,File Open,False,False,
F-C1008-16-0,05/18/2011 11:00:00,C1008,PC-C1008,C:\docs\report_0.pdf,File Open,False,False,
F-C1008-16-1,05/18/2011 11:01:00,C1008,PC-C1008,C:\docs\report_1.pdf,File Open,False,False,
F-C1008-16-2,05/18/2011 11:02:00,C1008,PC-C1008,C:\docs\report_2.pdf,File Open,False,False,
F-C1008-16-3,05/18/2011 11:03:00,C1008,PC-C1008,C:\docs\report_3.pdf,File Open,False,False,
F-C1008-16-4,05/18/2011 11:04:00,C1008,PC-C1008,C:\docs\report_4.pdf,File Open,False,False,
F-C1008-16-5,05/18/2011 11:05:00,C1008,PC-C1008,C:\docs\report_5.pdf,File Open,False,False,
F-C1008-16-6,05/18/2011 11:06:00,C1008,PC-C1008,C:\docs\report_6.pdf,File Open,False,False,
F-C1008-16-7,05/18/2011 11:07:00,C1008,PC-C1008,C:\docs\report_7.pdf,File Open,False,False,
F-C1009-16-0,05/18/2011 11:00:00,C1009,PC-C1009,C:\docs\report_0.pdf,File Open,False,False,
F-C1009-16-1,05/18/2011 11:01:00,C1009,PC-C1009,C:\docs\report_1.pdf,File Open,False,False,
F-C1009-16-2,05/18/2011 11:02:00,C1009,PC-C1009,C:\docs\report_2.pdf,File Open,False,False,
F-C1009-16-3,05/18/2011 11:03:00,C1009,PC-C1009,C:\docs\report_3.pdf,File Open,False,False,
F-C1009-16-4,05/18/2011 11:04:00,C1009,PC-C1009,C:\docs\report_4.pdf,File Open,False,False,
F-C1009-16-5,05/18/2011 11:05:00,C1009,PC-C1009,C:\docs\report_5.pdf,File Open,False,False,
F-C1009-16-6,05/18/2011 11:06:00,C1009,PC-C1009,C:\docs\report_6.pdf,File Open,False,False,
F-C1009-16-7,05/18/2011 11:07:00,C1009,PC-C1009,C:\docs\report_7.pdf,File Open,False,False,
F-C1009-16-8,05/18/2011 11:08:00,C1009,PC-C1009,C:\docs\report_8.pdf,File Open,False,False,
F-C1010-16-0,05/18/2011 11:00:00,C1010,PC-C1010,C:\docs\report_0.pdf,File Open,False,False,
F-C1010-16-1,05/18/2011 11:01:00,C1010,PC-C1010,C:\docs\report_1.pdf,File Open,False,False,
F-C1010-16-2,05/18/2011 11:02:00,C1010,PC-C1010,C:\docs\report_2.pdf,File Open,False,False,
F-C1010-16-3,05/18/2011 11:03:00,C1010,PC-C1010,C:\docs\report_3.pdf,File Open,False,False,
F-C1010-16-4,05/18/2011 11:04:00,C1010,PC-C1010,C:\docs\report_4.pdf,File Open,False,False,
F-C1010-16-5,05/18/2011 11:05:00,C1010,PC-C1010,C:\docs\report_5.pdf,File Open,False,False,
F-C1010-16-6,05/18/2011 11:06:00,C1010,PC-C1010,C:\docs\report_6.pdf,File Open,False,False,
F-C1010-16-7,05/18/2011 11:07:00,C1010,PC-C1010,C:\docs\report_7.pdf,File Open,False,False,
F-C1010-16-8,05/18/2011 11:08:00,C1010,PC-C1010,C:\docs\report_8.pdf,File Open,False,False,
F-C1010-16-9,05/18/2011 11:09:00,C1010,PC-C1010,C:\docs\report_9.pdf,File Open,False,False,
F-C1011-16-0,05/18/2011 11:00:00,C1011,PC-C1011,C:\docs\report_0.pdf,File Open,False,False,
F-C1011-16-1,05/18/2011 11:01:00,C1011,PC-C1011,C:\docs\report_1.pdf,File Open,False,False,
F-C1011-16-2,05/18/2011 11:02:00,C1011,PC-C1011,C:\docs\report_2.pdf,File Open,False,False,
F-C1011-16-3,05/18/2011 11:03:00,C1011,PC-C1011,C:\docs\report_3.pdf,File Open,False,False,
F-C1011-16-4,05/18/2011 11:04:00,C1011,PC-C1011,C:\docs\report_4.pdf,File Open,False,False,
F-C1011-16-5,05/18/2011 11:05:00,C1011,PC-C1011,C:\docs\report_5.pdf,File Open,False,False,
F-C1011-16-6,05/18/2011 11:06:00,C1011,PC-C1011,C:\docs\report_6.pdf,File Open,False,False,
F-C1011-16-7,05/18/2011 11:07:00,C1011,PC-C1011,C:\docs\report_7.pdf,File Open,False,False,
F-C1012-16-0,05/18/2011 11:00:00,C1012,PC-C1012,C:\docs\report_0.pdf,File Open,False,False,
F-C1012-16-1,05/18/2011 11:01:00,C1012,PC-C1012,C:\docs\report_1.pdf,File Open,False,False,
F-C1012-16-2,05/18/2011 11:02:00,C1012,PC-C1012,C:\docs\report_2.pdf,File Open,False,False,
F-C1012-16-3,05/18/2011 11:03:00,C1012,PC-C1012,C:\docs\report_3.pdf,File Open,False,False,
F-C1012-16-4,05/18/2011 11:04:00,C1012,PC-C1012,C:\docs\report_4.pdf,File Open,False,False,
F-C1012-16-5,05/18/2011 11:05:00,C1012,PC-C1012,C:\docs\report_5.pdf,File Open,False,False,
F-C1012-16-6,05/18/2011 11:06:00,C1012,PC-C1012,C:\docs\report_6.pdf,File Open,False,False,
F-C1012-16-7,05/18/2011 11:07:00,C1012,PC-C1012,C:\docs\report_7.pdf,File Open,False,False,
F-C1012-16-8,05/18/2011 11:08:00,C1012,PC-C1012,C:\docs\report_8.pdf,File Open,False,False,
F-C1013-16-0,05/18/2011 11:00:00,C1013,PC-C1013,C:\docs\report_0.pdf,File Open,False,False,
F-C1013-16-1,05/18/2011 11:01:00,C1013,PC-C1013,C:\docs\report_1.pdf,File Open,False,False,
F-C1013-16-2,05/18/2011 11:02:00,C1013,PC-C1013,C:\docs\report_2.pdf,File Open,False,False,
F-C1013-16-3,05/18/2011 11:03:00,C1013,PC-C1013,C:\docs\report_3.pdf,File Open,False,False,
F-C1013-16-4,05/18/2011 11:04:00,C1013,PC-C1013,C:\docs\report_4.pdf,File Open,False,False,
F-C1013-16-5,05/18/2011 11:05:00,C1013,PC-C1013,C:\docs\report_5.pdf,File Open,False,False,
F-C1013-16-6,05/18/2011 11:06:00,C1013,PC-C1013,C:\docs\report_6.pdf,File Open,False,False,
F-C1013-16-7,05/18/2011 11:07:00,C1013,PC-C1013,C:\docs\report_7.pdf,File Open,False,False,
F-C1013-16-8,05/18/2011 11:08:00,C1013,PC-C1013,C:\docs\report_8.pdf,File Open,False,False,
F-C1013-16-9,05/18/2011 11:09:00,C1013,PC-C1013,C:\docs\report_9.pdf,File Open,False,False,
F-C1014-16-0,05/18/2011 11:00:00,C1014,PC-C1014,C:\docs\report_0.pdf,File Open,False,False,
F-C1014-16-1,05/18/2011 11:01:00,C1014,PC-C1014,C:\docs\report_1.pdf,File Open,False,False,
F-C1014-16-2,05/18/2011 11:02:00,C1014,PC-C1014,C:\docs\report_2.pdf,File Open,False,False,
F-C1014-16-3,05/18/2011 11:03:00,C1014,PC-C1014,C:\docs\report_3.pdf,File Open,False,False,
F-C1014-16-4,05/18/2011 11:04:00,C1014,PC-C1014,C:\docs\report_4.pdf,File Open,False,False,
F-C1014-16-5,05/18/2011 11:05:00,C1014,PC-C1014,C:\docs\report_5.pdf,File Open,False,False,
F-C1014-16-6,05/18/2011 11:06:00,C1014,PC-C1014,C:\docs\report_6.pdf,File Open,False,False,
F-C1014-16-7,05/18/2011 11:07:00,C1014,PC-C1014,C:\docs\report_7.pdf,File Open,False,False,
F-C1015-16-0,05/18/2011 11:00:00,C1015,PC-C1015,C:\docs\report_0.pdf,File Open,False,False,
F-C1015-16-1,05/18/2011 11:01:00,C1015,PC-C1015,C:\docs\report_1.pdf,File Open,False,False,
F-C1015-16-2,05/18/2011 11:02:00,C1015,PC-C1015,C:\docs\report_2.pdf,File Open,False,False,
F-C1015-16-3,05/18/2011 11:03:00,C1015,PC-C1015,C:\docs\report_3.pdf,File Open,False,False,
F-C1015-16-4,05/18/2011 11:04:00,C1015,PC-C1015,C:\docs\report_4.pdf,File Open,False,False,
F-C1015-16-5,05/18/2011 11:05:00,C1015,PC-C1015,C:\docs\report_5.pdf,File Open,False,False,
F-C1015-16-6,05/18/2011 11:06:00,C1015,PC-C1015,C:\docs\report_6.pdf,File Open,False,False,
F-C1015-16-7,05/18/2011 11:07:00,C1015,PC-C1015,C:\docs\report_7.pdf,File Open,False,False,
F-C1015-16-8,05/18/2011 11:08:00,C1015,PC-C1015,C:\docs\report_8.pdf,File Open,False,False,
F-C1016-16-0,05/18/2011 11:00:00,C1016,PC-C1016,C:\docs\report_0.pdf,File Open,False,False,
F-C1016-16-1,05/18/2011 11:01:00,C1016,PC-C1016,C:\docs\report_1.pdf,File Open,False,False,
F-C1016-16-2,05/18/2011 11:02:00,C1016,PC-C1016,C:\docs\report_2.pdf,File Open,False,False,
F-C1016-16-3,05/18/2011 11:03:00,C1016,PC-C1016,C:\docs\report_3.pdf,File Open,False,False,
F-C1016-16-4,05/18/2011 11:04:00,C1016,PC-C1016,C:\docs\report_4.pdf,File Open,False,False,
F-C1016-16-5,05/18/2011 11:05:00,C1016,PC-C1016,C:\docs\report_5.pdf,File Open,False,False,
F-C1016-16-6,05/18/2011 11:06:00,C1016,PC-C1016,C:\docs\report_6.pdf,File Open,False,False,
F-C1016-16-7,05/18/2011 11:07:00,C1016,PC-C1016,C:\docs\report_7.pdf,File Open,False,False,
F-C1016-16-8,05/18/2011 11:08:00,C1016,PC-C1016,C:\docs\report_8.pdf,File Open,False,False,
F-C1016-16-9,05/18/2011 11:09:00,C1016,PC-C1016,C:\docs\report_9.pdf,File Open,False,False,
F-C1017-16-0,05/18/2011 11:00:00,C1017,PC-C1017,C:\docs\report_0.pdf,File Open,False,False,
F-C1017-16-1,05/18/2011 11:01:00,C1017,PC-C1017,C:\docs\report_1.pdf,File Open,False,False,
F-C1017-16-2,05/18/2011 11:02:00,C1017,PC-C1017,C:\docs\report_2.pdf,File Open,False,False,
F-C1017-16-3,05/18/2011 11:03:00,C1017,PC-C1017,C:\docs\report_3.pdf,File Open,False,False,
F-C1017-16-4,05/18/2011 11:04:00,C1017,PC-C1017,C:\docs\report_4.pdf,File Open,False,False,
F-C1017-16-5,05/18/2011 11:05:00,C1017,PC-C1017,C:\docs\report_5.pdf,File Open,False,False,
F-C1017-16-6,05/18/2011 11:06:00,C1017,PC-C1017,C:\docs\report_6.pdf,File Open,False,False,
F-C1017-16-7,05/18/2011 11:07:00,C1017,PC-C1017,C:\docs\report_7.pdf,File Open,False,False,
F-C1018-16-0,05/18/2011 11:00:00,C1018,PC-C1018,R:\docs\confidential_export_0.pdf,File Copy,True,False,
F-C1018-16-1,05/18/2011 11:01:00,C1018,PC-C1018,R:\docs\confidential_export_1.pdf,File Copy,True,False,
F-C1018-16-2,05/18/2011 11:02:00,C1018,PC-C1018,R:\docs\confidential_export_2.pdf,File Copy,True,False,
F-C1018-16-3,05/18/2011 11:03:00,C1018,PC-C1018,R:\docs\confidential_export_3.pdf,File Copy,True,False,
F-C1018-16-4,05/18/2011 11:04:00,C1018,PC-C1018,C:\docs\report_4.pdf,File Open,False,False,
F-C1018-16-5,05/18/2011 11:05:00,C1018,PC-C1018,C:\docs\report_5.pdf,File Open,False,False,
F-C1018-16-6,05/18/2011 11:06:00,C1018,PC-C1018,C:\docs\report_6.pdf,File Open,False,False,
F-C1018-16-7,05/18/2011 11:07:00,C1018,PC-C1018,C:\docs\report_7.pdf,File Open,False,False,
F-C1018-16-8,05/18/2011 11:08:00,C1018,PC-C1018,C:\docs\report_8.pdf,File Open,False,False,
F-C1018-16-9,05/18/2011 11:09:00,C1018,PC-C1018,C:\docs\report_9.pdf,File Open,False,False,
F-C1018-16-10,05/18/2011 11:10:00,C1018,PC-C1018,C:\docs\report_10.pdf,File Open,False,False,
F-C1018-16-11,05/18/2011 11:11:00,C1018,PC-C1018,C:\docs\report_11.pdf,File Open,False,False,
F-C1018-16-12,05/18/2011 11:12:00,C1018,PC-C1018,C:\docs\report_12.pdf,File Open,False,False,
F-C1018-16-13,05/18/2011 11:13:00,C1018,PC-C1018,C:\docs\report_13.pdf,File Open,False,False,
F-C1018-16-14,05/18/2011 11:14:00,C1018,PC-C1018,C:\docs\report_14.pdf,File Open,False,False,
F-C1018-16-15,05/18/2011 11:15:00,C1018,PC-C1018,C:\docs\report_15.pdf,File Open,False,False,
F-C1018-16-16,05/18/2011 11:16:00,C1018,PC-C1018,C:\docs\report_16.pdf,File Open,False,False,
F-C1018-16-17,05/18/2011 11:17:00,C1018,PC-C1018,C:\docs\report_17.pdf,File Open,False,False,
F-C1018-16-18,05/18/2011 11:18:00,C1018,PC-C1018,C:\docs\report_18.pdf,File Open,False,False,
F-C1018-16-19,05/18/2011 11:19:00,C1018,PC-C1018,C:\docs\report_19.pdf,File Open,False,False,
F-C1018-16-20,05/18/2011 11:20:00,C1018,PC-C1018,C:\docs\report_20.pdf,File Open,False,False,
F-C1018-16-21,05/18/2011 11:21:00,C1018,PC-C1018,C:\docs\report_21.pdf,File Open,False,False,
F-C1018-16-22,05/18/2011 11:22:00,C1018,PC-C1018,C:\docs\report_22.pdf,File Open,False,False,
F-C1018-16-23,05/18/2011 11:23:00,C1018,PC-C1018,C:\docs\report_23.pdf,File Open,False,False,
F-C1018-16-24,05/18/2011 11:24:00,C1018,PC-C1018,C:\docs\report_24.pdf,File Open,False,False,
F-C1018-16-25,05/18/2011 11:25:00,C1018,PC-C1018,C:\docs\report_25.pdf,File Open,False,False,
F-C1018-16-26,05/18/2011 11:26:00,C1018,PC-C1018,C:\docs\report_26.pdf,File Open,False,False,
F-C1018-16-27,05/18/2011 11:27:00,C1018,PC-C1018,C:\docs\report_27.pdf,File Open,False,False,
F-C1018-16-28,05/18/2011 11:28:00,C1018,PC-C1018,C:\docs\report_28.pdf,File Open,False,False,
F-C1018-16-29,05/18/2011 11:29:00,C1018,PC-C1018,C:\docs\report_29.pdf,File Open,False,False,
F-C1018-16-30,05/18/2011 11:30:00,C1018,PC-C1018,C:\docs\report_30.pdf,File Open,False,False,
F-C1018-16-31,05/18/2011 11:31:00,C1018,PC-C1018,C:\docs\report_31.pdf,File Open,False,False,
F-C1019-16-0,05/18/2011 11:00:00,C1019,PC-C1019,C:\docs\report_0.pdf,File Open,False,False,
F-C1019-16-1,05/18/2011 11:01:00,C1019,PC-C1019,C:\docs\report_1.pdf,File Open,False,False,
F-C1019-16-2,05/18/2011 11:02:00,C1019,PC-C1019,C:\docs\report_2.pdf,File Open,False,False,
F-C1019-16-3,05/18/2011 11:03:00,C1019,PC-C1019,C:\docs\report_3.pdf,File Open,False,False,
F-C1019-16-4,05/18/2011 11:04:00,C1019,PC-C1019,C:\docs\report_4.pdf,File Open,False,False,
F-C1019-16-5,05/18/2011 11:05:00,C1019,PC-C1019,C:\docs\report_5.pdf,File Open,False,False,
F-C1019-16-6,05/18/2011 11:06:00,C1019,PC-C1019,C:\docs\report_6.pdf,File Open,False,False,
F-C1019-16-7,05/18/2011 11:07:00,C1019,PC-C1019,C:\docs\report_7.pdf,File Open,False,False,
F-C1019-16-8,05/18/2011 11:08:00,C1019,PC-C1019,C:\docs\report_8.pdf,File Open,False,False,
F-C1019-16-9,05/18/2011 11:09:00,C1019,PC-C1019,C:\docs\report_9.pdf,File Open,False,False,
F-C1000-17-0,05/19/2011 11:00:00,C1000,PC-C1000,R:\docs\confidential_export_0.pdf,File Copy,True,False,
F-C1000-17-1,05/19/2011 11:01:00,C1000,PC-C1000,R:\docs\confidential_export_1.pdf,File Copy,True,False,
F-C1000-17-2,05/19/2011 11:02:00,C1000,PC-C1000,R:\docs\confidential_export_2.pdf,File Copy,True,False,
F-C1000-17-3,05/19/2011 11:03:00,C1000,PC-C1000,R:\docs\confidential_export_3.pdf,File Copy,True,False,
F-C1000-17-4,05/19/2011 11:04:00,C1000,PC-C1000,R:\docs\confidential_export_4.pdf,File Copy,True,False,
F-C1000-17-5,05/19/2011 11:05:00,C1000,PC-C1000,R:\docs\confidential_export_5.pdf,File Copy,True,False,
F-C1000-17-6,05/19/2011 11:06:00,C1000,PC-C1000,R:\docs\confidential_export_6.pdf,File Copy,True,False,
F-C1000-17-7,05/19/2011 11:07:00,C1000,PC-C1000,R:\docs\confidential_export_7.pdf,File Copy,True,False,
F-C1000-17-8,05/19/2011 11:08:00,C1000,PC-C1000,C:\docs\report_8.pdf,File Open,False,False,
F-C1000-17-9,05/19/2011 11:09:00,C1000,PC-C1000,C:\docs\report_9.pdf,File Open,False,False,
F-C1000-17-10,05/19/2011 11:10:00,C1000,PC-C1000,C:\docs\report_10.pdf,File Open,False,False,
F-C1000-17-11,05/19/2011 11:11:00,C1000,PC-C1000,C:\docs\report_11.pdf,File Open,False,False,
F-C1000-17-12,05/19/2011 11:12:00,C1000,PC-C1000,C:\docs\report_12.pdf,File Open,False,False,
F-C1000-17-13,05/19/2011 11:13:00,C1000,PC-C1000,C:\docs\report_13.pdf,File Open,False,False,
F-C1000-17-14,05/19/2011 11:14:00,C1000,PC-C1000,C:\docs\report_14.pdf,File Open,False,False,
F-C1000-17-15,05/19/2011 11:15:00,C1000,PC-C1000,C:\docs\report_15.pdf,File Open,False,False,
F-C1000-17-16,05/19/2011 11:16:00,C1000,PC-C1000,C:\docs\report_16.pdf,File Open,False,False,
F-C1000-17-17,05/19/2011 11:17:00,C1000,PC-C1000,C:\docs\report_17.pdf,File Open,False,False,
F-C1000-17-18,05/19/2011 11:18:00,C1000,PC-C1000,C:\docs\report_18.pdf,File Open,False,False,
F-C1000-17-19,05/19/2011 11:19:00,C1000,PC-C1000,C:\docs\report_19.pdf,File Open,False,False,
F-C1000-17-20,05/19/2011 11:20:00,C1000,PC-C1000,C:\docs\report_20.pdf,File Open,False,False,
F-C1000-17-21,05/19/2011 11:21:00,C1000,PC-C1000,C:\docs\report_21.pdf,File Open,False,False,
F-C1000-17-22,05/19/2011 11:22:00,C1000,PC-C1000,C:\docs\report_22.pdf,File Open,False,False,
F-C1000-17-23,05/19/2011 11:23:00,C1000,PC-C1000,C:\docs\report_23.pdf,File Open,False,False,
F-C1000-17-24,05/19/2011 11:24:00,C1000,PC-C1000,C:\docs\report_24.pdf,File Open,False,False,
F-C1000-17-25,05/19/2011 11:25:00,C1000,PC-C1000,C:\docs\report_25.pdf,File Open,False,False,
F-C1000-17-26,05/19/2011 11:26:00,C1000,PC-C1000,C:\docs\report_26.pdf,File Open,False,False,
F-C1000-17-27,05/19/2011 11:27:00,C1000,PC-C1000,C:\docs\report_27.pdf,File Open,False,False,
F-C1000-17-28,05/19/2011 11:28:00,C1000,PC-C1000,C:\docs\report_28.pdf,File Open,False,False,
F-C1000-17-29,05/19/2011 11:29:00,C1000,PC-C1000,C:\docs\report_29.pdf,File Open,False,False,
F-C1000-17-30,05/19/2011 11:30:00,C1000,PC-C1000,C:\docs\report_30.pdf,File Open,False,False,
F-C1000-17-31,05/19/2011 11:31:00,C1000,PC-C1000,C:\docs\report_31.pdf,File Open,False,False,
F-C1000-17-32,05/19/2011 11:32:00,C1000,PC-C1000,C:\docs\report_32.pdf,File Open,False,False,
F-C1000-17-33,05/19/2011 11:33:00,C1000,PC-C1000,C:\docs\report_33.pdf,File Open,False,False,
F-C1000-17-34,05/19/2011 11:34:00,C1000,PC-C1000,C:\docs\report_34.pdf,File Open,False,False,
F-C1000-17-35,05/19/2011 11:35:00,C1000,PC-C1000,C:\docs\report_35.pdf,File Open,False,False,
F-C1000-17-36,05/19/2011 11:36:00,C1000,PC-C1000,C:\docs\report_36.pdf,File Open,False,False,
F-C1000-17-37,05/19/2011 11:37:00,C1000,PC-C1000,C:\docs\report_37.pdf,File Open,False,False,
F-C1000-17-38,05/19/2011 11:38:00,C1000,PC-C1000,C:\docs\report_38.pdf,File Open,False,False,
F-C1001-17-0,05/19/2011 11:00:00,C1001,PC-C1001,C:\docs\report_0.pdf,File Open,False,False,
F-C1001-17-1,05/19/2011 11:01:00,C1001,PC-C1001,C:\docs\report_1.pdf,File Open,False,False,
F-C1001-17-2,05/19/2011 11:02:00,C1001,PC-C1001,C:\docs\report_2.pdf,File Open,False,False,
F-C1001-17-3,05/19/2011 11:03:00,C1001,PC-C1001,C:\docs\report_3.pdf,File Open,False,False,
F-C1001-17-4,05/19/2011 11:04:00,C1001,PC-C1001,C:\docs\report_4.pdf,File Open,False,False,
F-C1001-17-5,05/19/2011 11:05:00,C1001,PC-C1001,C:\docs\report_5.pdf,File Open,False,False,
F-C1001-17-6,05/19/2011 11:06:00,C1001,PC-C1001,C:\docs\report_6.pdf,File Open,False,False,
F-C1001-17-7,05/19/2011 11:07:00,C1001,PC-C1001,C:\docs\report_7.pdf,File Open,False,False,
F-C1002-17-0,05/19/2011 11:00:00,C1002,PC-C1002,C:\docs\report_0.pdf,File Open,False,False,
F-C1002-17-1,05/19/2011 11:01:00,C1002,PC-C1002,C:\docs\report_1.pdf,File Open,False,False,
F-C1002-17-2,05/19/2011 11:02:00,C1002,PC-C1002,C:\docs\report_2.pdf,File Open,False,False,
F-C1002-17-3,05/19/2011 11:03:00,C1002,PC-C1002,C:\docs\report_3.pdf,File Open,False,False,
F-C1002-17-4,05/19/2011 11:04:00,C1002,PC-C1002,C:\docs\report_4.pdf,File Open,False,False,
F-C1002-17-5,05/19/2011 11:05:00,C1002,PC-C1002,C:\docs\report_5.pdf,File Open,False,False,
F-C1002-17-6,05/19/2011 11:06:00,C1002,PC-C1002,C:\docs\report_6.pdf,File Open,False,False,
F-C1002-17-7,05/19/2011 11:07:00,C1002,PC-C1002,C:\docs\report_7.pdf,File Open,False,False,
F-C1002-17-8,05/19/2011 11:08:00,C1002,PC-C1002,C:\docs\report_8.pdf,File Open,False,False,
F-C1003-17-0,05/19/2011 11:00:00,C1003,PC-C1003,C:\docs\report_0.pdf,File Open,False,False,
F-C1003-17-1,05/19/2011 11:01:00,C1003,PC-C1003,C:\docs\report_1.pdf,File Open,False,False,
F-C1003-17-2,05/19/2011 11:02:00,C1003,PC-C1003,C:\docs\report_2.pdf,File Open,False,False,
F-C1003-17-3,05/19/2011 11:03:00,C1003,PC-C1003,C:\docs\report_3.pdf,File Open,False,False,
F-C1003-17-4,05/19/2011 11:04:00,C1003,PC-C1003,C:\docs\report_4.pdf,File Open,False,False,
F-C1003-17-5,05/19/2011 11:05:00,C1003,PC-C1003,C:\docs\report_5.pdf,File Open,False,False,
F-C1003-17-6,05/19/2011 11:06:00,C1003,PC-C1003,C:\docs\report_6.pdf,File Open,False,False,
F-C1003-17-7,05/19/2011 11:07:00,C1003,PC-C1003,C:\docs\report_7.pdf,File Open,False,False,
F-C1003-17-8,05/19/2011 11:08:00,C1003,PC-C1003,C:\docs\report_8.pdf,File Open,False,False,
F-C1003-17-9,05/19/2011 11:09:00,C1003,PC-C1003,C:\docs\report_9.pdf,File Open,False,False,
F-C1004-17-0,05/19/2011 11:00:00,C1004,PC-C1004,C:\docs\report_0.pdf,File Open,False,False,
F-C1004-17-1,05/19/2011 11:01:00,C1004,PC-C1004,C:\docs\report_1.pdf,File Open,False,False,
F-C1004-17-2,05/19/2011 11:02:00,C1004,PC-C1004,C:\docs\report_2.pdf,File Open,False,False,
F-C1004-17-3,05/19/2011 11:03:00,C1004,PC-C1004,C:\docs\report_3.pdf,File Open,False,False,
F-C1004-17-4,05/19/2011 11:04:00,C1004,PC-C1004,C:\docs\report_4.pdf,File Open,False,False,
F-C1004-17-5,05/19/2011 11:05:00,C1004,PC-C1004,C:\docs\report_5.pdf,File Open,False,False,
F-C1004-17-6,05/19/2011 11:06:00,C1004,PC-C1004,C:\docs\report_6.pdf,File Open,False,False,
F-C1004-17-7,05/19/2011 11:07:00,C1004,PC-C1004,C:\docs\report_7.pdf,File Open,False,False,
F-C1005-17-0,05/19/2011 11:00:00,C1005,PC-C1005,C:\docs\report_0.pdf,File Open,False,False,
F-C1005-17-1,05/19/2011 11:01:00,C1005,PC-C1005,C:\docs\report_1.pdf,File Open,False,False,
F-C1005-17-2,05/19/2011 11:02:00,C1005,PC-C1005,C:\docs\report_2.pdf,File Open,False,False,
F-C1005-17-3,05/19/2011 11:03:00,C1005,PC-C1005,C:\docs\report_3.pdf,File Open,False,False,
F-C1005-17-4,05/19/2011 11:04:00,C1005,PC-C1005,C:\docs\report_4.pdf,File Open,False,False,
F-C1005-17-5,05/19/2011 11:05:00,C1005,PC-C1005,C:\docs\report_5.pdf,File Open,False,False,
F-C1005-17-6,05/19/2011 11:06:00,C1005,PC-C1005,C:\docs\report_6.pdf,File Open,False,False,
F-C1005-17-7,05/19/2011 11:07:00,C1005,PC-C1005,C:\docs\report_7.pdf,File Open,False,False,
F-C1005-17-8,05/19/2011 11:08:00,C1005,PC-C1005,C:\docs\report_8.pdf,File Open,False,False,
F-C1006-17-0,05/19/2011 11:00:00,C1006,PC-C1006,C:\docs\report_0.pdf,File Open,False,False,
F-C1006-17-1,05/19/2011 11:01:00,C1006,PC-C1006,C:\docs\report_1.pdf,File Open,False,False,
F-C1006-17-2,05/19/2011 11:02:00,C1006,PC-C1006,C:\docs\report_2.pdf,File Open,False,False,
F-C1006-17-3,05/19/2011 11:03:00,C1006,PC-C1006,C:\docs\report_3.pdf,File Open,False,False,
F-C1006-17-4,05/19/2011 11:04:00,C1006,PC-C1006,C:\docs\report_4.pdf,File Open,False,False,
F-C1006-17-5,05/19/2011 11:05:00,C1006,PC-C1006,C:\docs\report_5.pdf,File Open,False,False,
F-C1006-17-6,05/19/2011 11:06:00,C1006,PC-C1006,C:\docs\report_6.pdf,File Open,False,False,
F-C1006-17-7,05/19/2011 11:07:00,C1006,PC-C1006,C:\docs\report_7.pdf,File Open,False,False,
F-C1006-17-8,05/19/2011 11:08:00,C1006,PC-C1006,C:\docs\report_8.pdf,File Open,False,False,
F-C1006-17-9,05/19/2011 11:09:00,C1006,PC-C1006,C:\docs\report_9.pdf,File Open,False,False,
F-C1007-17-0,05/19/2011 11:00:00,C1007,PC-C1007,C:\docs\report_0.pdf,File Open,False,False,
F-C1007-17-1,05/19/2011 11:01:00,C1007,PC-C1007,C:\docs\report_1.pdf,File Open,False,False,
F-C1007-17-2,05/19/2011 11:02:00,C1007,PC-C1007,C:\docs\report_2.pdf,File Open,False,False,
F-C1007-17-3,05/19/2011 11:03:00,C1007,PC-C1007,C:\docs\report_3.pdf,File Open,False,False,
F-C1007-17-4,05/19/2011 11:04:00,C1007,PC-C1007,C:\docs\report_4.pdf,File Open,False,False,
F-C1007-17-5,05/19/2011 11:05:00,C1007,PC-C1007,C:\docs\report_5.pdf,File Open,False,False,
F-C1007-17-6,05/19/2011 11:06:00,C1007,PC-C1007,C:\docs\report_6.pdf,File Open,False,False,
F-C1007-17-7,05/19/2011 11:07:00,C1007,PC-C1007,C:\docs\report_7.pdf,File Open,False,False,
F-C1008-17-0,05/19/2011 11:00:00,C1008,PC-C1008,C:\docs\report_0.pdf,File Open,False,False,
F-C1008-17-1,05/19/2011 11:01:00,C1008,PC-C1008,C:\docs\report_1.pdf,File Open,False,False,
F-C1008-17-2,05/19/2011 11:02:00,C1008,PC-C1008,C:\docs\report_2.pdf,File Open,False,False,
F-C1008-17-3,05/19/2011 11:03:00,C1008,PC-C1008,C:\docs\report_3.pdf,File Open,False,False,
F-C1008-17-4,05/19/2011 11:04:00,C1008,PC-C1008,C:\docs\report_4.pdf,File Open,False,False,
F-C1008-17-5,05/19/2011 11:05:00,C1008,PC-C1008,C:\docs\report_5.pdf,File Open,False,False,
F-C1008-17-6,05/19/2011 11:06:00,C1008,PC-C1008,C:\docs\report_6.pdf,File Open,False,False,
F-C1008-17-7,05/19/2011 11:07:00,C1008,PC-C1008,C:\docs\report_7.pdf,File Open,False,False,
F-C1008-17-8,05/19/2011 11:08:00,C1008,PC-C1008,C:\docs\report_8.pdf,File Open,False,False,
F-C1009-17-0,05/19/2011 11:00:00,C1009,PC-C1009,C:\docs\report_0.pdf,File Open,False,False,
F-C1009-17-1,05/19/2011 11:01:00,C1009,PC-C1009,C:\docs\report_1.pdf,File Open,False,False,
F-C1009-17-2,05/19/2011 11:02:00,C1009,PC-C1009,C:\docs\report_2.pdf,File Open,False,False,
F-C1009-17-3,05/19/2011 11:03:00,C1009,PC-C1009,C:\docs\report_3.pdf,File Open,False,False,
F-C1009-17-4,05/19/2011 11:04:00,C1009,PC-C1009,C:\docs\report_4.pdf,File Open,False,False,
F-C1009-17-5,05/19/2011 11:05:00,C1009,PC-C1009,C:\docs\report_5.pdf,File Open,False,False,
F-C1009-17-6,05/19/2011 11:06:00,C1009,PC-C1009,C:\docs\report_6.pdf,File Open,False,False,
F-C1009-17-7,05/19/2011 11:07:00,C1009,PC-C1009,C:\docs\report_7.pdf,File Open,False,False,
F-C1009-17-8,05/19/2011 11:08:00,C1009,PC-C1009,C:\docs\report_8.pdf,File Open,False,False,
F-C1009-17-9,05/19/2011 11:09:00,C1009,PC-C1009,C:\docs\report_9.pdf,File Open,False,False,
F-C1010-17-0,05/19/2011 11:00:00,C1010,PC-C1010,C:\docs\report_0.pdf,File Open,False,False,
F-C1010-17-1,05/19/2011 11:01:00,C1010,PC-C1010,C:\docs\report_1.pdf,File Open,False,False,
F-C1010-17-2,05/19/2011 11:02:00,C1010,PC-C1010,C:\docs\report_2.pdf,File Open,False,False,
F-C1010-17-3,05/19/2011 11:03:00,C1010,PC-C1010,C:\docs\report_3.pdf,File Open,False,False,
F-C1010-17-4,05/19/2011 11:04:00,C1010,PC-C1010,C:\docs\report_4.pdf,File Open,False,False,
F-C1010-17-5,05/19/2011 11:05:00,C1010,PC-C1010,C:\docs\report_5.pdf,File Open,False,False,
F-C1010-17-6,05/19/2011 11:06:00,C1010,PC-C1010,C:\docs\report_6.pdf,File Open,False,False,
F-C1010-17-7,05/19/2011 11:07:00,C1010,PC-C1010,C:\docs\report_7.pdf,File Open,False,False,
F-C1011-17-0,05/19/2011 11:00:00,C1011,PC-C1011,C:\docs\report_0.pdf,File Open,False,False,
F-C1011-17-1,05/19/2011 11:01:00,C1011,PC-C1011,C:\docs\report_1.pdf,File Open,False,False,
F-C1011-17-2,05/19/2011 11:02:00,C1011,PC-C1011,C:\docs\report_2.pdf,File Open,False,False,
F-C1011-17-3,05/19/2011 11:03:00,C1011,PC-C1011,C:\docs\report_3.pdf,File Open,False,False,
F-C1011-17-4,05/19/2011 11:04:00,C1011,PC-C1011,C:\docs\report_4.pdf,File Open,False,False,
F-C1011-17-5,05/19/2011 11:05:00,C1011,PC-C1011,C:\docs\report_5.pdf,File Open,False,False,
F-C1011-17-6,05/19/2011 11:06:00,C1011,PC-C1011,C:\docs\report_6.pdf,File Open,False,False,
F-C1011-17-7,05/19/2011 11:07:00,C1011,PC-C1011,C:\docs\report_7.pdf,File Open,False,False,
F-C1011-17-8,05/19/2011 11:08:00,C1011,PC-C1011,C:\docs\report_8.pdf,File Open,False,False,
F-C1012-17-0,05/19/2011 11:00:00,C1012,PC-C1012,C:\docs\report_0.pdf,File Open,False,False,
F-C1012-17-1,05/19/2011 11:01:00,C1012,PC-C1012,C:\docs\report_1.pdf,File Open,False,False,
F-C1012-17-2,05/19/2011 11:02:00,C1012,PC-C1012,C:\docs\report_2.pdf,File Open,False,False,
F-C1012-17-3,05/19/2011 11:03:00,C1012,PC-C1012,C:\docs\report_3.pdf,File Open,False,False,
F-C1012-17-4,05/19/2011 11:04:00,C1012,PC-C1012,C:\docs\report_4.pdf,File Open,False,False,
F-C1012-17-5,05/19/2011 11:05:00,C1012,PC-C1012,C:\docs\report_5.pdf,File Open,False,False,
F-C1012-17-6,05/19/2011 11:06:00,C1012,PC-C1012,C:\docs\report_6.pdf,File Open,False,False,
F-C1012-17-7,05/19/2011 11:07:00,C1012,PC-C1012,C:\docs\report_7.pdf,File Open,False,False,
F-C1012-17-8,05/19/2011 11:08:00,C1012,PC-C1012,C:\docs\report_8.pdf,File Open,False,False,
F-C1012-17-9,05/19/2011 11:09:00,C1012,PC-C1012,C:\docs\report_9.pdf,File Open,False,False,
F-C1013-17-0,05/19/2011 11:00:00,C1013,PC-C1013,C:\docs\report_0.pdf,File Open,False,False,
F-C1013-17-1,05/19/2011 11:01:00,C1013,PC-C1013,C:\docs\report_1.pdf,File Open,False,False,
F-C1013-17-2,05/19/2011 11:02:00,C1013,PC-C1013,C:\docs\report_2.pdf,File Open,False,False,
F-C1013-17-3,05/19/2011 11:03:00,C1013,PC-C1013,C:\docs\report_3.pdf,File Open,False,False,
F-C1013-17-4,05/19/2011 11:04:00,C1013,PC-C1013,C:\docs\report_4.pdf,File Open,False,False,
F-C1013-17-5,05/19/2011 11:05:00,C1013,PC-C1013,C:\docs\report_5.pdf,File Open,False,False,
F-C1013-17-6,05/19/2011 11:06:00,C1013,PC-C1013,C:\docs\report_6.pdf,File Open,False,False,
F-C1013-17-7,05/19/2011 11:07:00,C1013,PC-C1013,C:\docs\report_7.pdf,File Open,False,False,
F-C1014-17-0,05/19/2011 11:00:00,C1014,PC-C1014,C:\docs\report_0.pdf,File Open,False,False,
F-C1014-17-1,05/19/2011 11:01:00,C1014,PC-C1014,C:\docs\report_1.pdf,File Open,False,False,
F-C1014-17-2,05/19/2011 11:02:00,C1014,PC-C1014,C:\docs\report_2.pdf,File Open,False,False,
F-C1014-17-3,05/19/2011 11:03:00,C1014,PC-C1014,C:\docs\report_3.pdf,File Open,False,False,
F-C1014-17-4,05/19/2011 11:04:00,C1014,PC-C1014,C:\docs\report_4.pdf,File Open,False,False,
F-C1014-17-5,05/19/2011 11:05:00,C1014,PC-C1014,C:\docs\report_5.pdf,File Open,False,False,
F-C1014-17-6,05/19/2011 11:06:00,C1014,PC-C1014,C:\docs\report_6.pdf,File Open,False,False,
F-C1014-17-7,05/19/2011 11:07:00,C1014,PC-C1014,C:\docs\report_7.pdf,File Open,False,False,
F-C1014-17-8,05/19/2011 11:08:00,C1014,PC-C1014,C:\docs\report_8.pdf,File Open,False,False,
F-C1015-17-0,05/19/2011 11:00:00,C1015,PC-C1015,C:\docs\report_0.pdf,File Open,False,False,
F-C1015-17-1,05/19/2011 11:01:00,C1015,PC-C1015,C:\docs\report_1.pdf,File Open,False,False,
F-C1015-17-2,05/19/2011 11:02:00,C1015,PC-C1015,C:\docs\report_2.pdf,File Open,False,False,
F-C1015-17-3,05/19/2011 11:03:00,C1015,PC-C1015,C:\docs\report_3.pdf,File Open,False,False,
F-C1015-17-4,05/19/2011 11:04:00,C1015,PC-C1015,C:\docs\report_4.pdf,File Open,False,False,
F-C1015-17-5,05/19/2011 11:05:00,C1015,PC-C1015,C:\docs\report_5.pdf,File Open,False,False,
F-C1015-17-6,05/19/2011 11:06:00,C1015,PC-C1015,C:\docs\report_6.pdf,File Open,False,False,
F-C1015-17-7,05/19/2011 11:07:00,C1015,PC-C1015,C:\docs\report_7.pdf,File Open,False,False,
F-C1015-17-8,05/19/2011 11:08:00,C1015,PC-C1015,C:\docs\report_8.pdf,File Open,False,False,
F-C1015-17-9,05/19/2011 11:09:00,C1015,PC-C1015,C:\docs\report_9.pdf,File Open,False,False,
F-C1016-17-0,05/19/2011 11:00:00,C1016,PC-C1016,C:\docs\report_0.pdf,File Open,False,False,
F-C1016-17-1,05/19/2011 11:01:00,C1016,PC-C1016,C:\docs\report_1.pdf,File Open,False,False,
F-C1016-17-2,05/19/2011 11:02:00,C1016,PC-C1016,C:\docs\report_2.pdf,File Open,False,False,
F-C1016-17-3,05/19/2011 11:03:00,C1016,PC-C1016,C:\docs\report_3.pdf,File Open,False,False,
F-C1016-17-4,05/19/2011 11:04:00,C1016,PC-C1016,C:\docs\report_4.pdf,File Open,False,False,
F-C1016-17-5,05/19/2011 11:05:00,C1016,PC-C1016,C:\docs\report_5.pdf,File Open,False,False,
F-C1016-17-6,05/19/2011 11:06:00,C1016,PC-C1016,C:\docs\report_6.pdf,File Open,False,False,
F-C1016-17-7,05/19/2011 11:07:00,C1016,PC-C1016,C:\docs\report_7.pdf,File Open,False,False,
F-C1017-17-0,05/19/2011 11:00:00,C1017,PC-C1017,C:\docs\report_0.pdf,File Open,False,False,
F-C1017-17-1,05/19/2011 11:01:00,C1017,PC-C1017,C:\docs\report_1.pdf,File Open,False,False,
F-C1017-17-2,05/19/2011 11:02:00,C1017,PC-C1017,C:\docs\report_2.pdf,File Open,False,False,
F-C1017-17-3,05/19/2011 11:03:00,C1017,PC-C1017,C:\docs\report_3.pdf,File Open,False,False,
F-C1017-17-4,05/19/2011 11:04:00,C1017,PC-C1017,C:\docs\report_4.pdf,File Open,False,False,
F-C1017-17-5,05/19/2011 11:05:00,C1017,PC-C1017,C:\docs\report_5.pdf,File Open,False,False,
F-C1017-17-6,05/19/2011 11:06:00,C1017,PC-C1017,C:\docs\report_6.pdf,File Open,False,False,
F-C1017-17-7,05/19/2011 11:07:00,C1017,PC-C1017,C:\docs\report_7.pdf,File Open,False,False,
F-C1017-17-8,05/19/2011 11:08:00,C1017,PC-C1017,C:\docs\report_8.pdf,File Open,False,False,
F-C1018-17-0,05/19/2011 11:00:00,C1018,PC-C1018,R:\docs\confidential_export_0.pdf,File Copy,True,False,
F-C1018-17-1,05/19/2011 11:01:00,C1018,PC-C1018,R:\docs\confidential_export_1.pdf,File Copy,True,False,
F-C1018-17-2,05/19/2011 11:02:00,C1018,PC-C1018,R:\docs\confidential_export_2.pdf,File Copy,True,False,
F-C1018-17-3,05/19/2011 11:03:00,C1018,PC-C1018,R:\docs\confidential_export_3.pdf,File Copy,True,False,
F-C1018-17-4,05/19/2011 11:04:00,C1018,PC-C1018,C:\docs\report_4.pdf,File Open,False,False,
F-C1018-17-5,05/19/2011 11:05:00,C1018,PC-C1018,C:\docs\report_5.pdf,File Open,False,False,
F-C1018-17-6,05/19/2011 11:06:00,C1018,PC-C1018,C:\docs\report_6.pdf,File Open,False,False,
F-C1018-17-7,05/19/2011 11:07:00,C1018,PC-C1018,C:\docs\report_7.pdf,File Open,False,False,
F-C1018-17-8,05/19/2011 11:08:00,C1018,PC-C1018,C:\docs\report_8.pdf,File Open,False,False,
F-C1018-17-9,05/19/2011 11:09:00,C1018,PC-C1018,C:\docs\report_9.pdf,File Open,False,False,
F-C1018-17-10,05/19/2011 11:10:00,C1018,PC-C1018,C:\docs\report_10.pdf,File Open,False,False,
F-C1018-17-11,05/19/2011 11:11:00,C1018,PC-C1018,C:\docs\report_11.pdf,File Open,False,False,
F-C1018-17-12,05/19/2011 11:12:00,C1018,PC-C1018,C:\docs\report_12.pdf,File Open,False,False,
F-C1018-17-13,05/19/2011 11:13:00,C1018,PC-C1018,C:\docs\report_13.pdf,File Open,False,False,
F-C1018-17-14,05/19/2011 11:14:00,C1018,PC-C1018,C:\docs\report_14.pdf,File Open,False,False,
F-C1018-17-15,05/19/2011 11:15:00,C1018,PC-C1018,C:\docs\report_15.pdf,File Open,False,False,
F-C1018-17-16,05/19/2011 11:16:00,C1018,PC-C1018,C:\docs\report_16.pdf,File Open,False,False,
F-C1018-17-17,05/19/2011 11:17:00,C1018,PC-C1018,C:\docs\report_17.pdf,File Open,False,False,
F-C1018-17-18,05/19/2011 11:18:00,C1018,PC-C1018,C:\docs\report_18.pdf,File Open,False,False,
F-C1018-17-19,05/19/2011 11:19:00,C1018,PC-C1018,C:\docs\report_19.pdf,File Open,False,False,
F-C1018-17-20,05/19/2011 11:20:00,C1018,PC-C1018,C:\docs\report_20.pdf,File Open,False,False,
F-C1018-17-21,05/19/2011 11:21:00,C1018,PC-C1018,C:\docs\report_21.pdf,File Open,False,False,
F-C1018-17-22,05/19/2011 11:22:00,C1018,PC-C1018,C:\docs\report_22.pdf,File Open,False,False,
F-C1018-17-23,05/19/2011 11:23:00,C1018,PC-C1018,C:\docs\report_23.pdf,File Open,False,False,
F-C1018-17-24,05/19/2011 11:24:00,C1018,PC-C1018,C:\docs\report_24.pdf,File Open,False,False,
F-C1018-17-25,05/19/2011 11:25:00,C1018,PC-C1018,C:\docs\report_25.pdf,File Open,False,False,
F-C1018-17-26,05/19/2011 11:26:00,C1018,PC-C1018,C:\docs\report_26.pdf,File Open,False,False,
F-C1018-17-27,05/19/2011 11:27:00,C1018,PC-C1018,C:\docs\report_27.pdf,File Open,False,False,
F-C1018-17-28,05/19/2011 11:28:00,C1018,PC-C1018,C:\docs\report_28.pdf,File Open,False,False,
F-C1018-17-29,05/19/2011 11:29:00,C1018,PC-C1018,C:\docs\report_29.pdf,File Open,False,False,
F-C1018-17-30,05/19/2011 11:30:00,C1018,PC-C1018,C:\docs\report_30.pdf,File Open,False,False,
F-C1018-17-31,05/19/2011 11:31:00,C1018,PC-C1018,C:\docs\report_31.pdf,File Open,False,False,
F-C1018-17-32,05/19/2011 11:32:00,C1018,PC-C1018,C:\docs\report_32.pdf,File Open,False,False,
F-C1018-17-33,05/19/2011 11:33:00,C1018,PC-C1018,C:\docs\report_33.pdf,File Open,False,False,
F-C1019-17-0,05/19/2011 11:00:00,C1019,PC-C1019,C:\docs\report_0.pdf,File Open,False,False,
F-C1019-17-1,05/19/2011 11:01:00,C1019,PC-C1019,C:\docs\report_1.pdf,File Open,False,False,
F-C1019-17-2,05/19/2011 11:02:00,C1019,PC-C1019,C:\docs\report_2.pdf,File Open,False,False,
F-C1019-17-3,05/19/2011 11:03:00,C1019,PC-C1019,C:\docs\report_3.pdf,File Open,False,False,
F-C1019-17-4,05/19/2011 11:04:00,C1019,PC-C1019,C:\docs\report_4.pdf,File Open,False,False,
F-C1019-17-5,05/19/2011 11:05:00,C1019,PC-C1019,C:\docs\report_5.pdf,File Open,False,False,
F-C1019-17-6,05/19/2011 11:06:00,C1019,PC-C1019,C:\docs\report_6.pdf,File Open,False,False,
F-C1019-17-7,05/19/2011 11:07:00,C1019,PC-C1019,C:\docs\report_7.pdf,File Open,False,False,
F-C1000-18-0,05/20/2011 11:00:00,C1000,PC-C1000,R:\docs\confidential_export_0.pdf,File Copy,True,False,
F-C1000-18-1,05/20/2011 11:01:00,C1000,PC-C1000,R:\docs\confidential_export_1.pdf,File Copy,True,False,
F-C1000-18-2,05/20/2011 11:02:00,C1000,PC-C1000,R:\docs\confidential_export_2.pdf,File Copy,True,False,
F-C1000-18-3,05/20/2011 11:03:00,C1000,PC-C1000,R:\docs\confidential_export_3.pdf,File Copy,True,False,
F-C1000-18-4,05/20/2011 11:04:00,C1000,PC-C1000,R:\docs\confidential_export_4.pdf,File Copy,True,False,
F-C1000-18-5,05/20/2011 11:05:00,C1000,PC-C1000,R:\docs\confidential_export_5.pdf,File Copy,True,False,
F-C1000-18-6,05/20/2011 11:06:00,C1000,PC-C1000,R:\docs\confidential_export_6.pdf,File Copy,True,False,
F-C1000-18-7,05/20/2011 11:07:00,C1000,PC-C1000,R:\docs\confidential_export_7.pdf,File Copy,True,False,
F-C1000-18-8,05/20/2011 11:08:00,C1000,PC-C1000,R:\docs\confidential_export_8.pdf,File Copy,True,False,
F-C1000-18-9,05/20/2011 11:09:00,C1000,PC-C1000,C:\docs\report_9.pdf,File Open,False,False,
F-C1000-18-10,05/20/2011 11:10:00,C1000,PC-C1000,C:\docs\report_10.pdf,File Open,False,False,
F-C1000-18-11,05/20/2011 11:11:00,C1000,PC-C1000,C:\docs\report_11.pdf,File Open,False,False,
F-C1000-18-12,05/20/2011 11:12:00,C1000,PC-C1000,C:\docs\report_12.pdf,File Open,False,False,
F-C1000-18-13,05/20/2011 11:13:00,C1000,PC-C1000,C:\docs\report_13.pdf,File Open,False,False,
F-C1000-18-14,05/20/2011 11:14:00,C1000,PC-C1000,C:\docs\report_14.pdf,File Open,False,False,
F-C1000-18-15,05/20/2011 11:15:00,C1000,PC-C1000,C:\docs\report_15.pdf,File Open,False,False,
F-C1000-18-16,05/20/2011 11:16:00,C1000,PC-C1000,C:\docs\report_16.pdf,File Open,False,False,
F-C1000-18-17,05/20/2011 11:17:00,C1000,PC-C1000,C:\docs\report_17.pdf,File Open,False,False,
F-C1000-18-18,05/20/2011 11:18:00,C1000,PC-C1000,C:\docs\report_18.pdf,File Open,False,False,
F-C1000-18-19,05/20/2011 11:19:00,C1000,PC-C1000,C:\docs\report_19.pdf,File Open,False,False,
F-C1000-18-20,05/20/2011 11:20:00,C1000,PC-C1000,C:\docs\report_20.pdf,File Open,False,False,
F-C1000-18-21,05/20/2011 11:21:00,C1000,PC-C1000,C:\docs\report_21.pdf,File Open,False,False,
F-C1000-18-22,05/20/2011 11:22:00,C1000,PC-C1000,C:\docs\report_22.pdf,File Open,False,False,
F-C1000-18-23,05/20/2011 11:23:00,C1000,PC-C1000,C:\docs\report_23.pdf,File Open,False,False,
F-C1000-18-24,05/20/2011 11:24:00,C1000,PC-C1000,C:\docs\report_24.pdf,File Open,False,False,
F-C1000-18-25,05/20/2011 11:25:00,C1000,PC-C1000,C:\docs\report_25.pdf,File Open,False,False,
F-C1000-18-26,05/20/2011 11:26:00,C1000,PC-C1000,C:\docs\report_26.pdf,File Open,False,False,
F-C1000-18-27,05/20/2011 11:27:00,C1000,PC-C1000,C:\docs\report_27.pdf,File Open,False,False,
F-C1000-18-28,05/20/2011 11:28:00,C1000,PC-C1000,C:\docs\report_28.pdf,File Open,False,False,
F-C1000-18-29,05/20/2011 11:29:00,C1000,PC-C1000,C:\docs\report_29.pdf,File Open,False,False,
F-C1000-18-30,05/20/2011 11:30:00,C1000,PC-C1000,C:\docs\report_30.pdf,File Open,False,False,
F-C1000-18-31,05/20/2011 11:31:00,C1000,PC-C1000,C:\docs\report_31.pdf,File Open,False,False,
F-C1000-18-32,05/20/2011 11:32:00,C1000,PC-C1000,C:\docs\report_32.pdf,File Open,False,False,
F-C1000-18-33,05/20/2011 11:33:00,C1000,PC-C1000,C:\docs\report_33.pdf,File Open,False,False,
F-C1000-18-34,05/20/2011 11:34:00,C1000,PC-C1000,C:\docs\report_34.pdf,File Open,False,False,
F-C1000-18-35,05/20/2011 11:35:00,C1000,PC-C1000,C:\docs\report_35.pdf,File Open,False,False,
F-C1000-18-36,05/20/2011 11:36:00,C1000,PC-C1000,C:\docs\report_36.pdf,File Open,False,False,
F-C1000-18-37,05/20/2011 11:37:00,C1000,PC-C1000,C:\docs\report_37.pdf,File Open,False,False,
F-C1000-18-38,05/20/2011 11:38:00,C1000,PC-C1000,C:\docs\report_38.pdf,File Open,False,False,
F-C1000-18-39,05/20/2011 11:39:00,C1000,PC-C1000,C:\docs\report_39.pdf,File Open,False,False,
F-C1001-18-0,05/20/2011 11:00:00,C1001,PC-C1001,C:\docs\report_0.pdf,File Open,False,False,
F-C1001-18-1,05/20/2011 11:01:00,C1001,PC-C1001,C:\docs\report_1.pdf,File Open,False,False,
F-C1001-18-2,05/20/2011 11:02:00,C1001,PC-C1001,C:\docs\report_2.pdf,File Open,False,False,
F-C1001-18-3,05/20/2011 11:03:00,C1001,PC-C1001,C:\docs\report_3.pdf,File Open,False,False,
F-C1001-18-4,05/20/2011 11:04:00,C1001,PC-C1001,C:\docs\report_4.pdf,File Open,False,False,
F-C1001-18-5,05/20/2011 11:05:00,C1001,PC-C1001,C:\docs\report_5.pdf,File Open,False,False,
F-C1001-18-6,05/20/2011 11:06:00,C1001,PC-C1001,C:\docs\report_6.pdf,File Open,False,False,
F-C1001-18-7,05/20/2011 11:07:00,C1001,PC-C1001,C:\docs\report_7.pdf,File Open,False,False,
F-C1001-18-8,05/20/2011 11:08:00,C1001,PC-C1001,C:\docs\report_8.pdf,File Open,False,False,
F-C1002-18-0,05/20/2011 11:00:00,C1002,PC-C1002,C:\docs\report_0.pdf,File Open,False,False,
F-C1002-18-1,05/20/2011 11:01:00,C1002,PC-C1002,C:\docs\report_1.pdf,File Open,False,False,
F-C1002-18-2,05/20/2011 11:02:00,C1002,PC-C1002,C:\docs\report_2.pdf,File Open,False,False,
F-C1002-18-3,05/20/2011 11:03:00,C1002,PC-C1002,C:\docs\report_3.pdf,File Open,False,False,
F-C1002-18-4,05/20/2011 11:04:00,C1002,PC-C1002,C:\docs\report_4.pdf,File Open,False,False,
F-C1002-18-5,05/20/2011 11:05:00,C1002,PC-C1002,C:\docs\report_5.pdf,File Open,False,False,
F-C1002-18-6,05/20/2011 11:06:00,C1002,PC-C1002,C:\docs\report_6.pdf,File Open,False,False,
F-C1002-18-7,05/20/2011 11:07:00,C1002,PC-C1002,C:\docs\report_7.pdf,File Open,False,False,
F-C1002-18-8,05/20/2011 11:08:00,C1002,PC-C1002,C:\docs\report_8.pdf,File Open,False,False,
F-C1002-18-9,05/20/2011 11:09:00,C1002,PC-C1002,C:\docs\report_9.pdf,File Open,False,False,
F-C1003-18-0,05/20/2011 11:00:00,C1003,PC-C1003,C:\docs\report_0.pdf,File Open,False,False,
F-C1003-18-1,05/20/2011 11:01:00,C1003,PC-C1003,C:\docs\report_1.pdf,File Open,False,False,
F-C1003-18-2,05/20/2011 11:02:00,C1003,PC-C1003,C:\docs\report_2.pdf,File Open,False,False,
F-C1003-18-3,05/20/2011 11:03:00,C1003,PC-C1003,C:\docs\report_3.pdf,File Open,False,False,
F-C1003-18-4,05/20/2011 11:04:00,C1003,PC-C1003,C:\docs\report_4.pdf,File Open,False,False,
F-C1003-18-5,05/20/2011 11:05:00,C1003,PC-C1003,C:\docs\report_5.pdf,File Open,False,False,
F-C1003-18-6,05/20/2011 11:06:00,C1003,PC-C1003,C:\docs\report_6.pdf,File Open,False,False,
F-C1003-18-7,05/20/2011 11:07:00,C1003,PC-C1003,C:\docs\report_7.pdf,File Open,False,False,
F-C1004-18-0,05/20/2011 11:00:00,C1004,PC-C1004,C:\docs\report_0.pdf,File Open,False,False,
F-C1004-18-1,05/20/2011 11:01:00,C1004,PC-C1004,C:\docs\report_1.pdf,File Open,False,False,
F-C1004-18-2,05/20/2011 11:02:00,C1004,PC-C1004,C:\docs\report_2.pdf,File Open,False,False,
F-C1004-18-3,05/20/2011 11:03:00,C1004,PC-C1004,C:\docs\report_3.pdf,File Open,False,False,
F-C1004-18-4,05/20/2011 11:04:00,C1004,PC-C1004,C:\docs\report_4.pdf,File Open,False,False,
F-C1004-18-5,05/20/2011 11:05:00,C1004,PC-C1004,C:\docs\report_5.pdf,File Open,False,False,
F-C1004-18-6,05/20/2011 11:06:00,C1004,PC-C1004,C:\docs\report_6.pdf,File Open,False,False,
F-C1004-18-7,05/20/2011 11:07:00,C1004,PC-C1004,C:\docs\report_7.pdf,File Open,False,False,
F-C1004-18-8,05/20/2011 11:08:00,C1004,PC-C1004,C:\docs\report_8.pdf,File Open,False,False,
F-C1005-18-0,05/20/2011 11:00:00,C1005,PC-C1005,C:\docs\report_0.pdf,File Open,False,False,
F-C1005-18-1,05/20/2011 11:01:00,C1005,PC-C1005,C:\docs\report_1.pdf,File Open,False,False,
F-C1005-18-2,05/20/2011 11:02:00,C1005,PC-C1005,C:\docs\report_2.pdf,File Open,False,False,
F-C1005-18-3,05/20/2011 11:03:00,C1005,PC-C1005,C:\docs\report_3.pdf,File Open,False,False,
F-C1005-18-4,05/20/2011 11:04:00,C1005,PC-C1005,C:\docs\report_4.pdf,File Open,False,False,
F-C1005-18-5,05/20/2011 11:05:00,C1005,PC-C1005,C:\docs\report_5.pdf,File Open,False,False,
F-C1005-18-6,05/20/2011 11:06:00,C1005,PC-C1005,C:\docs\report_6.pdf,File Open,False,False,
F-C1005-18-7,05/20/2011 11:07:00,C1005,PC-C1005,C:\docs\report_7.pdf,File Open,False,False,
F-C1005-18-8,05/20/2011 11:08:00,C1005,PC-C1005,C:\docs\report_8.pdf,File Open,False,False,
F-C1005-18-9,05/20/2011 11:09:00,C1005,PC-C1005,C:\docs\report_9.pdf,File Open,False,False,
F-C1006-18-0,05/20/2011 11:00:00,C1006,PC-C1006,C:\docs\report_0.pdf,File Open,False,False,
F-C1006-18-1,05/20/2011 11:01:00,C1006,PC-C1006,C:\docs\report_1.pdf,File Open,False,False,
F-C1006-18-2,05/20/2011 11:02:00,C1006,PC-C1006,C:\docs\report_2.pdf,File Open,False,False,
F-C1006-18-3,05/20/2011 11:03:00,C1006,PC-C1006,C:\docs\report_3.pdf,File Open,False,False,
F-C1006-18-4,05/20/2011 11:04:00,C1006,PC-C1006,C:\docs\report_4.pdf,File Open,False,False,
F-C1006-18-5,05/20/2011 11:05:00,C1006,PC-C1006,C:\docs\report_5.pdf,File Open,False,False,
F-C1006-18-6,05/20/2011 11:06:00,C1006,PC-C1006,C:\docs\report_6.pdf,File Open,False,False,
F-C1006-18-7,05/20/2011 11:07:00,C1006,PC-C1006,C:\docs\report_7.pdf,File Open,False,False,
F-C1007-18-0,05/20/2011 11:00:00,C1007,PC-C1007,C:\docs\report_0.pdf,File Open,False,False,
F-C1007-18-1,05/20/2011 11:01:00,C1007,PC-C1007,C:\docs\report_1.pdf,File Open,False,False,
F-C1007-18-2,05/20/2011 11:02:00,C1007,PC-C1007,C:\docs\report_2.pdf,File Open,False,False,
F-C1007-18-3,05/20/2011 11:03:00,C1007,PC-C1007,C:\docs\report_3.pdf,File Open,False,False,
F-C1007-18-4,05/20/2011 11:04:00,C1007,PC-C1007,C:\docs\report_4.pdf,File Open,False,False,
F-C1007-18-5,05/20/2011 11:05:00,C1007,PC-C1007,C:\docs\report_5.pdf,File Open,False,False,
F-C1007-18-6,05/20/2011 11:06:00,C1007,PC-C1007,C:\docs\report_6.pdf,File Open,False,False,
F-C1007-18-7,05/20/2011 11:07:00,C1007,PC-C1007,C:\docs\report_7.pdf,File Open,False,False,
F-C1007-18-8,05/20/2011 11:08:00,C1007,PC-C1007,C:\docs\report_8.pdf,File Open,False,False,
F-C1008-18-0,05/20/2011 11:00:00,C1008,PC-C1008,C:\docs\report_0.pdf,File Open,False,False,
F-C1008-18-1,05/20/2011 11:01:00,C1008,PC-C1008,C:\docs\report_1.pdf,File Open,False,False,
F-C1008-18-2,05/20/2011 11:02:00,C1008,PC-C1008,C:\docs\report_2.pdf,File Open,False,False,
F-C1008-18-3,05/20/2011 11:03:00,C1008,PC-C1008,C:\docs\report_3.pdf,File Open,False,False,
F-C1008-18-4,05/20/2011 11:04:00,C1008,PC-C1008,C:\docs\report_4.pdf,File Open,False,False,
F-C1008-18-5,05/20/2011 11:05:00,C1008,PC-C1008,C:\docs\report_5.pdf,File Open,False,False,
F-C1008-18-6,05/20/2011 11:06:00,C1008,PC-C1008,C:\docs\report_6.pdf,File Open,False,False,
F-C1008-18-7,05/20/2011 11:07:00,C1008,PC-C1008,C:\docs\report_7.pdf,File Open,False,False,
F-C1008-18-8,05/20/2011 11:08:00,C1008,PC-C1008,C:\docs\report_8.pdf,File Open,False,False,
F-C1008-18-9,05/20/2011 11:09:00,C1008,PC-C1008,C:\docs\report_9.pdf,File Open,False,False,
F-C1009-18-0,05/20/2011 11:00:00,C1009,PC-C1009,C:\docs\report_0.pdf,File Open,False,False,
F-C1009-18-1,05/20/2011 11:01:00,C1009,PC-C1009,C:\docs\report_1.pdf,File Open,False,False,
F-C1009-18-2,05/20/2011 11:02:00,C1009,PC-C1009,C:\docs\report_2.pdf,File Open,False,False,
F-C1009-18-3,05/20/2011 11:03:00,C1009,PC-C1009,C:\docs\report_3.pdf,File Open,False,False,
F-C1009-18-4,05/20/2011 11:04:00,C1009,PC-C1009,C:\docs\report_4.pdf,File Open,False,False,
F-C1009-18-5,05/20/2011 11:05:00,C1009,PC-C1009,C:\docs\report_5.pdf,File Open,False,False,
F-C1009-18-6,05/20/2011 11:06:00,C1009,PC-C1009,C:\docs\report_6.pdf,File Open,False,False,
F-C1009-18-7,05/20/2011 11:07:00,C1009,PC-C1009,C:\docs\report_7.pdf,File Open,False,False,
F-C1010-18-0,05/20/2011 11:00:00,C1010,PC-C1010,C:\docs\report_0.pdf,File Open,False,False,
F-C1010-18-1,05/20/2011 11:01:00,C1010,PC-C1010,C:\docs\report_1.pdf,File Open,False,False,
F-C1010-18-2,05/20/2011 11:02:00,C1010,PC-C1010,C:\docs\report_2.pdf,File Open,False,False,
F-C1010-18-3,05/20/2011 11:03:00,C1010,PC-C1010,C:\docs\report_3.pdf,File Open,False,False,
F-C1010-18-4,05/20/2011 11:04:00,C1010,PC-C1010,C:\docs\report_4.pdf,File Open,False,False,
F-C1010-18-5,05/20/2011 11:05:00,C1010,PC-C1010,C:\docs\report_5.pdf,File Open,False,False,
F-C1010-18-6,05/20/2011 11:06:00,C1010,PC-C1010,C:\docs\report_6.pdf,File Open,False,False,
F-C1010-18-7,05/20/2011 11:07:00,C1010,PC-C1010,C:\docs\report_7.pdf,File Open,False,False,
F-C1010-18-8,05/20/2011 11:08:00,C1010,PC-C1010,C:\docs\report_8.pdf,File Open,False,False,
F-C1011-18-0,05/20/2011 11:00:00,C1011,PC-C1011,C:\docs\report_0.pdf,File Open,False,False,
F-C1011-18-1,05/20/2011 11:01:00,C1011,PC-C1011,C:\docs\report_1.pdf,File Open,False,False,
F-C1011-18-2,05/20/2011 11:02:00,C1011,PC-C1011,C:\docs\report_2.pdf,File Open,False,False,
F-C1011-18-3,05/20/2011 11:03:00,C1011,PC-C1011,C:\docs\report_3.pdf,File Open,False,False,
F-C1011-18-4,05/20/2011 11:04:00,C1011,PC-C1011,C:\docs\report_4.pdf,File Open,False,False,
F-C1011-18-5,05/20/2011 11:05:00,C1011,PC-C1011,C:\docs\report_5.pdf,File Open,False,False,
F-C1011-18-6,05/20/2011 11:06:00,C1011,PC-C1011,C:\docs\report_6.pdf,File Open,False,False,
F-C1011-18-7,05/20/2011 11:07:00,C1011,PC-C1011,C:\docs\report_7.pdf,File Open,False,False,
F-C1011-18-8,05/20/2011 11:08:00,C1011,PC-C1011,C:\docs\report_8.pdf,File Open,False,False,
F-C1011-18-9,05/20/2011 11:09:00,C1011,PC-C1011,C:\docs\report_9.pdf,File Open,False,False,
F-C1012-18-0,05/20/2011 11:00:00,C1012,PC-C1012,C:\docs\report_0.pdf,File Open,False,False,
F-C1012-18-1,05/20/2011 11:01:00,C1012,PC-C1012,C:\docs\report_1.pdf,File Open,False,False,
F-C1012-18-2,05/20/2011 11:02:00,C1012,PC-C1012,C:\docs\report_2.pdf,File Open,False,False,
F-C1012-18-3,05/20/2011 11:03:00,C1012,PC-C1012,C:\docs\report_3.pdf,File Open,False,False,
F-C1012-18-4,05/20/2011 11:04:00,C1012,PC-C1012,C:\docs\report_4.pdf,File Open,False,False,
F-C1012-18-5,05/20/2011 11:05:00,C1012,PC-C1012,C:\docs\report_5.pdf,File Open,False,False,
F-C1012-18-6,05/20/2011 11:06:00,C1012,PC-C1012,C:\docs\report_6.pdf,File Open,False,False,
F-C1012-18-7,05/20/2011 11:07:00,C1012,PC-C1012,C:\docs\report_7.pdf,File Open,False,False,
F-C1013-18-0,05/20/2011 11:00:00,C1013,PC-C1013,C:\docs\report_0.pdf,File Open,False,False,
F-C1013-18-1,05/20/2011 11:01:00,C1013,PC-C1013,C:\docs\report_1.pdf,File Open,False,False,
F-C1013-18-2,05/20/2011 11:02:00,C1013,PC-C1013,C:\docs\report_2.pdf,File Open,False,False,
F-C1013-18-3,05/20/2011 11:03:00,C1013,PC-C1013,C:\docs\report_3.pdf,File Open,False,False,
F-C1013-18-4,05/20/2011 11:04:00,C1013,PC-C1013,C:\docs\report_4.pdf,File Open,False,False,
F-C1013-18-5,05/20/2011 11:05:00,C1013,PC-C1013,C:\docs\report_5.pdf,File Open,False,False,
F-C1013-18-6,05/20/2011 11:06:00,C1013,PC-C1013,C:\docs\report_6.pdf,File Open,False,False,
F-C1013-18-7,05/20/2011 11:07:00,C1013,PC-C1013,C:\docs\report_7.pdf,File Open,False,False,
F-C1013-18-8,05/20/2011 11:08:00,C1013,PC-C1013,C:\docs\report_8.pdf,File Open,False,False,
F-C1014-18-0,05/20/2011 11:00:00,C1014,PC-C1014,C:\docs\report_0.pdf,File Open,False,False,
F-C1014-18-1,05/20/2011 11:01:00,C1014,PC-C1014,C:\docs\report_1.pdf,File Open,False,False,
F-C1014-18-2,05/20/2011 11:02:00,C1014,PC-C1014,C:\docs\report_2.pdf,File Open,False,False,
F-C1014-18-3,05/20/2011 11:03:00,C1014,PC-C1014,C:\docs\report_3.pdf,File Open,False,False,
F-C1014-18-4,05/20/2011 11:04:00,C1014,PC-C1014,C:\docs\report_4.pdf,File Open,False,False,
F-C1014-18-5,05/20/2011 11:05:00,C1014,PC-C1014,C:\docs\report_5.pdf,File Open,False,False,
F-C1014-18-6,05/20/2011 11:06:00,C1014,PC-C1014,C:\docs\report_6.pdf,File Open,False,False,
F-C1014-18-7,05/20/2011 11:07:00,C1014,PC-C1014,C:\docs\report_7.pdf,File Open,False,False,
F-C1014-18-8,05/20/2011 11:08:00,C1014,PC-C1014,C:\docs\report_8.pdf,File Open,False,False,
F-C1014-18-9,05/20/2011 11:09:00,C1014,PC-C1014,C:\docs\report_9.pdf,File Open,False,False,
F-C1015-18-0,05/20/2011 11:00:00,C1015,PC-C1015,C:\docs\report_0.pdf,File Open,False,False,
F-C1015-18-1,05/20/2011 11:01:00,C1015,PC-C1015,C:\docs\report_1.pdf,File Open,False,False,
F-C1015-18-2,05/20/2011 11:02:00,C1015,PC-C1015,C:\docs\report_2.pdf,File Open,False,False,
F-C1015-18-3,05/20/2011 11:03:00,C1015,PC-C1015,C:\docs\report_3.pdf,File Open,False,False,
F-C1015-18-4,05/20/2011 11:04:00,C1015,PC-C1015,C:\docs\report_4.pdf,File Open,False,False,
F-C1015-18-5,05/20/2011 11:05:00,C1015,PC-C1015,C:\docs\report_5.pdf,File Open,False,False,
F-C1015-18-6,05/20/2011 11:06:00,C1015,PC-C1015,C:\docs\report_6.pdf,File Open,False,False,
F-C1015-18-7,05/20/2011 11:07:00,C1015,PC-C1015,C:\docs\report_7.pdf,File Open,False,False,
F-C1016-18-0,05/20/2011 11:00:00,C1016,PC-C1016,C:\docs\report_0.pdf,File Open,False,False,
F-C1016-18-1,05/20/2011 11:01:00,C1016,PC-C1016,C:\docs\report_1.pdf,File Open,False,False,
F-C1016-18-2,05/20/2011 11:02:00,C1016,PC-C1016,C:\docs\report_2.pdf,File Open,False,False,
F-C1016-18-3,05/20/2011 11:03:00,C1016,PC-C1016,C:\docs\report_3.pdf,File Open,False,False,
F-C1016-18-4,05/20/2011 11:04:00,C1016,PC-C1016,C:\docs\report_4.pdf,File Open,False,False,
F-C1016-18-5,05/20/2011 11:05:00,C1016,PC-C1016,C:\docs\report_5.pdf,File Open,False,False,
F-C1016-18-6,05/20/2011 11:06:00,C1016,PC-C1016,C:\docs\report_6.pdf,File Open,False,False,
F-C1016-18-7,05/20/2011 11:07:00,C1016,PC-C1016,C:\docs\report_7.pdf,File Open,False,False,
F-C1016-18-8,05/20/2011 11:08:00,C1016,PC-C1016,C:\docs\report_8.pdf,File Open,False,False,
F-C1017-18-0,05/20/2011 11:00:00,C1017,PC-C1017,C:\docs\report_0.pdf,File Open,False,False,
F-C1017-18-1,05/20/2011 11:01:00,C1017,PC-C1017,C:\docs\report_1.pdf,File Open,False,False,
F-C1017-18-2,05/20/2011 11:02:00,C1017,PC-C1017,C:\docs\report_2.pdf,File Open,False,False,
F-C1017-18-3,05/20/2011 11:03:00,C1017,PC-C1017,C:\docs\report_3.pdf,File Open,False,False,
F-C1017-18-4,05/20/2011 11:04:00,C1017,PC-C1017,C:\docs\report_4.pdf,File Open,False,False,
F-C1017-18-5,05/20/2011 11:05:00,C1017,PC-C1017,C:\docs\report_5.pdf,File Open,False,False,
F-C1017-18-6,05/20/2011 11:06:00,C1017,PC-C1017,C:\docs\report_6.pdf,File Open,False,False,
F-C1017-18-7,05/20/2011 11:07:00,C1017,PC-C1017,C:\docs\report_7.pdf,File Open,False,False,
F-C1017-18-8,05/20/2011 11:08:00,C1017,PC-C1017,C:\docs\report_8.pdf,File Open,False,False,
F-C1017-18-9,05/20/2011 11:09:00,C1017,PC-C1017,C:\docs\report_9.pdf,File Open,False,False,
F-C1018-18-0,05/20/2011 11:00:00,C1018,PC-C1018,R:\docs\confidential_export_0.pdf,File Copy,True,False,
F-C1018-18-1,05/20/2011 11:01:00,C1018,PC-C1018,R:\docs\confidential_export_1.pdf,File Copy,True,False,
F-C1018-18-2,05/20/2011 11:02:00,C1018,PC-C1018,R:\docs\confidential_export_2.pdf,File Copy,True,False,
F-C1018-18-3,05/20/2011 11:03:00,C1018,PC-C1018,R:\docs\confidential_export_3.pdf,File Copy,True,False,
F-C1018-18-4,05/20/2011 11:04:00,C1018,PC-C1018,C:\docs\report_4.pdf,File Open,False,False,
F-C1018-18-5,05/20/2011 11:05:00,C1018,PC-C1018,C:\docs\report_5.pdf,File Open,False,False,
F-C1018-18-6,05/20/2011 11:06:00,C1018,PC-C1018,C:\docs\report_6.pdf,File Open,False,False,
F-C1018-18-7,05/20/2011 11:07:00,C1018,PC-C1018,C:\docs\report_7.pdf,File Open,False,False,
F-C1018-18-8,05/20/2011 11:08:00,C1018,PC-C1018,C:\docs\report_8.pdf,File Open,False,False,
F-C1018-18-9,05/20/2011 11:09:00,C1018,PC-C1018,C:\docs\report_9.pdf,File Open,False,False,
F-C1018-18-10,05/20/2011 11:10:00,C1018,PC-C1018,C:\docs\report_10.pdf,File Open,False,False,
F-C1018-18-11,05/20/2011 11:11:00,C1018,PC-C1018,C:\docs\report_11.pdf,File Open,False,False,
F-C1018-18-12,05/20/2011 11:12:00,C1018,PC-C1018,C:\docs\report_12.pdf,File Open,False,False,
F-C1018-18-13,05/20/2011 11:13:00,C1018,PC-C1018,C:\docs\report_13.pdf,File Open,False,False,
F-C1018-18-14,05/20/2011 11:14:00,C1018,PC-C1018,C:\docs\report_14.pdf,File Open,False,False,
F-C1018-18-15,05/20/2011 11:15:00,C1018,PC-C1018,C:\docs\report_15.pdf,File Open,False,False,
F-C1018-18-16,05/20/2011 11:16:00,C1018,PC-C1018,C:\docs\report_16.pdf,File Open,False,False,
F-C1018-18-17,05/20/2011 11:17:00,C1018,PC-C1018,C:\docs\report_17.pdf,File Open,False,False,
F-C1018-18-18,05/20/2011 11:18:00,C1018,PC-C1018,C:\docs\report_18.pdf,File Open,False,False,
F-C1018-18-19,05/20/2011 11:19:00,C1018,PC-C1018,C:\docs\report_19.pdf,File Open,False,False,
F-C1018-18-20,05/20/2011 11:20:00,C1018,PC-C1018,C:\docs\report_20.pdf,File Open,False,False,
F-C1018-18-21,05/20/2011 11:21:00,C1018,PC-C1018,C:\docs\report_21.pdf,File Open,False,False,
F-C1018-18-22,05/20/2011 11:22:00,C1018,PC-C1018,C:\docs\report_22.pdf,File Open,False,False,
F-C1018-18-23,05/20/2011 11:23:00,C1018,PC-C1018,C:\docs\report_23.pdf,File Open,False,False,
F-C1018-18-24,05/20/2011 11:24:00,C1018,PC-C1018,C:\docs\report_24.pdf,File Open,False,False,
F-C1018-18-25,05/20/2011 11:25:00,C1018,PC-C1018,C:\docs\report_25.pdf,File Open,False,False,
F-C1018-18-26,05/20/2011 11:26:00,C1018,PC-C1018,C:\docs\report_26.pdf,File Open,False,False,
F-C1018-18-27,05/20/2011 11:27:00,C1018,PC-C1018,C:\docs\report_27.pdf,File Open,False,False,
F-C1018-18-28,05/20/2011 11:28:00,C1018,PC-C1018,C:\docs\report_28.pdf,File Open,False,False,
F-C1018-18-29,05/20/2011 11:29:00,C1018,PC-C1018,C:\docs\report_29.pdf,File Open,False,False,
F-C1018-18-30,05/20/2011 11:30:00,C1018,PC-C1018,C:\docs\report_30.pdf,File Open,False,False,
F-C1018-18-31,05/20/2011 11:31:00,C1018,PC-C1018,C:\docs\report_31.pdf,File Open,False,False,
F-C1018-18-32,05/20/2011 11:32:00,C1018,PC-C1018,C:\docs\report_32.pdf,File Open,False,False,
F-C1018-18-33,05/20/2011 11:33:00,C1018,PC-C1018,C:\docs\report_33.pdf,File Open,False,False,
F-C1018-18-34,05/20/2011 11:34:00,C1018,PC-C1018,C:\docs\report_34.pdf,File Open,False,False,
F-C1018-18-35,05/20/2011 11:35:00,C1018,PC-C1018,C:\docs\report_35.pdf,File Open,False,False,
F-C1019-18-0,05/20/2011 11:00:00,C1019,PC-C1019,C:\docs\report_0.pdf,File Open,False,False,
F-C1019-18-1,05/20/2011 11:01:00,C1019,PC-C1019,C:\docs\report_1.pdf,File Open,False,False,
F-C1019-18-2,05/20/2011 11:02:00,C1019,PC-C1019,C:\docs\report_2.pdf,File Open,False,False,
F-C1019-18-3,05/20/2011 11:03:00,C1019,PC-C1019,C:\docs\report_3.pdf,File Open,False,False,
F-C1019-18-4,05/20/2011 11:04:00,C1019,PC-C1019,C:\docs\report_4.pdf,File Open,False,False,
F-C1019-18-5,05/20/2011 11:05:00,C1019,PC-C1019,C:\docs\report_5.pdf,File Open,False,False,
F-C1019-18-6,05/20/2011 11:06:00,C1019,PC-C1019,C:\docs\report_6.pdf,File Open,False,False,
F-C1019-18-7,05/20/2011 11:07:00,C1019,PC-C1019,C:\docs\report_7.pdf,File Open,False,False,
F-C1019-18-8,05/20/2011 11:08:00,C1019,PC-C1019,C:\docs\report_8.pdf,File Open,False,False,
F-C1000-19-0,05/21/2011 11:00:00,C1000,PC-C1000,R:\docs\confidential_export_0.pdf,File Copy,True,False,
F-C1000-19-1,05/21/2011 11:01:00,C1000,PC-C1000,R:\docs\confidential_export_1.pdf,File Copy,True,False,
F-C1000-19-2,05/21/2011 11:02:00,C1000,PC-C1000,R:\docs\confidential_export_2.pdf,File Copy,True,False,
F-C1000-19-3,05/21/2011 11:03:00,C1000,PC-C1000,R:\docs\confidential_export_3.pdf,File Copy,True,False,
F-C1000-19-4,05/21/2011 11:04:00,C1000,PC-C1000,R:\docs\confidential_export_4.pdf,File Copy,True,False,
F-C1000-19-5,05/21/2011 11:05:00,C1000,PC-C1000,R:\docs\confidential_export_5.pdf,File Copy,True,False,
F-C1000-19-6,05/21/2011 11:06:00,C1000,PC-C1000,R:\docs\confidential_export_6.pdf,File Copy,True,False,
F-C1000-19-7,05/21/2011 11:07:00,C1000,PC-C1000,R:\docs\confidential_export_7.pdf,File Copy,True,False,
F-C1000-19-8,05/21/2011 11:08:00,C1000,PC-C1000,R:\docs\confidential_export_8.pdf,File Copy,True,False,
F-C1000-19-9,05/21/2011 11:09:00,C1000,PC-C1000,R:\docs\confidential_export_9.pdf,File Copy,True,False,
F-C1000-19-10,05/21/2011 11:10:00,C1000,PC-C1000,C:\docs\report_10.pdf,File Open,False,False,
F-C1000-19-11,05/21/2011 11:11:00,C1000,PC-C1000,C:\docs\report_11.pdf,File Open,False,False,
F-C1000-19-12,05/21/2011 11:12:00,C1000,PC-C1000,C:\docs\report_12.pdf,File Open,False,False,
F-C1000-19-13,05/21/2011 11:13:00,C1000,PC-C1000,C:\docs\report_13.pdf,File Open,False,False,
F-C1000-19-14,05/21/2011 11:14:00,C1000,PC-C1000,C:\docs\report_14.pdf,File Open,False,False,
F-C1000-19-15,05/21/2011 11:15:00,C1000,PC-C1000,C:\docs\report_15.pdf,File Open,False,False,
F-C1000-19-16,05/21/2011 11:16:00,C1000,PC-C1000,C:\docs\report_16.pdf,File Open,False,False,
F-C1000-19-17,05/21/2011 11:17:00,C1000,PC-C1000,C:\docs\report_17.pdf,File Open,False,False,
F-C1000-19-18,05/21/2011 11:18:00,C1000,PC-C1000,C:\docs\report_18.pdf,File Open,False,False,
F-C1000-19-19,05/21/2011 11:19:00,C1000,PC-C1000,C:\docs\report_19.pdf,File Open,False,False,
F-C1000-19-20,05/21/2011 11:20:00,C1000,PC-C1000,C:\docs\report_20.pdf,File Open,False,False,
F-C1000-19-21,05/21/2011 11:21:00,C1000,PC-C1000,C:\docs\report_21.pdf,File Open,False,False,
F-C1000-19-22,05/21/2011 11:22:00,C1000,PC-C1000,C:\docs\report_22.pdf,File Open,False,False,
F-C1000-19-23,05/21/2011 11:23:00,C1000,PC-C1000,C:\docs\report_23.pdf,File Open,False,False,
F-C1000-19-24,05/21/2011 11:24:00,C1000,PC-C1000,C:\docs\report_24.pdf,File Open,False,False,
F-C1000-19-25,05/21/2011 11:25:00,C1000,PC-C1000,C:\docs\report_25.pdf,File Open,False,False,
F-C1000-19-26,05/21/2011 11:26:00,C1000,PC-C1000,C:\docs\report_26.pdf,File Open,False,False,
F-C1000-19-27,05/21/2011 11:27:00,C1000,PC-C1000,C:\docs\report_27.pdf,File Open,False,False,
F-C1000-19-28,05/21/2011 11:28:00,C1000,PC-C1000,C:\docs\report_28.pdf,File Open,False,False,
F-C1000-19-29,05/21/2011 11:29:00,C1000,PC-C1000,C:\docs\report_29.pdf,File Open,False,False,
F-C1000-19-30,05/21/2011 11:30:00,C1000,PC-C1000,C:\docs\report_30.pdf,File Open,False,False,
F-C1000-19-31,05/21/2011 11:31:00,C1000,PC-C1000,C:\docs\report_31.pdf,File Open,False,False,
F-C1000-19-32,05/21/2011 11:32:00,C1000,PC-C1000,C:\docs\report_32.pdf,File Open,False,False,
F-C1000-19-33,05/21/2011 11:33:00,C1000,PC-C1000,C:\docs\report_33.pdf,File Open,False,False,
F-C1000-19-34,05/21/2011 11:34:00,C1000,PC-C1000,C:\docs\report_34.pdf,File Open,False,False,
F-C1000-19-35,05/21/2011 11:35:00,C1000,PC-C1000,C:\docs\report_35.pdf,File Open,False,False,
F-C1000-19-36,05/21/2011 11:36:00,C1000,PC-C1000,C:\docs\report_36.pdf,File Open,False,False,
F-C1000-19-37,05/21/2011 11:37:00,C1000,PC-C1000,C:\docs\report_37.pdf,File Open,False,False,
F-C1000-19-38,05/21/2011 11:38:00,C1000,PC-C1000,C:\docs\report_38.pdf,File Open,False,False,
F-C1000-19-39,05/21/2011 11:39:00,C1000,PC-C1000,C:\docs\report_39.pdf,File Open,False,False,
F-C1000-19-40,05/21/2011 11:40:00,C1000,PC-C1000,C:\docs\report_40.pdf,File Open,False,False,
F-C1000-19-41,05/21/2011 11:41:00,C1000,PC-C1000,C:\docs\report_41.pdf,File Open,False,False,
F-C1001-19-0,05/21/2011 11:00:00,C1001,PC-C1001,C:\docs\report_0.pdf,File Open,False,False,
F-C1001-19-1,05/21/2011 11:01:00,C1001,PC-C1001,C:\docs\report_1.pdf,File Open,False,False,
F-C1001-19-2,05/21/2011 11:02:00,C1001,PC-C1001,C:\docs\report_2.pdf,File Open,False,False,
F-C1001-19-3,05/21/2011 11:03:00,C1001,PC-C1001,C:\docs\report_3.pdf,File Open,False,False,
F-C1001-19-4,05/21/2011 11:04:00,C1001,PC-C1001,C:\docs\report_4.pdf,File Open,False,False,
F-C1001-19-5,05/21/2011 11:05:00,C1001,PC-C1001,C:\docs\report_5.pdf,File Open,False,False,
F-C1001-19-6,05/21/2011 11:06:00,C1001,PC-C1001,C:\docs\report_6.pdf,File Open,False,False,
F-C1001-19-7,05/21/2011 11:07:00,C1001,PC-C1001,C:\docs\report_7.pdf,File Open,False,False,
F-C1001-19-8,05/21/2011 11:08:00,C1001,PC-C1001,C:\docs\report_8.pdf,File Open,False,False,
F-C1001-19-9,05/21/2011 11:09:00,C1001,PC-C1001,C:\docs\report_9.pdf,File Open,False,False,
F-C1002-19-0,05/21/2011 11:00:00,C1002,PC-C1002,C:\docs\report_0.pdf,File Open,False,False,
F-C1002-19-1,05/21/2011 11:01:00,C1002,PC-C1002,C:\docs\report_1.pdf,File Open,False,False,
F-C1002-19-2,05/21/2011 11:02:00,C1002,PC-C1002,C:\docs\report_2.pdf,File Open,False,False,
F-C1002-19-3,05/21/2011 11:03:00,C1002,PC-C1002,C:\docs\report_3.pdf,File Open,False,False,
F-C1002-19-4,05/21/2011 11:04:00,C1002,PC-C1002,C:\docs\report_4.pdf,File Open,False,False,
F-C1002-19-5,05/21/2011 11:05:00,C1002,PC-C1002,C:\docs\report_5.pdf,File Open,False,False,
F-C1002-19-6,05/21/2011 11:06:00,C1002,PC-C1002,C:\docs\report_6.pdf,File Open,False,False,
F-C1002-19-7,05/21/2011 11:07:00,C1002,PC-C1002,C:\docs\report_7.pdf,File Open,False,False,
F-C1003-19-0,05/21/2011 11:00:00,C1003,PC-C1003,C:\docs\report_0.pdf,File Open,False,False,
F-C1003-19-1,05/21/2011 11:01:00,C1003,PC-C1003,C:\docs\report_1.pdf,File Open,False,False,
F-C1003-19-2,05/21/2011 11:02:00,C1003,PC-C1003,C:\docs\report_2.pdf,File Open,False,False,
F-C1003-19-3,05/21/2011 11:03:00,C1003,PC-C1003,C:\docs\report_3.pdf,File Open,False,False,
F-C1003-19-4,05/21/2011 11:04:00,C1003,PC-C1003,C:\docs\report_4.pdf,File Open,False,False,
F-C1003-19-5,05/21/2011 11:05:00,C1003,PC-C1003,C:\docs\report_5.pdf,File Open,False,False,
F-C1003-19-6,05/21/2011 11:06:00,C1003,PC-C1003,C:\docs\report_6.pdf,File Open,False,False,
F-C1003-19-7,05/21/2011 11:07:00,C1003,PC-C1003,C:\docs\report_7.pdf,File Open,False,False,
F-C1003-19-8,05/21/2011 11:08:00,C1003,PC-C1003,C:\docs\report_8.pdf,File Open,False,False,
F-C1004-19-0,05/21/2011 11:00:00,C1004,PC-C1004,C:\docs\report_0.pdf,File Open,False,False,
F-C1004-19-1,05/21/2011 11:01:00,C1004,PC-C1004,C:\docs\report_1.pdf,File Open,False,False,
F-C1004-19-2,05/21/2011 11:02:00,C1004,PC-C1004,C:\docs\report_2.pdf,File Open,False,False,
F-C1004-19-3,05/21/2011 11:03:00,C1004,PC-C1004,C:\docs\report_3.pdf,File Open,False,False,
F-C1004-19-4,05/21/2011 11:04:00,C1004,PC-C1004,C:\docs\report_4.pdf,File Open,False,False,
F-C1004-19-5,05/21/2011 11:05:00,C1004,PC-C1004,C:\docs\report_5.pdf,File Open,False,False,
F-C1004-19-6,05/21/2011 11:06:00,C1004,PC-C1004,C:\docs\report_6.pdf,File Open,False,False,
F-C1004-19-7,05/21/2011 11:07:00,C1004,PC-C1004,C:\docs\report_7.pdf,File Open,False,False,
F-C1004-19-8,05/21/2011 11:08:00,C1004,PC-C1004,C:\docs\report_8.pdf,File Open,False,False,
F-C1004-19-9,05/21/2011 11:09:00,C1004,PC-C1004,C:\docs\report_9.pdf,File Open,False,False,
F-C1005-19-0,05/21/2011 11:00:00,C1005,PC-C1005,C:\docs\report_0.pdf,File Open,False,False,
F-C1005-19-1,05/21/2011 11:01:00,C1005,PC-C1005,C:\docs\report_1.pdf,File Open,False,False,
F-C1005-19-2,05/21/2011 11:02:00,C1005,PC-C1005,C:\docs\report_2.pdf,File Open,False,False,
F-C1005-19-3,05/21/2011 11:03:00,C1005,PC-C1005,C:\docs\report_3.pdf,File Open,False,False,
F-C1005-19-4,05/21/2011 11:04:00,C1005,PC-C1005,C:\docs\report_4.pdf,File Open,False,False,
F-C1005-19-5,05/21/2011 11:05:00,C1005,PC-C1005,C:\docs\report_5.pdf,File Open,False,False,
F-C1005-19-6,05/21/2011 11:06:00,C1005,PC-C1005,C:\docs\report_6.pdf,File Open,False,False,
F-C1005-19-7,05/21/2011 11:07:00,C1005,PC-C1005,C:\docs\report_7.pdf,File Open,False,False,
F-C1006-19-0,05/21/2011 11:00:00,C1006,PC-C1006,C:\docs\report_0.pdf,File Open,False,False,
F-C1006-19-1,05/21/2011 11:01:00,C1006,PC-C1006,C:\docs\report_1.pdf,File Open,False,False,
F-C1006-19-2,05/21/2011 11:02:00,C1006,PC-C1006,C:\docs\report_2.pdf,File Open,False,False,
F-C1006-19-3,05/21/2011 11:03:00,C1006,PC-C1006,C:\docs\report_3.pdf,File Open,False,False,
F-C1006-19-4,05/21/2011 11:04:00,C1006,PC-C1006,C:\docs\report_4.pdf,File Open,False,False,
F-C1006-19-5,05/21/2011 11:05:00,C1006,PC-C1006,C:\docs\report_5.pdf,File Open,False,False,
F-C1006-19-6,05/21/2011 11:06:00,C1006,PC-C1006,C:\docs\report_6.pdf,File Open,False,False,
F-C1006-19-7,05/21/2011 11:07:00,C1006,PC-C1006,C:\docs\report_7.pdf,File Open,False,False,
F-C1006-19-8,05/21/2011 11:08:00,C1006,PC-C1006,C:\docs\report_8.pdf,File Open,False,False,
F-C1007-19-0,05/21/2011 11:00:00,C1007,PC-C1007,C:\docs\report_0.pdf,File Open,False,False,
F-C1007-19-1,05/21/2011 11:01:00,C1007,PC-C1007,C:\docs\report_1.pdf,File Open,False,False,
F-C1007-19-2,05/21/2011 11:02:00,C1007,PC-C1007,C:\docs\report_2.pdf,File Open,False,False,
F-C1007-19-3,05/21/2011 11:03:00,C1007,PC-C1007,C:\docs\report_3.pdf,File Open,False,False,
F-C1007-19-4,05/21/2011 11:04:00,C1007,PC-C1007,C:\docs\report_4.pdf,File Open,False,False,
F-C1007-19-5,05/21/2011 11:05:00,C1007,PC-C1007,C:\docs\report_5.pdf,File Open,False,False,
F-C1007-19-6,05/21/2011 11:06:00,C1007,PC-C1007,C:\docs\report_6.pdf,File Open,False,False,
F-C1007-19-7,05/21/2011 11:07:00,C1007,PC-C1007,C:\docs\report_7.pdf,File Open,False,False,
F-C1007-19-8,05/21/2011 11:08:00,C1007,PC-C1007,C:\docs\report_8.pdf,File Open,False,False,
F-C1007-19-9,05/21/2011 11:09:00,C1007,PC-C1007,C:\docs\report_9.pdf,File Open,False,False,
F-C1007-19-10,05/21/2011 11:10:00,C1007,PC-C1007,C:\docs\report_10.pdf,File Open,False,False,
F-C1007-19-11,05/21/2011 11:11:00,C1007,PC-C1007,C:\docs\report_11.pdf,File Open,False,False,
F-C1007-19-12,05/21/2011 11:12:00,C1007,PC-C1007,C:\docs\report_12.pdf,File Open,False,False,
F-C1007-19-13,05/21/2011 11:13:00,C1007,PC-C1007,C:\docs\report_13.pdf,File Open,False,False,
F-C1007-19-14,05/21/2011 11:14:00,C1007,PC-C1007,C:\docs\report_14.pdf,File Open,False,False,
F-C1007-19-15,05/21/2011 11:15:00,C1007,PC-C1007,C:\docs\report_15.pdf,File Open,False,False,
F-C1007-19-16,05/21/2011 11:16:00,C1007,PC-C1007,C:\docs\report_16.pdf,File Open,False,False,
F-C1007-19-17,05/21/2011 11:17:00,C1007,PC-C1007,C:\docs\report_17.pdf,File Open,False,False,
F-C1007-19-18,05/21/2011 11:18:00,C1007,PC-C1007,C:\docs\report_18.pdf,File Open,False,False,
F-C1007-19-19,05/21/2011 11:19:00,C1007,PC-C1007,C:\docs\report_19.pdf,File Open,False,False,
F-C1007-19-20,05/21/2011 11:20:00,C1007,PC-C1007,C:\docs\report_20.pdf,File Open,False,False,
F-C1007-19-21,05/21/2011 11:21:00,C1007,PC-C1007,C:\docs\report_21.pdf,File Open,False,False,
F-C1007-19-22,05/21/2011 11:22:00,C1007,PC-C1007,C:\docs\report_22.pdf,File Open,False,False,
F-C1007-19-23,05/21/2011 11:23:00,C1007,PC-C1007,C:\docs\report_23.pdf,File Open,False,False,
F-C1007-19-24,05/21/2011 11:24:00,C1007,PC-C1007,C:\docs\report_24.pdf,File Open,False,False,
F-C1007-19-25,05/21/2011 11:25:00,C1007,PC-C1007,C:\docs\report_25.pdf,File Open,False,False,
F-C1008-19-0,05/21/2011 11:00:00,C1008,PC-C1008,C:\docs\report_0.pdf,File Open,False,False,
F-C1008-19-1,05/21/2011 11:01:00,C1008,PC-C1008,C:\docs\report_1.pdf,File Open,False,False,
F-C1008-19-2,05/21/2011 11:02:00,C1008,PC-C1008,C:\docs\report_2.pdf,File Open,False,False,
F-C1008-19-3,05/21/2011 11:03:00,C1008,PC-C1008,C:\docs\report_3.pdf,File Open,False,False,
F-C1008-19-4,05/21/2011 11:04:00,C1008,PC-C1008,C:\docs\report_4.pdf,File Open,False,False,
F-C1008-19-5,05/21/2011 11:05:00,C1008,PC-C1008,C:\docs\report_5.pdf,File Open,False,False,
F-C1008-19-6,05/21/2011 11:06:00,C1008,PC-C1008,C:\docs\report_6.pdf,File Open,False,False,
F-C1008-19-7,05/21/2011 11:07:00,C1008,PC-C1008,C:\docs\report_7.pdf,File Open,False,False,
F-C1009-19-0,05/21/2011 11:00:00,C1009,PC-C1009,C:\docs\report_0.pdf,File Open,False,False,
F-C1009-19-1,05/21/2011 11:01:00,C1009,PC-C1009,C:\docs\report_1.pdf,File Open,False,False,
F-C1009-19-2,05/21/2011 11:02:00,C1009,PC-C1009,C:\docs\report_2.pdf,File Open,False,False,
F-C1009-19-3,05/21/2011 11:03:00,C1009,PC-C1009,C:\docs\report_3.pdf,File Open,False,False,
F-C1009-19-4,05/21/2011 11:04:00,C1009,PC-C1009,C:\docs\report_4.pdf,File Open,False,False,
F-C1009-19-5,05/21/2011 11:05:00,C1009,PC-C1009,C:\docs\report_5.pdf,File Open,False,False,
F-C1009-19-6,05/21/2011 11:06:00,C1009,PC-C1009,C:\docs\report_6.pdf,File Open,False,False,
F-C1009-19-7,05/21/2011 11:07:00,C1009,PC-C1009,C:\docs\report_7.pdf,File Open,False,False,
F-C1009-19-8,05/21/2011 11:08:00,C1009,PC-C1009,C:\docs\report_8.pdf,File Open,False,False,
F-C1010-19-0,05/21/2011 11:00:00,C1010,PC-C1010,C:\docs\report_0.pdf,File Open,False,False,
F-C1010-19-1,05/21/2011 11:01:00,C1010,PC-C1010,C:\docs\report_1.pdf,File Open,False,False,
F-C1010-19-2,05/21/2011 11:02:00,C1010,PC-C1010,C:\docs\report_2.pdf,File Open,False,False,
F-C1010-19-3,05/21/2011 11:03:00,C1010,PC-C1010,C:\docs\report_3.pdf,File Open,False,False,
F-C1010-19-4,05/21/2011 11:04:00,C1010,PC-C1010,C:\docs\report_4.pdf,File Open,False,False,
F-C1010-19-5,05/21/2011 11:05:00,C1010,PC-C1010,C:\docs\report_5.pdf,File Open,False,False,
F-C1010-19-6,05/21/2011 11:06:00,C1010,PC-C1010,C:\docs\report_6.pdf,File Open,False,False,
F-C1010-19-7,05/21/2011 11:07:00,C1010,PC-C1010,C:\docs\report_7.pdf,File Open,False,False,
F-C1010-19-8,05/21/2011 11:08:00,C1010,PC-C1010,C:\docs\report_8.pdf,File Open,False,False,
F-C1010-19-9,05/21/2011 11:09:00,C1010,PC-C1010,C:\docs\report_9.pdf,File Open,False,False,
F-C1011-19-0,05/21/2011 11:00:00,C1011,PC-C1011,C:\docs\report_0.pdf,File Open,False,False,
F-C1011-19-1,05/21/2011 11:01:00,C1011,PC-C1011,C:\docs\report_1.pdf,File Open,False,False,
F-C1011-19-2,05/21/2011 11:02:00,C1011,PC-C1011,C:\docs\report_2.pdf,File Open,False,False,
F-C1011-19-3,05/21/2011 11:03:00,C1011,PC-C1011,C:\docs\report_3.pdf,File Open,False,False,
F-C1011-19-4,05/21/2011 11:04:00,C1011,PC-C1011,C:\docs\report_4.pdf,File Open,False,False,
F-C1011-19-5,05/21/2011 11:05:00,C1011,PC-C1011,C:\docs\report_5.pdf,File Open,False,False,
F-C1011-19-6,05/21/2011 11:06:00,C1011,PC-C1011,C:\docs\report_6.pdf,File Open,False,False,
F-C1011-19-7,05/21/2011 11:07:00,C1011,PC-C1011,C:\docs\report_7.pdf,File Open,False,False,
F-C1012-19-0,05/21/2011 11:00:00,C1012,PC-C1012,C:\docs\report_0.pdf,File Open,False,False,
F-C1012-19-1,05/21/2011 11:01:00,C1012,PC-C1012,C:\docs\report_1.pdf,File Open,False,False,
F-C1012-19-2,05/21/2011 11:02:00,C1012,PC-C1012,C:\docs\report_2.pdf,File Open,False,False,
F-C1012-19-3,05/21/2011 11:03:00,C1012,PC-C1012,C:\docs\report_3.pdf,File Open,False,False,
F-C1012-19-4,05/21/2011 11:04:00,C1012,PC-C1012,C:\docs\report_4.pdf,File Open,False,False,
F-C1012-19-5,05/21/2011 11:05:00,C1012,PC-C1012,C:\docs\report_5.pdf,File Open,False,False,
F-C1012-19-6,05/21/2011 11:06:00,C1012,PC-C1012,C:\docs\report_6.pdf,File Open,False,False,
F-C1012-19-7,05/21/2011 11:07:00,C1012,PC-C1012,C:\docs\report_7.pdf,File Open,False,False,
F-C1012-19-8,05/21/2011 11:08:00,C1012,PC-C1012,C:\docs\report_8.pdf,File Open,False,False,
F-C1013-19-0,05/21/2011 11:00:00,C1013,PC-C1013,C:\docs\report_0.pdf,File Open,False,False,
F-C1013-19-1,05/21/2011 11:01:00,C1013,PC-C1013,C:\docs\report_1.pdf,File Open,False,False,
F-C1013-19-2,05/21/2011 11:02:00,C1013,PC-C1013,C:\docs\report_2.pdf,File Open,False,False,
F-C1013-19-3,05/21/2011 11:03:00,C1013,PC-C1013,C:\docs\report_3.pdf,File Open,False,False,
F-C1013-19-4,05/21/2011 11:04:00,C1013,PC-C1013,C:\docs\report_4.pdf,File Open,False,False,
F-C1013-19-5,05/21/2011 11:05:00,C1013,PC-C1013,C:\docs\report_5.pdf,File Open,False,False,
F-C1013-19-6,05/21/2011 11:06:00,C1013,PC-C1013,C:\docs\report_6.pdf,File Open,False,False,
F-C1013-19-7,05/21/2011 11:07:00,C1013,PC-C1013,C:\docs\report_7.pdf,File Open,False,False,
F-C1013-19-8,05/21/2011 11:08:00,C1013,PC-C1013,C:\docs\report_8.pdf,File Open,False,False,
F-C1013-19-9,05/21/2011 11:09:00,C1013,PC-C1013,C:\docs\report_9.pdf,File Open,False,False,
F-C1014-19-0,05/21/2011 11:00:00,C1014,PC-C1014,C:\docs\report_0.pdf,File Open,False,False,
F-C1014-19-1,05/21/2011 11:01:00,C1014,PC-C1014,C:\docs\report_1.pdf,File Open,False,False,
F-C1014-19-2,05/21/2011 11:02:00,C1014,PC-C1014,C:\docs\report_2.pdf,File Open,False,False,
F-C1014-19-3,05/21/2011 11:03:00,C1014,PC-C1014,C:\docs\report_3.pdf,File Open,False,False,
F-C1014-19-4,05/21/2011 11:04:00,C1014,PC-C1014,C:\docs\report_4.pdf,File Open,False,False,
F-C1014-19-5,05/21/2011 11:05:00,C1014,PC-C1014,C:\docs\report_5.pdf,File Open,False,False,
F-C1014-19-6,05/21/2011 11:06:00,C1014,PC-C1014,C:\docs\report_6.pdf,File Open,False,False,
F-C1014-19-7,05/21/2011 11:07:00,C1014,PC-C1014,C:\docs\report_7.pdf,File Open,False,False,
F-C1015-19-0,05/21/2011 11:00:00,C1015,PC-C1015,C:\docs\report_0.pdf,File Open,False,False,
F-C1015-19-1,05/21/2011 11:01:00,C1015,PC-C1015,C:\docs\report_1.pdf,File Open,False,False,
F-C1015-19-2,05/21/2011 11:02:00,C1015,PC-C1015,C:\docs\report_2.pdf,File Open,False,False,
F-C1015-19-3,05/21/2011 11:03:00,C1015,PC-C1015,C:\docs\report_3.pdf,File Open,False,False,
F-C1015-19-4,05/21/2011 11:04:00,C1015,PC-C1015,C:\docs\report_4.pdf,File Open,False,False,
F-C1015-19-5,05/21/2011 11:05:00,C1015,PC-C1015,C:\docs\report_5.pdf,File Open,False,False,
F-C1015-19-6,05/21/2011 11:06:00,C1015,PC-C1015,C:\docs\report_6.pdf,File Open,False,False,
F-C1015-19-7,05/21/2011 11:07:00,C1015,PC-C1015,C:\docs\report_7.pdf,File Open,False,False,
F-C1015-19-8,05/21/2011 11:08:00,C1015,PC-C1015,C:\docs\report_8.pdf,File Open,False,False,
F-C1016-19-0,05/21/2011 11:00:00,C1016,PC-C1016,C:\docs\report_0.pdf,File Open,False,False,
F-C1016-19-1,05/21/2011 11:01:00,C1016,PC-C1016,C:\docs\report_1.pdf,File Open,False,False,
F-C1016-19-2,05/21/2011 11:02:00,C1016,PC-C1016,C:\docs\report_2.pdf,File Open,False,False,
F-C1016-19-3,05/21/2011 11:03:00,C1016,PC-C1016,C:\docs\report_3.pdf,File Open,False,False,
F-C1016-19-4,05/21/2011 11:04:00,C1016,PC-C1016,C:\docs\report_4.pdf,File Open,False,False,
F-C1016-19-5,05/21/2011 11:05:00,C1016,PC-C1016,C:\docs\report_5.pdf,File Open,False,False,
F-C1016-19-6,05/21/2011 11:06:00,C1016,PC-C1016,C:\docs\report_6.pdf,File Open,False,False,
F-C1016-19-7,05/21/2011 11:07:00,C1016,PC-C1016,C:\docs\report_7.pdf,File Open,False,False,
F-C1016-19-8,05/21/2011 11:08:00,C1016,PC-C1016,C:\docs\report_8.pdf,File Open,False,False,
F-C1016-19-9,05/21/2011 11:09:00,C1016,PC-C1016,C:\docs\report_9.pdf,File Open,False,False,
F-C1017-19-0,05/21/2011 11:00:00,C1017,PC-C1017,C:\docs\report_0.pdf,File Open,False,False,
F-C1017-19-1,05/21/2011 11:01:00,C1017,PC-C1017,C:\docs\report_1.pdf,File Open,False,False,
F-C1017-19-2,05/21/2011 11:02:00,C1017,PC-C1017,C:\docs\report_2.pdf,File Open,False,False,
F-C1017-19-3,05/21/2011 11:03:00,C1017,PC-C1017,C:\docs\report_3.pdf,File Open,False,False,
F-C1017-19-4,05/21/2011 11:04:00,C1017,PC-C1017,C:\docs\report_4.pdf,File Open,False,False,
F-C1017-19-5,05/21/2011 11:05:00,C1017,PC-C1017,C:\docs\report_5.pdf,File Open,False,False,
F-C1017-19-6,05/21/2011 11:06:00,C1017,PC-C1017,C:\docs\report_6.pdf,File Open,False,False,
F-C1017-19-7,05/21/2011 11:07:00,C1017,PC-C1017,C:\docs\report_7.pdf,File Open,False,False,
F-C1018-19-0,05/21/2011 11:00:00,C1018,PC-C1018,R:\docs\confidential_export_0.pdf,File Copy,True,False,
F-C1018-19-1,05/21/2011 11:01:00,C1018,PC-C1018,R:\docs\confidential_export_1.pdf,File Copy,True,False,
F-C1018-19-2,05/21/2011 11:02:00,C1018,PC-C1018,R:\docs\confidential_export_2.pdf,File Copy,True,False,
F-C1018-19-3,05/21/2011 11:03:00,C1018,PC-C1018,R:\docs\confidential_export_3.pdf,File Copy,True,False,
F-C1018-19-4,05/21/2011 11:04:00,C1018,PC-C1018,C:\docs\report_4.pdf,File Open,False,False,
F-C1018-19-5,05/21/2011 11:05:00,C1018,PC-C1018,C:\docs\report_5.pdf,File Open,False,False,
F-C1018-19-6,05/21/2011 11:06:00,C1018,PC-C1018,C:\docs\report_6.pdf,File Open,False,False,
F-C1018-19-7,05/21/2011 11:07:00,C1018,PC-C1018,C:\docs\report_7.pdf,File Open,False,False,
F-C1018-19-8,05/21/2011 11:08:00,C1018,PC-C1018,C:\docs\report_8.pdf,File Open,False,False,
F-C1018-19-9,05/21/2011 11:09:00,C1018,PC-C1018,C:\docs\report_9.pdf,File Open,False,False,
F-C1018-19-10,05/21/2011 11:10:00,C1018,PC-C1018,C:\docs\report_10.pdf,File Open,False,False,
F-C1018-19-11,05/21/2011 11:11:00,C1018,PC-C1018,C:\docs\report_11.pdf,File Open,False,False,
F-C1018-19-12,05/21/2011 11:12:00,C1018,PC-C1018,C:\docs\report_12.pdf,File Open,False,False,
F-C1018-19-13,05/21/2011 11:13:00,C1018,PC-C1018,C:\docs\report_13.pdf,File Open,False,False,
F-C1018-19-14,05/21/2011 11:14:00,C1018,PC-C1018,C:\docs\report_14.pdf,File Open,False,False,
F-C1018-19-15,05/21/2011 11:15:00,C1018,PC-C1018,C:\docs\report_15.pdf,File Open,False,False,
F-C1018-19-16,05/21/2011 11:16:00,C1018,PC-C1018,C:\docs\report_16.pdf,File Open,False,False,
F-C1018-19-17,05/21/2011 11:17:00,C1018,PC-C1018,C:\docs\report_17.pdf,File Open,False,False,
F-C1018-19-18,05/21/2011 11:18:00,C1018,PC-C1018,C:\docs\report_18.pdf,File Open,False,False,
F-C1018-19-19,05/21/2011 11:19:00,C1018,PC-C1018,C:\docs\report_19.pdf,File Open,False,False,
F-C1018-19-20,05/21/2011 11:20:00,C1018,PC-C1018,C:\docs\report_20.pdf,File Open,False,False,
F-C1018-19-21,05/21/2011 11:21:00,C1018,PC-C1018,C:\docs\report_21.pdf,File Open,False,False,
F-C1018-19-22,05/21/2011 11:22:00,C1018,PC-C1018,C:\docs\report_22.pdf,File Open,False,False,
F-C1018-19-23,05/21/2011 11:23:00,C1018,PC-C1018,C:\docs\report_23.pdf,File Open,False,False,
F-C1018-19-24,05/21/2011 11:24:00,C1018,PC-C1018,C:\docs\report_24.pdf,File Open,False,False,
F-C1018-19-25,05/21/2011 11:25:00,C1018,PC-C1018,C:\docs\report_25.pdf,File Open,False,False,
F-C1018-19-26,05/21/2011 11:26:00,C1018,PC-C1018,C:\docs\report_26.pdf,File Open,False,False,
F-C1018-19-27,05/21/2011 11:27:00,C1018,PC-C1018,C:\docs\report_27.pdf,File Open,False,False,
F-C1018-19-28,05/21/2011 11:28:00,C1018,PC-C1018,C:\docs\report_28.pdf,File Open,False,False,
F-C1018-19-29,05/21/2011 11:29:00,C1018,PC-C1018,C:\docs\report_29.pdf,File Open,False,False,
F-C1018-19-30,05/21/2011 11:30:00,C1018,PC-C1018,C:\docs\report_30.pdf,File Open,False,False,
F-C1018-19-31,05/21/2011 11:31:00,C1018,PC-C1018,C:\docs\report_31.pdf,File Open,False,False,
F-C1018-19-32,05/21/2011 11:32:00,C1018,PC-C1018,C:\docs\report_32.pdf,File Open,False,False,
F-C1018-19-33,05/21/2011 11:33:00,C1018,PC-C1018,C:\docs\report_33.pdf,File Open,False,False,
F-C1018-19-34,05/21/2011 11:34:00,C1018,PC-C1018,C:\docs\report_34.pdf,File Open,False,False,
F-C1018-19-35,05/21/2011 11:35:00,C1018,PC-C1018,C:\docs\report_35.pdf,File Open,False,False,
F-C1018-19-36,05/21/2011 11:36:00,C1018,PC-C1018,C:\docs\report_36.pdf,File Open,False,False,
F-C1018-19-37,05/21/2011 11:37:00,C1018,PC-C1018,C:\docs\report_37.pdf,File Open,False,False,
F-C1019-19-0,05/21/2011 11:00:00,C1019,PC-C1019,C:\docs\report_0.pdf,File Open,False,False,
F-C1019-19-1,05/21/2011 11:01:00,C1019,PC-C1019,C:\docs\report_1.pdf,File Open,False,False,
F-C1019-19-2,05/21/2011 11:02:00,C1019,PC-C1019,C:\docs\report_2.pdf,File Open,False,False,
F-C1019-19-3,05/21/2011 11:03:00,C1019,PC-C1019,C:\docs\report_3.pdf,File Open,False,False,
F-C1019-19-4,05/21/2011 11:04:00,C1019,PC-C1019,C:\docs\report_4.pdf,File Open,False,False,
F-C1019-19-5,05/21/2011 11:05:00,C1019,PC-C1019,C:\docs\report_5.pdf,File Open,False,False,
F-C1019-19-6,05/21/2011 11:06:00,C1019,PC-C1019,C:\docs\report_6.pdf,File Open,False,False,
F-C1019-19-7,05/21/2011 11:07:00,C1019,PC-C1019,C:\docs\report_7.pdf,File Open,False,False,
F-C1019-19-8,05/21/2011 11:08:00,C1019,PC-C1019,C:\docs\report_8.pdf,File Open,False,False,
F-C1019-19-9,05/21/2011 11:09:00,C1019,PC-C1019,C:\docs\report_9.pdf,File Open,False,False,
F-C1000-20-0,05/22/2011 11:00:00,C1000,PC-C1000,R:\docs\confidential_export_0.pdf,File Copy,True,False,
F-C1000-20-1,05/22/2011 11:01:00,C1000,PC-C1000,R:\docs\confidential_export_1.pdf,File Copy,True,False,
F-C1000-20-2,05/22/2011 11:02:00,C1000,PC-C1000,R:\docs\confidential_export_2.pdf,File Copy,True,False,
F-C1000-20-3,05/22/2011 11:03:00,C1000,PC-C1000,R:\docs\confidential_export_3.pdf,File Copy,True,False,
F-C1000-20-4,05/22/2011 11:04:00,C1000,PC-C1000,R:\docs\confidential_export_4.pdf,File Copy,True,False,
F-C1000-20-5,05/22/2011 11:05:00,C1000,PC-C1000,R:\docs\confidential_export_5.pdf,File Copy,True,False,
F-C1000-20-6,05/22/2011 11:06:00,C1000,PC-C1000,R:\docs\confidential_export_6.pdf,File Copy,True,False,
F-C1000-20-7,05/22/2011 11:07:00,C1000,PC-C1000,R:\docs\confidential_export_7.pdf,File Copy,True,False,
F-C1000-20-8,05/22/2011 11:08:00,C1000,PC-C1000,R:\docs\confidential_export_8.pdf,File Copy,True,False,
F-C1000-20-9,05/22/2011 11:09:00,C1000,PC-C1000,R:\docs\confidential_export_9.pdf,File Copy,True,False,
F-C1000-20-10,05/22/2011 11:10:00,C1000,PC-C1000,R:\docs\confidential_export_10.pdf,File Copy,True,False,
F-C1000-20-11,05/22/2011 11:11:00,C1000,PC-C1000,C:\docs\report_11.pdf,File Open,False,False,
F-C1000-20-12,05/22/2011 11:12:00,C1000,PC-C1000,C:\docs\report_12.pdf,File Open,False,False,
F-C1000-20-13,05/22/2011 11:13:00,C1000,PC-C1000,C:\docs\report_13.pdf,File Open,False,False,
F-C1000-20-14,05/22/2011 11:14:00,C1000,PC-C1000,C:\docs\report_14.pdf,File Open,False,False,
F-C1000-20-15,05/22/2011 11:15:00,C1000,PC-C1000,C:\docs\report_15.pdf,File Open,False,False,
F-C1000-20-16,05/22/2011 11:16:00,C1000,PC-C1000,C:\docs\report_16.pdf,File Open,False,False,
F-C1000-20-17,05/22/2011 11:17:00,C1000,PC-C1000,C:\docs\report_17.pdf,File Open,False,False,
F-C1000-20-18,05/22/2011 11:18:00,C1000,PC-C1000,C:\docs\report_18.pdf,File Open,False,False,
F-C1000-20-19,05/22/2011 11:19:00,C1000,PC-C1000,C:\docs\report_19.pdf,File Open,False,False,
F-C1000-20-20,05/22/2011 11:20:00,C1000,PC-C1000,C:\docs\report_20.pdf,File Open,False,False,
F-C1000-20-21,05/22/2011 11:21:00,C1000,PC-C1000,C:\docs\report_21.pdf,File Open,False,False,
F-C1000-20-22,05/22/2011 11:22:00,C1000,PC-C1000,C:\docs\report_22.pdf,File Open,False,False,
F-C1000-20-23,05/22/2011 11:23:00,C1000,PC-C1000,C:\docs\report_23.pdf,File Open,False,False,
F-C1000-20-24,05/22/2011 11:24:00,C1000,PC-C1000,C:\docs\report_24.pdf,File Open,False,False,
F-C1000-20-25,05/22/2011 11:25:00,C1000,PC-C1000,C:\docs\report_25.pdf,File Open,False,False,
F-C1000-20-26,05/22/2011 11:26:00,C1000,PC-C1000,C:\docs\report_26.pdf,File Open,False,False,
F-C1000-20-27,05/22/2011 11:27:00,C1000,PC-C1000,C:\docs\report_27.pdf,File Open,False,False,
F-C1000-20-28,05/22/2011 11:28:00,C1000,PC-C1000,C:\docs\report_28.pdf,File Open,False,False,
F-C1000-20-29,05/22/2011 11:29:00,C1000,PC-C1000,C:\docs\report_29.pdf,File Open,False,False,
F-C1000-20-30,05/22/2011 11:30:00,C1000,PC-C1000,C:\docs\report_30.pdf,File Open,False,False,
F-C1000-20-31,05/22/2011 11:31:00,C1000,PC-C1000,C:\docs\report_31.pdf,File Open,False,False,
F-C1000-20-32,05/22/2011 11:32:00,C1000,PC-C1000,C:\docs\report_32.pdf,File Open,False,False,
F-C1000-20-33,05/22/2011 11:33:00,C1000,PC-C1000,C:\docs\report_33.pdf,File Open,False,False,
F-C1000-20-34,05/22/2011 11:34:00,C1000,PC-C1000,C:\docs\report_34.pdf,File Open,False,False,
F-C1000-20-35,05/22/2011 11:35:00,C1000,PC-C1000,C:\docs\report_35.pdf,File Open,False,False,
F-C1000-20-36,05/22/2011 11:36:00,C1000,PC-C1000,C:\docs\report_36.pdf,File Open,False,False,
F-C1000-20-37,05/22/2011 11:37:00,C1000,PC-C1000,C:\docs\report_37.pdf,File Open,False,False,
F-C1000-20-38,05/22/2011 11:38:00,C1000,PC-C1000,C:\docs\report_38.pdf,File Open,False,False,
F-C1000-20-39,05/22/2011 11:39:00,C1000,PC-C1000,C:\docs\report_39.pdf,File Open,False,False,
F-C1000-20-40,05/22/2011 11:40:00,C1000,PC-C1000,C:\docs\report_40.pdf,File Open,False,False,
F-C1000-20-41,05/22/2011 11:41:00,C1000,PC-C1000,C:\docs\report_41.pdf,File Open,False,False,
F-C1000-20-42,05/22/2011 11:42:00,C1000,PC-C1000,C:\docs\report_42.pdf,File Open,False,False,
F-C1000-20-43,05/22/2011 11:43:00,C1000,PC-C1000,C:\docs\report_43.pdf,File Open,False,False,
F-C1001-20-0,05/22/2011 11:00:00,C1001,PC-C1001,C:\docs\report_0.pdf,File Open,False,False,
F-C1001-20-1,05/22/2011 11:01:00,C1001,PC-C1001,C:\docs\report_1.pdf,File Open,False,False,
F-C1001-20-2,05/22/2011 11:02:00,C1001,PC-C1001,C:\docs\report_2.pdf,File Open,False,False,
F-C1001-20-3,05/22/2011 11:03:00,C1001,PC-C1001,C:\docs\report_3.pdf,File Open,False,False,
F-C1001-20-4,05/22/2011 11:04:00,C1001,PC-C1001,C:\docs\report_4.pdf,File Open,False,False,
F-C1001-20-5,05/22/2011 11:05:00,C1001,PC-C1001,C:\docs\report_5.pdf,File Open,False,False,
F-C1001-20-6,05/22/2011 11:06:00,C1001,PC-C1001,C:\docs\report_6.pdf,File Open,False,False,
F-C1001-20-7,05/22/2011 11:07:00,C1001,PC-C1001,C:\docs\report_7.pdf,File Open,False,False,
F-C1002-20-0,05/22/2011 11:00:00,C1002,PC-C1002,C:\docs\report_0.pdf,File Open,False,False,
F-C1002-20-1,05/22/2011 11:01:00,C1002,PC-C1002,C:\docs\report_1.pdf,File Open,False,False,
F-C1002-20-2,05/22/2011 11:02:00,C1002,PC-C1002,C:\docs\report_2.pdf,File Open,False,False,
F-C1002-20-3,05/22/2011 11:03:00,C1002,PC-C1002,C:\docs\report_3.pdf,File Open,False,False,
F-C1002-20-4,05/22/2011 11:04:00,C1002,PC-C1002,C:\docs\report_4.pdf,File Open,False,False,
F-C1002-20-5,05/22/2011 11:05:00,C1002,PC-C1002,C:\docs\report_5.pdf,File Open,False,False,
F-C1002-20-6,05/22/2011 11:06:00,C1002,PC-C1002,C:\docs\report_6.pdf,File Open,False,False,
F-C1002-20-7,05/22/2011 11:07:00,C1002,PC-C1002,C:\docs\report_7.pdf,File Open,False,False,
F-C1002-20-8,05/22/2011 11:08:00,C1002,PC-C1002,C:\docs\report_8.pdf,File Open,False,False,
F-C1003-20-0,05/22/2011 11:00:00,C1003,PC-C1003,C:\docs\report_0.pdf,File Open,False,False,
F-C1003-20-1,05/22/2011 11:01:00,C1003,PC-C1003,C:\docs\report_1.pdf,File Open,False,False,
F-C1003-20-2,05/22/2011 11:02:00,C1003,PC-C1003,C:\docs\report_2.pdf,File Open,False,False,
F-C1003-20-3,05/22/2011 11:03:00,C1003,PC-C1003,C:\docs\report_3.pdf,File Open,False,False,
F-C1003-20-4,05/22/2011 11:04:00,C1003,PC-C1003,C:\docs\report_4.pdf,File Open,False,False,
F-C1003-20-5,05/22/2011 11:05:00,C1003,PC-C1003,C:\docs\report_5.pdf,File Open,False,False,
F-C1003-20-6,05/22/2011 11:06:00,C1003,PC-C1003,C:\docs\report_6.pdf,File Open,False,False,
F-C1003-20-7,05/22/2011 11:07:00,C1003,PC-C1003,C:\docs\report_7.pdf,File Open,False,False,
F-C1003-20-8,05/22/2011 11:08:00,C1003,PC-C1003,C:\docs\report_8.pdf,File Open,False,False,
F-C1003-20-9,05/22/2011 11:09:00,C1003,PC-C1003,C:\docs\report_9.pdf,File Open,False,False,
F-C1004-20-0,05/22/2011 11:00:00,C1004,PC-C1004,C:\docs\report_0.pdf,File Open,False,False,
F-C1004-20-1,05/22/2011 11:01:00,C1004,PC-C1004,C:\docs\report_1.pdf,File Open,False,False,
F-C1004-20-2,05/22/2011 11:02:00,C1004,PC-C1004,C:\docs\report_2.pdf,File Open,False,False,
F-C1004-20-3,05/22/2011 11:03:00,C1004,PC-C1004,C:\docs\report_3.pdf,File Open,False,False,
F-C1004-20-4,05/22/2011 11:04:00,C1004,PC-C1004,C:\docs\report_4.pdf,File Open,False,False,
F-C1004-20-5,05/22/2011 11:05:00,C1004,PC-C1004,C:\docs\report_5.pdf,File Open,False,False,
F-C1004-20-6,05/22/2011 11:06:00,C1004,PC-C1004,C:\docs\report_6.pdf,File Open,False,False,
F-C1004-20-7,05/22/2011 11:07:00,C1004,PC-C1004,C:\docs\report_7.pdf,File Open,False,False,
F-C1005-20-0,05/22/2011 11:00:00,C1005,PC-C1005,C:\docs\report_0.pdf,File Open,False,False,
F-C1005-20-1,05/22/2011 11:01:00,C1005,PC-C1005,C:\docs\report_1.pdf,File Open,False,False,
F-C1005-20-2,05/22/2011 11:02:00,C1005,PC-C1005,C:\docs\report_2.pdf,File Open,False,False,
F-C1005-20-3,05/22/2011 11:03:00,C1005,PC-C1005,C:\docs\report_3.pdf,File Open,False,False,
F-C1005-20-4,05/22/2011 11:04:00,C1005,PC-C1005,C:\docs\report_4.pdf,File Open,False,False,
F-C1005-20-5,05/22/2011 11:05:00,C1005,PC-C1005,C:\docs\report_5.pdf,File Open,False,False,
F-C1005-20-6,05/22/2011 11:06:00,C1005,PC-C1005,C:\docs\report_6.pdf,File Open,False,False,
F-C1005-20-7,05/22/2011 11:07:00,C1005,PC-C1005,C:\docs\report_7.pdf,File Open,False,False,
F-C1005-20-8,05/22/2011 11:08:00,C1005,PC-C1005,C:\docs\report_8.pdf,File Open,False,False,
F-C1006-20-0,05/22/2011 11:00:00,C1006,PC-C1006,C:\docs\report_0.pdf,File Open,False,False,
F-C1006-20-1,05/22/2011 11:01:00,C1006,PC-C1006,C:\docs\report_1.pdf,File Open,False,False,
F-C1006-20-2,05/22/2011 11:02:00,C1006,PC-C1006,C:\docs\report_2.pdf,File Open,False,False,
F-C1006-20-3,05/22/2011 11:03:00,C1006,PC-C1006,C:\docs\report_3.pdf,File Open,False,False,
F-C1006-20-4,05/22/2011 11:04:00,C1006,PC-C1006,C:\docs\report_4.pdf,File Open,False,False,
F-C1006-20-5,05/22/2011 11:05:00,C1006,PC-C1006,C:\docs\report_5.pdf,File Open,False,False,
F-C1006-20-6,05/22/2011 11:06:00,C1006,PC-C1006,C:\docs\report_6.pdf,File Open,False,False,
F-C1006-20-7,05/22/2011 11:07:00,C1006,PC-C1006,C:\docs\report_7.pdf,File Open,False,False,
F-C1006-20-8,05/22/2011 11:08:00,C1006,PC-C1006,C:\docs\report_8.pdf,File Open,False,False,
F-C1006-20-9,05/22/2011 11:09:00,C1006,PC-C1006,C:\docs\report_9.pdf,File Open,False,False,
F-C1007-20-0,05/22/2011 11:00:00,C1007,PC-C1007,C:\docs\report_0.pdf,File Open,False,False,
F-C1007-20-1,05/22/2011 11:01:00,C1007,PC-C1007,C:\docs\report_1.pdf,File Open,False,False,
F-C1007-20-2,05/22/2011 11:02:00,C1007,PC-C1007,C:\docs\report_2.pdf,File Open,False,False,
F-C1007-20-3,05/22/2011 11:03:00,C1007,PC-C1007,C:\docs\report_3.pdf,File Open,False,False,
F-C1007-20-4,05/22/2011 11:04:00,C1007,PC-C1007,C:\docs\report_4.pdf,File Open,False,False,
F-C1007-20-5,05/22/2011 11:05:00,C1007,PC-C1007,C:\docs\report_5.pdf,File Open,False,False,
F-C1007-20-6,05/22/2011 11:06:00,C1007,PC-C1007,C:\docs\report_6.pdf,File Open,False,False,
F-C1007-20-7,05/22/2011 11:07:00,C1007,PC-C1007,C:\docs\report_7.pdf,File Open,False,False,
F-C1007-20-8,05/22/2011 11:08:00,C1007,PC-C1007,C:\docs\report_8.pdf,File Open,False,False,
F-C1007-20-9,05/22/2011 11:09:00,C1007,PC-C1007,C:\docs\report_9.pdf,File Open,False,False,
F-C1007-20-10,05/22/2011 11:10:00,C1007,PC-C1007,C:\docs\report_10.pdf,File Open,False,False,
F-C1007-20-11,05/22/2011 11:11:00,C1007,PC-C1007,C:\docs\report_11.pdf,File Open,False,False,
F-C1007-20-12,05/22/2011 11:12:00,C1007,PC-C1007,C:\docs\report_12.pdf,File Open,False,False,
F-C1007-20-13,05/22/2011 11:13:00,C1007,PC-C1007,C:\docs\report_13.pdf,File Open,False,False,
F-C1007-20-14,05/22/2011 11:14:00,C1007,PC-C1007,C:\docs\report_14.pdf,File Open,False,False,
F-C1007-20-15,05/22/2011 11:15:00,C1007,PC-C1007,C:\docs\report_15.pdf,File Open,False,False,
F-C1007-20-16,05/22/2011 11:16:00,C1007,PC-C1007,C:\docs\report_16.pdf,File Open,False,False,
F-C1007-20-17,05/22/2011 11:17:00,C1007,PC-C1007,C:\docs\report_17.pdf,File Open,False,False,
F-C1007-20-18,05/22/2011 11:18:00,C1007,PC-C1007,C:\docs\report_18.pdf,File Open,False,False,
F-C1007-20-19,05/22/2011 11:19:00,C1007,PC-C1007,C:\docs\report_19.pdf,File Open,False,False,
F-C1007-20-20,05/22/2011 11:20:00,C1007,PC-C1007,C:\docs\report_20.pdf,File Open,False,False,
F-C1007-20-21,05/22/2011 11:21:00,C1007,PC-C1007,C:\docs\report_21.pdf,File Open,False,False,
F-C1007-20-22,05/22/2011 11:22:00,C1007,PC-C1007,C:\docs\report_22.pdf,File Open,False,False,
F-C1007-20-23,05/22/2011 11:23:00,C1007,PC-C1007,C:\docs\report_23.pdf,File Open,False,False,
F-C1007-20-24,05/22/2011 11:24:00,C1007,PC-C1007,C:\docs\report_24.pdf,File Open,False,False,
F-C1007-20-25,05/22/2011 11:25:00,C1007,PC-C1007,C:\docs\report_25.pdf,File Open,False,False,
F-C1008-20-0,05/22/2011 11:00:00,C1008,PC-C1008,C:\docs\report_0.pdf,File Open,False,False,
F-C1008-20-1,05/22/2011 11:01:00,C1008,PC-C1008,C:\docs\report_1.pdf,File Open,False,False,
F-C1008-20-2,05/22/2011 11:02:00,C1008,PC-C1008,C:\docs\report_2.pdf,File Open,False,False,
F-C1008-20-3,05/22/2011 11:03:00,C1008,PC-C1008,C:\docs\report_3.pdf,File Open,False,False,
F-C1008-20-4,05/22/2011 11:04:00,C1008,PC-C1008,C:\docs\report_4.pdf,File Open,False,False,
F-C1008-20-5,05/22/2011 11:05:00,C1008,PC-C1008,C:\docs\report_5.pdf,File Open,False,False,
F-C1008-20-6,05/22/2011 11:06:00,C1008,PC-C1008,C:\docs\report_6.pdf,File Open,False,False,
F-C1008-20-7,05/22/2011 11:07:00,C1008,PC-C1008,C:\docs\report_7.pdf,File Open,False,False,
F-C1008-20-8,05/22/2011 11:08:00,C1008,PC-C1008,C:\docs\report_8.pdf,File Open,False,False,
F-C1009-20-0,05/22/2011 11:00:00,C1009,PC-C1009,C:\docs\report_0.pdf,File Open,False,False,
F-C1009-20-1,05/22/2011 11:01:00,C1009,PC-C1009,C:\docs\report_1.pdf,File Open,False,False,
F-C1009-20-2,05/22/2011 11:02:00,C1009,PC-C1009,C:\docs\report_2.pdf,File Open,False,False,
F-C1009-20-3,05/22/2011 11:03:00,C1009,PC-C1009,C:\docs\report_3.pdf,File Open,False,False,
F-C1009-20-4,05/22/2011 11:04:00,C1009,PC-C1009,C:\docs\report_4.pdf,File Open,False,False,
F-C1009-20-5,05/22/2011 11:05:00,C1009,PC-C1009,C:\docs\report_5.pdf,File Open,False,False,
F-C1009-20-6,05/22/2011 11:06:00,C1009,PC-C1009,C:\docs\report_6.pdf,File Open,False,False,
F-C1009-20-7,05/22/2011 11:07:00,C1009,PC-C1009,C:\docs\report_7.pdf,File Open,False,False,
F-C1009-20-8,05/22/2011 11:08:00,C1009,PC-C1009,C:\docs\report_8.pdf,File Open,False,False,
F-C1009-20-9,05/22/2011 11:09:00,C1009,PC-C1009,C:\docs\report_9.pdf,File Open,False,False,
F-C1010-20-0,05/22/2011 11:00:00,C1010,PC-C1010,C:\docs\report_0.pdf,File Open,False,False,
F-C1010-20-1,05/22/2011 11:01:00,C1010,PC-C1010,C:\docs\report_1.pdf,File Open,False,False,
F-C1010-20-2,05/22/2011 11:02:00,C1010,PC-C1010,C:\docs\report_2.pdf,File Open,False,False,
F-C1010-20-3,05/22/2011 11:03:00,C1010,PC-C1010,C:\docs\report_3.pdf,File Open,False,False,
F-C1010-20-4,05/22/2011 11:04:00,C1010,PC-C1010,C:\docs\report_4.pdf,File Open,False,False,
F-C1010-20-5,05/22/2011 11:05:00,C1010,PC-C1010,C:\docs\report_5.pdf,File Open,False,False,
F-C1010-20-6,05/22/2011 11:06:00,C1010,PC-C1010,C:\docs\report_6.pdf,File Open,False,False,
F-C1010-20-7,05/22/2011 11:07:00,C1010,PC-C1010,C:\docs\report_7.pdf,File Open,False,False,
F-C1011-20-0,05/22/2011 11:00:00,C1011,PC-C1011,C:\docs\report_0.pdf,File Open,False,False,
F-C1011-20-1,05/22/2011 11:01:00,C1011,PC-C1011,C:\docs\report_1.pdf,File Open,False,False,
F-C1011-20-2,05/22/2011 11:02:00,C1011,PC-C1011,C:\docs\report_2.pdf,File Open,False,False,
F-C1011-20-3,05/22/2011 11:03:00,C1011,PC-C1011,C:\docs\report_3.pdf,File Open,False,False,
F-C1011-20-4,05/22/2011 11:04:00,C1011,PC-C1011,C:\docs\report_4.pdf,File Open,False,False,
F-C1011-20-5,05/22/2011 11:05:00,C1011,PC-C1011,C:\docs\report_5.pdf,File Open,False,False,
F-C1011-20-6,05/22/2011 11:06:00,C1011,PC-C1011,C:\docs\report_6.pdf,File Open,False,False,
F-C1011-20-7,05/22/2011 11:07:00,C1011,PC-C1011,C:\docs\report_7.pdf,File Open,False,False,
F-C1011-20-8,05/22/2011 11:08:00,C1011,PC-C1011,C:\docs\report_8.pdf,File Open,False,False,
F-C1012-20-0,05/22/2011 11:00:00,C1012,PC-C1012,C:\docs\report_0.pdf,File Open,False,False,
F-C1012-20-1,05/22/2011 11:01:00,C1012,PC-C1012,C:\docs\report_1.pdf,File Open,False,False,
F-C1012-20-2,05/22/2011 11:02:00,C1012,PC-C1012,C:\docs\report_2.pdf,File Open,False,False,
F-C1012-20-3,05/22/2011 11:03:00,C1012,PC-C1012,C:\docs\report_3.pdf,File Open,False,False,
F-C1012-20-4,05/22/2011 11:04:00,C1012,PC-C1012,C:\docs\report_4.pdf,File Open,False,False,
F-C1012-20-5,05/22/2011 11:05:00,C1012,PC-C1012,C:\docs\report_5.pdf,File Open,False,False,
F-C1012-20-6,05/22/2011 11:06:00,C1012,PC-C1012,C:\docs\report_6.pdf,File Open,False,False,
F-C1012-20-7,05/22/2011 11:07:00,C1012,PC-C1012,C:\docs\report_7.pdf,File Open,False,False,
F-C1012-20-8,05/22/2011 11:08:00,C1012,PC-C1012,C:\docs\report_8.pdf,File Open,False,False,
F-C1012-20-9,05/22/2011 11:09:00,C1012,PC-C1012,C:\docs\report_9.pdf,File Open,False,False,
F-C1013-20-0,05/22/2011 11:00:00,C1013,PC-C1013,C:\docs\report_0.pdf,File Open,False,False,
F-C1013-20-1,05/22/2011 11:01:00,C1013,PC-C1013,C:\docs\report_1.pdf,File Open,False,False,
F-C1013-20-2,05/22/2011 11:02:00,C1013,PC-C1013,C:\docs\report_2.pdf,File Open,False,False,
F-C1013-20-3,05/22/2011 11:03:00,C1013,PC-C1013,C:\docs\report_3.pdf,File Open,False,False,
F-C1013-20-4,05/22/2011 11:04:00,C1013,PC-C1013,C:\docs\report_4.pdf,File Open,False,False,
F-C1013-20-5,05/22/2011 11:05:00,C1013,PC-C1013,C:\docs\report_5.pdf,File Open,False,False,
F-C1013-20-6,05/22/2011 11:06:00,C1013,PC-C1013,C:\docs\report_6.pdf,File Open,False,False,
F-C1013-20-7,05/22/2011 11:07:00,C1013,PC-C1013,C:\docs\report_7.pdf,File Open,False,False,
F-C1014-20-0,05/22/2011 11:00:00,C1014,PC-C1014,C:\docs\report_0.pdf,File Open,False,False,
F-C1014-20-1,05/22/2011 11:01:00,C1014,PC-C1014,C:\docs\report_1.pdf,File Open,False,False,
F-C1014-20-2,05/22/2011 11:02:00,C1014,PC-C1014,C:\docs\report_2.pdf,File Open,False,False,
F-C1014-20-3,05/22/2011 11:03:00,C1014,PC-C1014,C:\docs\report_3.pdf,File Open,False,False,
F-C1014-20-4,05/22/2011 11:04:00,C1014,PC-C1014,C:\docs\report_4.pdf,File Open,False,False,
F-C1014-20-5,05/22/2011 11:05:00,C1014,PC-C1014,C:\docs\report_5.pdf,File Open,False,False,
F-C1014-20-6,05/22/2011 11:06:00,C1014,PC-C1014,C:\docs\report_6.pdf,File Open,False,False,
F-C1014-20-7,05/22/2011 11:07:00,C1014,PC-C1014,C:\docs\report_7.pdf,File Open,False,False,
F-C1014-20-8,05/22/2011 11:08:00,C1014,PC-C1014,C:\docs\report_8.pdf,File Open,False,False,
F-C1015-20-0,05/22/2011 11:00:00,C1015,PC-C1015,C:\docs\report_0.pdf,File Open,False,False,
F-C1015-20-1,05/22/2011 11:01:00,C1015,PC-C1015,C:\docs\report_1.pdf,File Open,False,False,
F-C1015-20-2,05/22/2011 11:02:00,C1015,PC-C1015,C:\docs\report_2.pdf,File Open,False,False,
F-C1015-20-3,05/22/2011 11:03:00,C1015,PC-C1015,C:\docs\report_3.pdf,File Open,False,False,
F-C1015-20-4,05/22/2011 11:04:00,C1015,PC-C1015,C:\docs\report_4.pdf,File Open,False,False,
F-C1015-20-5,05/22/2011 11:05:00,C1015,PC-C1015,C:\docs\report_5.pdf,File Open,False,False,
F-C1015-20-6,05/22/2011 11:06:00,C1015,PC-C1015,C:\docs\report_6.pdf,File Open,False,False,
F-C1015-20-7,05/22/2011 11:07:00,C1015,PC-C1015,C:\docs\report_7.pdf,File Open,False,False,
F-C1015-20-8,05/22/2011 11:08:00,C1015,PC-C1015,C:\docs\report_8.pdf,File Open,False,False,
F-C1015-20-9,05/22/2011 11:09:00,C1015,PC-C1015,C:\docs\report_9.pdf,File Open,False,False,
F-C1016-20-0,05/22/2011 11:00:00,C1016,PC-C1016,C:\docs\report_0.pdf,File Open,False,False,
F-C1016-20-1,05/22/2011 11:01:00,C1016,PC-C1016,C:\docs\report_1.pdf,File Open,False,False,
F-C1016-20-2,05/22/2011 11:02:00,C1016,PC-C1016,C:\docs\report_2.pdf,File Open,False,False,
F-C1016-20-3,05/22/2011 11:03:00,C1016,PC-C1016,C:\docs\report_3.pdf,File Open,False,False,
F-C1016-20-4,05/22/2011 11:04:00,C1016,PC-C1016,C:\docs\report_4.pdf,File Open,False,False,
F-C1016-20-5,05/22/2011 11:05:00,C1016,PC-C1016,C:\docs\report_5.pdf,File Open,False,False,
F-C1016-20-6,05/22/2011 11:06:00,C1016,PC-C1016,C:\docs\report_6.pdf,File Open,False,False,
F-C1016-20-7,05/22/2011 11:07:00,C1016,PC-C1016,C:\docs\report_7.pdf,File Open,False,False,
F-C1017-20-0,05/22/2011 11:00:00,C1017,PC-C1017,C:\docs\report_0.pdf,File Open,False,False,
F-C1017-20-1,05/22/2011 11:01:00,C1017,PC-C1017,C:\docs\report_1.pdf,File Open,False,False,
F-C1017-20-2,05/22/2011 11:02:00,C1017,PC-C1017,C:\docs\report_2.pdf,File Open,False,False,
F-C1017-20-3,05/22/2011 11:03:00,C1017,PC-C1017,C:\docs\report_3.pdf,File Open,False,False,
F-C1017-20-4,05/22/2011 11:04:00,C1017,PC-C1017,C:\docs\report_4.pdf,File Open,False,False,
F-C1017-20-5,05/22/2011 11:05:00,C1017,PC-C1017,C:\docs\report_5.pdf,File Open,False,False,
F-C1017-20-6,05/22/2011 11:06:00,C1017,PC-C1017,C:\docs\report_6.pdf,File Open,False,False,
F-C1017-20-7,05/22/2011 11:07:00,C1017,PC-C1017,C:\docs\report_7.pdf,File Open,False,False,
F-C1017-20-8,05/22/2011 11:08:00,C1017,PC-C1017,C:\docs\report_8.pdf,File Open,False,False,
F-C1018-20-0,05/22/2011 11:00:00,C1018,PC-C1018,R:\docs\confidential_export_0.pdf,File Copy,True,False,
F-C1018-20-1,05/22/2011 11:01:00,C1018,PC-C1018,R:\docs\confidential_export_1.pdf,File Copy,True,False,
F-C1018-20-2,05/22/2011 11:02:00,C1018,PC-C1018,R:\docs\confidential_export_2.pdf,File Copy,True,False,
F-C1018-20-3,05/22/2011 11:03:00,C1018,PC-C1018,R:\docs\confidential_export_3.pdf,File Copy,True,False,
F-C1018-20-4,05/22/2011 11:04:00,C1018,PC-C1018,C:\docs\report_4.pdf,File Open,False,False,
F-C1018-20-5,05/22/2011 11:05:00,C1018,PC-C1018,C:\docs\report_5.pdf,File Open,False,False,
F-C1018-20-6,05/22/2011 11:06:00,C1018,PC-C1018,C:\docs\report_6.pdf,File Open,False,False,
F-C1018-20-7,05/22/2011 11:07:00,C1018,PC-C1018,C:\docs\report_7.pdf,File Open,False,False,
F-C1018-20-8,05/22/2011 11:08:00,C1018,PC-C1018,C:\docs\report_8.pdf,File Open,False,False,
F-C1018-20-9,05/22/2011 11:09:00,C1018,PC-C1018,C:\docs\report_9.pdf,File Open,False,False,
F-C1018-20-10,05/22/2011 11:10:00,C1018,PC-C1018,C:\docs\report_10.pdf,File Open,False,False,
F-C1018-20-11,05/22/2011 11:11:00,C1018,PC-C1018,C:\docs\report_11.pdf,File Open,False,False,
F-C1018-20-12,05/22/2011 11:12:00,C1018,PC-C1018,C:\docs\report_12.pdf,File Open,False,False,
F-C1018-20-13,05/22/2011 11:13:00,C1018,PC-C1018,C:\docs\report_13.pdf,File Open,False,False,
F-C1018-20-14,05/22/2011 11:14:00,C1018,PC-C1018,C:\docs\report_14.pdf,File Open,False,False,
F-C1018-20-15,05/22/2011 11:15:00,C1018,PC-C1018,C:\docs\report_15.pdf,File Open,False,False,
F-C1018-20-16,05/22/2011 11:16:00,C1018,PC-C1018,C:\docs\report_16.pdf,File Open,False,False,
F-C1018-20-17,05/22/2011 11:17:00,C1018,PC-C1018,C:\docs\report_17.pdf,File Open,False,False,
F-C1018-20-18,05/22/2011 11:18:00,C1018,PC-C1018,C:\docs\report_18.pdf,File Open,False,False,
F-C1018-20-19,05/22/2011 11:19:00,C1018,PC-C1018,C:\docs\report_19.pdf,File Open,False,False,
F-C1018-20-20,05/22/2011 11:20:00,C1018,PC-C1018,C:\docs\report_20.pdf,File Open,False,False,
F-C1018-20-21,05/22/2011 11:21:00,C1018,PC-C1018,C:\docs\report_21.pdf,File Open,False,False,
F-C1018-20-22,05/22/2011 11:22:00,C1018,PC-C1018,C:\docs\report_22.pdf,File Open,False,False,
F-C1018-20-23,05/22/2011 11:23:00,C1018,PC-C1018,C:\docs\report_23.pdf,File Open,False,False,
F-C1018-20-24,05/22/2011 11:24:00,C1018,PC-C1018,C:\docs\report_24.pdf,File Open,False,False,
F-C1018-20-25,05/22/2011 11:25:00,C1018,PC-C1018,C:\docs\report_25.pdf,File Open,False,False,
F-C1018-20-26,05/22/2011 11:26:00,C1018,PC-C1018,C:\docs\report_26.pdf,File Open,False,False,
F-C1018-20-27,05/22/2011 11:27:00,C1018,PC-C1018,C:\docs\report_27.pdf,File Open,False,False,
F-C1018-20-28,05/22/2011 11:28:00,C1018,PC-C1018,C:\docs\report_28.pdf,File Open,False,False,
F-C1018-20-29,05/22/2011 11:29:00,C1018,PC-C1018,C:\docs\report_29.pdf,File Open,False,False,
F-C1018-20-30,05/22/2011 11:30:00,C1018,PC-C1018,C:\docs\report_30.pdf,File Open,False,False,
F-C1018-20-31,05/22/2011 11:31:00,C1018,PC-C1018,C:\docs\report_31.pdf,File Open,False,False,
F-C1018-20-32,05/22/2011 11:32:00,C1018,PC-C1018,C:\docs\report_32.pdf,File Open,False,False,
F-C1018-20-33,05/22/2011 11:33:00,C1018,PC-C1018,C:\docs\report_33.pdf,File Open,False,False,
F-C1018-20-34,05/22/2011 11:34:00,C1018,PC-C1018,C:\docs\report_34.pdf,File Open,False,False,
F-C1018-20-35,05/22/2011 11:35:00,C1018,PC-C1018,C:\docs\report_35.pdf,File Open,False,False,
F-C1018-20-36,05/22/2011 11:36:00,C1018,PC-C1018,C:\docs\report_36.pdf,File Open,False,False,
F-C1018-20-37,05/22/2011 11:37:00,C1018,PC-C1018,C:\docs\report_37.pdf,File Open,False,False,
F-C1018-20-38,05/22/2011 11:38:00,C1018,PC-C1018,C:\docs\report_38.pdf,File Open,False,False,
F-C1018-20-39,05/22/2011 11:39:00,C1018,PC-C1018,C:\docs\report_39.pdf,File Open,False,False,
F-C1019-20-0,05/22/2011 11:00:00,C1019,PC-C1019,C:\docs\report_0.pdf,File Open,False,False,
F-C1019-20-1,05/22/2011 11:01:00,C1019,PC-C1019,C:\docs\report_1.pdf,File Open,False,False,
F-C1019-20-2,05/22/2011 11:02:00,C1019,PC-C1019,C:\docs\report_2.pdf,File Open,False,False,
F-C1019-20-3,05/22/2011 11:03:00,C1019,PC-C1019,C:\docs\report_3.pdf,File Open,False,False,
F-C1019-20-4,05/22/2011 11:04:00,C1019,PC-C1019,C:\docs\report_4.pdf,File Open,False,False,
F-C1019-20-5,05/22/2011 11:05:00,C1019,PC-C1019,C:\docs\report_5.pdf,File Open,False,False,
F-C1019-20-6,05/22/2011 11:06:00,C1019,PC-C1019,C:\docs\report_6.pdf,File Open,False,False,
F-C1019-20-7,05/22/2011 11:07:00,C1019,PC-C1019,C:\docs\report_7.pdf,File Open,False,False,
F-C1000-21-0,05/23/2011 11:00:00,C1000,PC-C1000,R:\docs\confidential_export_0.pdf,File Copy,True,False,
F-C1000-21-1,05/23/2011 11:01:00,C1000,PC-C1000,R:\docs\confidential_export_1.pdf,File Copy,True,False,
F-C1000-21-2,05/23/2011 11:02:00,C1000,PC-C1000,R:\docs\confidential_export_2.pdf,File Copy,True,False,
F-C1000-21-3,05/23/2011 11:03:00,C1000,PC-C1000,R:\docs\confidential_export_3.pdf,File Copy,True,False,
F-C1000-21-4,05/23/2011 11:04:00,C1000,PC-C1000,R:\docs\confidential_export_4.pdf,File Copy,True,False,
F-C1000-21-5,05/23/2011 11:05:00,C1000,PC-C1000,R:\docs\confidential_export_5.pdf,File Copy,True,False,
F-C1000-21-6,05/23/2011 11:06:00,C1000,PC-C1000,R:\docs\confidential_export_6.pdf,File Copy,True,False,
F-C1000-21-7,05/23/2011 11:07:00,C1000,PC-C1000,R:\docs\confidential_export_7.pdf,File Copy,True,False,
F-C1000-21-8,05/23/2011 11:08:00,C1000,PC-C1000,R:\docs\confidential_export_8.pdf,File Copy,True,False,
F-C1000-21-9,05/23/2011 11:09:00,C1000,PC-C1000,R:\docs\confidential_export_9.pdf,File Copy,True,False,
F-C1000-21-10,05/23/2011 11:10:00,C1000,PC-C1000,R:\docs\confidential_export_10.pdf,File Copy,True,False,
F-C1000-21-11,05/23/2011 11:11:00,C1000,PC-C1000,R:\docs\confidential_export_11.pdf,File Copy,True,False,
F-C1000-21-12,05/23/2011 11:12:00,C1000,PC-C1000,C:\docs\report_12.pdf,File Open,False,False,
F-C1000-21-13,05/23/2011 11:13:00,C1000,PC-C1000,C:\docs\report_13.pdf,File Open,False,False,
F-C1000-21-14,05/23/2011 11:14:00,C1000,PC-C1000,C:\docs\report_14.pdf,File Open,False,False,
F-C1000-21-15,05/23/2011 11:15:00,C1000,PC-C1000,C:\docs\report_15.pdf,File Open,False,False,
F-C1000-21-16,05/23/2011 11:16:00,C1000,PC-C1000,C:\docs\report_16.pdf,File Open,False,False,
F-C1000-21-17,05/23/2011 11:17:00,C1000,PC-C1000,C:\docs\report_17.pdf,File Open,False,False,
F-C1000-21-18,05/23/2011 11:18:00,C1000,PC-C1000,C:\docs\report_18.pdf,File Open,False,False,
F-C1000-21-19,05/23/2011 11:19:00,C1000,PC-C1000,C:\docs\report_19.pdf,File Open,False,False,
F-C1000-21-20,05/23/2011 11:20:00,C1000,PC-C1000,C:\docs\report_20.pdf,File Open,False,False,
F-C1000-21-21,05/23/2011 11:21:00,C1000,PC-C1000,C:\docs\report_21.pdf,File Open,False,False,
F-C1000-21-22,05/23/2011 11:22:00,C1000,PC-C1000,C:\docs\report_22.pdf,File Open,False,False,
F-C1000-21-23,05/23/2011 11:23:00,C1000,PC-C1000,C:\docs\report_23.pdf,File Open,False,False,
F-C1000-21-24,05/23/2011 11:24:00,C1000,PC-C1000,C:\docs\report_24.pdf,File Open,False,False,
F-C1000-21-25,05/23/2011 11:25:00,C1000,PC-C1000,C:\docs\report_25.pdf,File Open,False,False,
F-C1000-21-26,05/23/2011 11:26:00,C1000,PC-C1000,C:\docs\report_26.pdf,File Open,False,False,
F-C1000-21-27,05/23/2011 11:27:00,C1000,PC-C1000,C:\docs\report_27.pdf,File Open,False,False,
F-C1000-21-28,05/23/2011 11:28:00,C1000,PC-C1000,C:\docs\report_28.pdf,File Open,False,False,
F-C1000-21-29,05/23/2011 11:29:00,C1000,PC-C1000,C:\docs\report_29.pdf,File Open,False,False,
F-C1000-21-30,05/23/2011 11:30:00,C1000,PC-C1000,C:\docs\report_30.pdf,File Open,False,False,
F-C1000-21-31,05/23/2011 11:31:00,C1000,PC-C1000,C:\docs\report_31.pdf,File Open,False,False,
F-C1000-21-32,05/23/2011 11:32:00,C1000,PC-C1000,C:\docs\report_32.pdf,File Open,False,False,
F-C1000-21-33,05/23/2011 11:33:00,C1000,PC-C1000,C:\docs\report_33.pdf,File Open,False,False,
F-C1000-21-34,05/23/2011 11:34:00,C1000,PC-C1000,C:\docs\report_34.pdf,File Open,False,False,
F-C1000-21-35,05/23/2011 11:35:00,C1000,PC-C1000,C:\docs\report_35.pdf,File Open,False,False,
F-C1000-21-36,05/23/2011 11:36:00,C1000,PC-C1000,C:\docs\report_36.pdf,File Open,False,False,
F-C1000-21-37,05/23/2011 11:37:00,C1000,PC-C1000,C:\docs\report_37.pdf,File Open,False,False,
F-C1000-21-38,05/23/2011 11:38:00,C1000,PC-C1000,C:\docs\report_38.pdf,File Open,False,False,
F-C1000-21-39,05/23/2011 11:39:00,C1000,PC-C1000,C:\docs\report_39.pdf,File Open,False,False,
F-C1000-21-40,05/23/2011 11:40:00,C1000,PC-C1000,C:\docs\report_40.pdf,File Open,False,False,
F-C1000-21-41,05/23/2011 11:41:00,C1000,PC-C1000,C:\docs\report_41.pdf,File Open,False,False,
F-C1000-21-42,05/23/2011 11:42:00,C1000,PC-C1000,C:\docs\report_42.pdf,File Open,False,False,
F-C1000-21-43,05/23/2011 11:43:00,C1000,PC-C1000,C:\docs\report_43.pdf,File Open,False,False,
F-C1000-21-44,05/23/2011 11:44:00,C1000,PC-C1000,C:\docs\report_44.pdf,File Open,False,False,
F-C1000-21-45,05/23/2011 11:45:00,C1000,PC-C1000,C:\docs\report_45.pdf,File Open,False,False,
F-C1001-21-0,05/23/2011 11:00:00,C1001,PC-C1001,C:\docs\report_0.pdf,File Open,False,False,
F-C1001-21-1,05/23/2011 11:01:00,C1001,PC-C1001,C:\docs\report_1.pdf,File Open,False,False,
F-C1001-21-2,05/23/2011 11:02:00,C1001,PC-C1001,C:\docs\report_2.pdf,File Open,False,False,
F-C1001-21-3,05/23/2011 11:03:00,C1001,PC-C1001,C:\docs\report_3.pdf,File Open,False,False,
F-C1001-21-4,05/23/2011 11:04:00,C1001,PC-C1001,C:\docs\report_4.pdf,File Open,False,False,
F-C1001-21-5,05/23/2011 11:05:00,C1001,PC-C1001,C:\docs\report_5.pdf,File Open,False,False,
F-C1001-21-6,05/23/2011 11:06:00,C1001,PC-C1001,C:\docs\report_6.pdf,File Open,False,False,
F-C1001-21-7,05/23/2011 11:07:00,C1001,PC-C1001,C:\docs\report_7.pdf,File Open,False,False,
F-C1001-21-8,05/23/2011 11:08:00,C1001,PC-C1001,C:\docs\report_8.pdf,File Open,False,False,
F-C1002-21-0,05/23/2011 11:00:00,C1002,PC-C1002,C:\docs\report_0.pdf,File Open,False,False,
F-C1002-21-1,05/23/2011 11:01:00,C1002,PC-C1002,C:\docs\report_1.pdf,File Open,False,False,
F-C1002-21-2,05/23/2011 11:02:00,C1002,PC-C1002,C:\docs\report_2.pdf,File Open,False,False,
F-C1002-21-3,05/23/2011 11:03:00,C1002,PC-C1002,C:\docs\report_3.pdf,File Open,False,False,
F-C1002-21-4,05/23/2011 11:04:00,C1002,PC-C1002,C:\docs\report_4.pdf,File Open,False,False,
F-C1002-21-5,05/23/2011 11:05:00,C1002,PC-C1002,C:\docs\report_5.pdf,File Open,False,False,
F-C1002-21-6,05/23/2011 11:06:00,C1002,PC-C1002,C:\docs\report_6.pdf,File Open,False,False,
F-C1002-21-7,05/23/2011 11:07:00,C1002,PC-C1002,C:\docs\report_7.pdf,File Open,False,False,
F-C1002-21-8,05/23/2011 11:08:00,C1002,PC-C1002,C:\docs\report_8.pdf,File Open,False,False,
F-C1002-21-9,05/23/2011 11:09:00,C1002,PC-C1002,C:\docs\report_9.pdf,File Open,False,False,
F-C1003-21-0,05/23/2011 11:00:00,C1003,PC-C1003,C:\docs\report_0.pdf,File Open,False,False,
F-C1003-21-1,05/23/2011 11:01:00,C1003,PC-C1003,C:\docs\report_1.pdf,File Open,False,False,
F-C1003-21-2,05/23/2011 11:02:00,C1003,PC-C1003,C:\docs\report_2.pdf,File Open,False,False,
F-C1003-21-3,05/23/2011 11:03:00,C1003,PC-C1003,C:\docs\report_3.pdf,File Open,False,False,
F-C1003-21-4,05/23/2011 11:04:00,C1003,PC-C1003,C:\docs\report_4.pdf,File Open,False,False,
F-C1003-21-5,05/23/2011 11:05:00,C1003,PC-C1003,C:\docs\report_5.pdf,File Open,False,False,
F-C1003-21-6,05/23/2011 11:06:00,C1003,PC-C1003,C:\docs\report_6.pdf,File Open,False,False,
F-C1003-21-7,05/23/2011 11:07:00,C1003,PC-C1003,C:\docs\report_7.pdf,File Open,False,False,
F-C1004-21-0,05/23/2011 11:00:00,C1004,PC-C1004,C:\docs\report_0.pdf,File Open,False,False,
F-C1004-21-1,05/23/2011 11:01:00,C1004,PC-C1004,C:\docs\report_1.pdf,File Open,False,False,
F-C1004-21-2,05/23/2011 11:02:00,C1004,PC-C1004,C:\docs\report_2.pdf,File Open,False,False,
F-C1004-21-3,05/23/2011 11:03:00,C1004,PC-C1004,C:\docs\report_3.pdf,File Open,False,False,
F-C1004-21-4,05/23/2011 11:04:00,C1004,PC-C1004,C:\docs\report_4.pdf,File Open,False,False,
F-C1004-21-5,05/23/2011 11:05:00,C1004,PC-C1004,C:\docs\report_5.pdf,File Open,False,False,
F-C1004-21-6,05/23/2011 11:06:00,C1004,PC-C1004,C:\docs\report_6.pdf,File Open,False,False,
F-C1004-21-7,05/23/2011 11:07:00,C1004,PC-C1004,C:\docs\report_7.pdf,File Open,False,False,
F-C1004-21-8,05/23/2011 11:08:00,C1004,PC-C1004,C:\docs\report_8.pdf,File Open,False,False,
F-C1005-21-0,05/23/2011 11:00:00,C1005,PC-C1005,C:\docs\report_0.pdf,File Open,False,False,
F-C1005-21-1,05/23/2011 11:01:00,C1005,PC-C1005,C:\docs\report_1.pdf,File Open,False,False,
F-C1005-21-2,05/23/2011 11:02:00,C1005,PC-C1005,C:\docs\report_2.pdf,File Open,False,False,
F-C1005-21-3,05/23/2011 11:03:00,C1005,PC-C1005,C:\docs\report_3.pdf,File Open,False,False,
F-C1005-21-4,05/23/2011 11:04:00,C1005,PC-C1005,C:\docs\report_4.pdf,File Open,False,False,
F-C1005-21-5,05/23/2011 11:05:00,C1005,PC-C1005,C:\docs\report_5.pdf,File Open,False,False,
F-C1005-21-6,05/23/2011 11:06:00,C1005,PC-C1005,C:\docs\report_6.pdf,File Open,False,False,
F-C1005-21-7,05/23/2011 11:07:00,C1005,PC-C1005,C:\docs\report_7.pdf,File Open,False,False,
F-C1005-21-8,05/23/2011 11:08:00,C1005,PC-C1005,C:\docs\report_8.pdf,File Open,False,False,
F-C1005-21-9,05/23/2011 11:09:00,C1005,PC-C1005,C:\docs\report_9.pdf,File Open,False,False,
F-C1006-21-0,05/23/2011 11:00:00,C1006,PC-C1006,C:\docs\report_0.pdf,File Open,False,False,
F-C1006-21-1,05/23/2011 11:01:00,C1006,PC-C1006,C:\docs\report_1.pdf,File Open,False,False,
F-C1006-21-2,05/23/2011 11:02:00,C1006,PC-C1006,C:\docs\report_2.pdf,File Open,False,False,
F-C1006-21-3,05/23/2011 11:03:00,C1006,PC-C1006,C:\docs\report_3.pdf,File Open,False,False,
F-C1006-21-4,05/23/2011 11:04:00,C1006,PC-C1006,C:\docs\report_4.pdf,File Open,False,False,
F-C1006-21-5,05/23/2011 11:05:00,C1006,PC-C1006,C:\docs\report_5.pdf,File Open,False,False,
F-C1006-21-6,05/23/2011 11:06:00,C1006,PC-C1006,C:\docs\report_6.pdf,File Open,False,False,
F-C1006-21-7,05/23/2011 11:07:00,C1006,PC-C1006,C:\docs\report_7.pdf,File Open,False,False,
F-C1007-21-0,05/23/2011 11:00:00,C1007,PC-C1007,C:\docs\report_0.pdf,File Open,False,False,
F-C1007-21-1,05/23/2011 11:01:00,C1007,PC-C1007,C:\docs\report_1.pdf,File Open,False,False,
F-C1007-21-2,05/23/2011 11:02:00,C1007,PC-C1007,C:\docs\report_2.pdf,File Open,False,False,
F-C1007-21-3,05/23/2011 11:03:00,C1007,PC-C1007,C:\docs\report_3.pdf,File Open,False,False,
F-C1007-21-4,05/23/2011 11:04:00,C1007,PC-C1007,C:\docs\report_4.pdf,File Open,False,False,
F-C1007-21-5,05/23/2011 11:05:00,C1007,PC-C1007,C:\docs\report_5.pdf,File Open,False,False,
F-C1007-21-6,05/23/2011 11:06:00,C1007,PC-C1007,C:\docs\report_6.pdf,File Open,False,False,
F-C1007-21-7,05/23/2011 11:07:00,C1007,PC-C1007,C:\docs\report_7.pdf,File Open,False,False,
F-C1007-21-8,05/23/2011 11:08:00,C1007,PC-C1007,C:\docs\report_8.pdf,File Open,False,False,
F-C1007-21-9,05/23/2011 11:09:00,C1007,PC-C1007,C:\docs\report_9.pdf,File Open,False,False,
F-C1007-21-10,05/23/2011 11:10:00,C1007,PC-C1007,C:\docs\report_10.pdf,File Open,False,False,
F-C1007-21-11,05/23/2011 11:11:00,C1007,PC-C1007,C:\docs\report_11.pdf,File Open,False,False,
F-C1007-21-12,05/23/2011 11:12:00,C1007,PC-C1007,C:\docs\report_12.pdf,File Open,False,False,
F-C1007-21-13,05/23/2011 11:13:00,C1007,PC-C1007,C:\docs\report_13.pdf,File Open,False,False,
F-C1007-21-14,05/23/2011 11:14:00,C1007,PC-C1007,C:\docs\report_14.pdf,File Open,False,False,
F-C1007-21-15,05/23/2011 11:15:00,C1007,PC-C1007,C:\docs\report_15.pdf,File Open,False,False,
F-C1007-21-16,05/23/2011 11:16:00,C1007,PC-C1007,C:\docs\report_16.pdf,File Open,False,False,
F-C1007-21-17,05/23/2011 11:17:00,C1007,PC-C1007,C:\docs\report_17.pdf,File Open,False,False,
F-C1007-21-18,05/23/2011 11:18:00,C1007,PC-C1007,C:\docs\report_18.pdf,File Open,False,False,
F-C1007-21-19,05/23/2011 11:19:00,C1007,PC-C1007,C:\docs\report_19.pdf,File Open,False,False,
F-C1007-21-20,05/23/2011 11:20:00,C1007,PC-C1007,C:\docs\report_20.pdf,File Open,False,False,
F-C1007-21-21,05/23/2011 11:21:00,C1007,PC-C1007,C:\docs\report_21.pdf,File Open,False,False,
F-C1007-21-22,05/23/2011 11:22:00,C1007,PC-C1007,C:\docs\report_22.pdf,File Open,False,False,
F-C1007-21-23,05/23/2011 11:23:00,C1007,PC-C1007,C:\docs\report_23.pdf,File Open,False,False,
F-C1007-21-24,05/23/2011 11:24:00,C1007,PC-C1007,C:\docs\report_24.pdf,File Open,False,False,
F-C1007-21-25,05/23/2011 11:25:00,C1007,PC-C1007,C:\docs\report_25.pdf,File Open,False,False,
F-C1008-21-0,05/23/2011 11:00:00,C1008,PC-C1008,C:\docs\report_0.pdf,File Open,False,False,
F-C1008-21-1,05/23/2011 11:01:00,C1008,PC-C1008,C:\docs\report_1.pdf,File Open,False,False,
F-C1008-21-2,05/23/2011 11:02:00,C1008,PC-C1008,C:\docs\report_2.pdf,File Open,False,False,
F-C1008-21-3,05/23/2011 11:03:00,C1008,PC-C1008,C:\docs\report_3.pdf,File Open,False,False,
F-C1008-21-4,05/23/2011 11:04:00,C1008,PC-C1008,C:\docs\report_4.pdf,File Open,False,False,
F-C1008-21-5,05/23/2011 11:05:00,C1008,PC-C1008,C:\docs\report_5.pdf,File Open,False,False,
F-C1008-21-6,05/23/2011 11:06:00,C1008,PC-C1008,C:\docs\report_6.pdf,File Open,False,False,
F-C1008-21-7,05/23/2011 11:07:00,C1008,PC-C1008,C:\docs\report_7.pdf,File Open,False,False,
F-C1008-21-8,05/23/2011 11:08:00,C1008,PC-C1008,C:\docs\report_8.pdf,File Open,False,False,
F-C1008-21-9,05/23/2011 11:09:00,C1008,PC-C1008,C:\docs\report_9.pdf,File Open,False,False,
F-C1009-21-0,05/23/2011 11:00:00,C1009,PC-C1009,C:\docs\report_0.pdf,File Open,False,False,
F-C1009-21-1,05/23/2011 11:01:00,C1009,PC-C1009,C:\docs\report_1.pdf,File Open,False,False,
F-C1009-21-2,05/23/2011 11:02:00,C1009,PC-C1009,C:\docs\report_2.pdf,File Open,False,False,
F-C1009-21-3,05/23/2011 11:03:00,C1009,PC-C1009,C:\docs\report_3.pdf,File Open,False,False,
F-C1009-21-4,05/23/2011 11:04:00,C1009,PC-C1009,C:\docs\report_4.pdf,File Open,False,False,
F-C1009-21-5,05/23/2011 11:05:00,C1009,PC-C1009,C:\docs\report_5.pdf,File Open,False,False,
F-C1009-21-6,05/23/2011 11:06:00,C1009,PC-C1009,C:\docs\report_6.pdf,File Open,False,False,
F-C1009-21-7,05/23/2011 11:07:00,C1009,PC-C1009,C:\docs\report_7.pdf,File Open,False,False,
F-C1010-21-0,05/23/2011 11:00:00,C1010,PC-C1010,C:\docs\report_0.pdf,File Open,False,False,
F-C1010-21-1,05/23/2011 11:01:00,C1010,PC-C1010,C:\docs\report_1.pdf,File Open,False,False,
F-C1010-21-2,05/23/2011 11:02:00,C1010,PC-C1010,C:\docs\report_2.pdf,File Open,False,False,
F-C1010-21-3,05/23/2011 11:03:00,C1010,PC-C1010,C:\docs\report_3.pdf,File Open,False,False,
F-C1010-21-4,05/23/2011 11:04:00,C1010,PC-C1010,C:\docs\report_4.pdf,File Open,False,False,
F-C1010-21-5,05/23/2011 11:05:00,C1010,PC-C1010,C:\docs\report_5.pdf,File Open,False,False,
F-C1010-21-6,05/23/2011 11:06:00,C1010,PC-C1010,C:\docs\report_6.pdf,File Open,False,False,
F-C1010-21-7,05/23/2011 11:07:00,C1010,PC-C1010,C:\docs\report_7.pdf,File Open,False,False,
F-C1010-21-8,05/23/2011 11:08:00,C1010,PC-C1010,C:\docs\report_8.pdf,File Open,False,False,
F-C1011-21-0,05/23/2011 11:00:00,C1011,PC-C1011,C:\docs\report_0.pdf,File Open,False,False,
F-C1011-21-1,05/23/2011 11:01:00,C1011,PC-C1011,C:\docs\report_1.pdf,File Open,False,False,
F-C1011-21-2,05/23/2011 11:02:00,C1011,PC-C1011,C:\docs\report_2.pdf,File Open,False,False,
F-C1011-21-3,05/23/2011 11:03:00,C1011,PC-C1011,C:\docs\report_3.pdf,File Open,False,False,
F-C1011-21-4,05/23/2011 11:04:00,C1011,PC-C1011,C:\docs\report_4.pdf,File Open,False,False,
F-C1011-21-5,05/23/2011 11:05:00,C1011,PC-C1011,C:\docs\report_5.pdf,File Open,False,False,
F-C1011-21-6,05/23/2011 11:06:00,C1011,PC-C1011,C:\docs\report_6.pdf,File Open,False,False,
F-C1011-21-7,05/23/2011 11:07:00,C1011,PC-C1011,C:\docs\report_7.pdf,File Open,False,False,
F-C1011-21-8,05/23/2011 11:08:00,C1011,PC-C1011,C:\docs\report_8.pdf,File Open,False,False,
F-C1011-21-9,05/23/2011 11:09:00,C1011,PC-C1011,C:\docs\report_9.pdf,File Open,False,False,
F-C1012-21-0,05/23/2011 11:00:00,C1012,PC-C1012,C:\docs\report_0.pdf,File Open,False,False,
F-C1012-21-1,05/23/2011 11:01:00,C1012,PC-C1012,C:\docs\report_1.pdf,File Open,False,False,
F-C1012-21-2,05/23/2011 11:02:00,C1012,PC-C1012,C:\docs\report_2.pdf,File Open,False,False,
F-C1012-21-3,05/23/2011 11:03:00,C1012,PC-C1012,C:\docs\report_3.pdf,File Open,False,False,
F-C1012-21-4,05/23/2011 11:04:00,C1012,PC-C1012,C:\docs\report_4.pdf,File Open,False,False,
F-C1012-21-5,05/23/2011 11:05:00,C1012,PC-C1012,C:\docs\report_5.pdf,File Open,False,False,
F-C1012-21-6,05/23/2011 11:06:00,C1012,PC-C1012,C:\docs\report_6.pdf,File Open,False,False,
F-C1012-21-7,05/23/2011 11:07:00,C1012,PC-C1012,C:\docs\report_7.pdf,File Open,False,False,
F-C1013-21-0,05/23/2011 11:00:00,C1013,PC-C1013,C:\docs\report_0.pdf,File Open,False,False,
F-C1013-21-1,05/23/2011 11:01:00,C1013,PC-C1013,C:\docs\report_1.pdf,File Open,False,False,
F-C1013-21-2,05/23/2011 11:02:00,C1013,PC-C1013,C:\docs\report_2.pdf,File Open,False,False,
F-C1013-21-3,05/23/2011 11:03:00,C1013,PC-C1013,C:\docs\report_3.pdf,File Open,False,False,
F-C1013-21-4,05/23/2011 11:04:00,C1013,PC-C1013,C:\docs\report_4.pdf,File Open,False,False,
F-C1013-21-5,05/23/2011 11:05:00,C1013,PC-C1013,C:\docs\report_5.pdf,File Open,False,False,
F-C1013-21-6,05/23/2011 11:06:00,C1013,PC-C1013,C:\docs\report_6.pdf,File Open,False,False,
F-C1013-21-7,05/23/2011 11:07:00,C1013,PC-C1013,C:\docs\report_7.pdf,File Open,False,False,
F-C1013-21-8,05/23/2011 11:08:00,C1013,PC-C1013,C:\docs\report_8.pdf,File Open,False,False,
F-C1014-21-0,05/23/2011 11:00:00,C1014,PC-C1014,C:\docs\report_0.pdf,File Open,False,False,
F-C1014-21-1,05/23/2011 11:01:00,C1014,PC-C1014,C:\docs\report_1.pdf,File Open,False,False,
F-C1014-21-2,05/23/2011 11:02:00,C1014,PC-C1014,C:\docs\report_2.pdf,File Open,False,False,
F-C1014-21-3,05/23/2011 11:03:00,C1014,PC-C1014,C:\docs\report_3.pdf,File Open,False,False,
F-C1014-21-4,05/23/2011 11:04:00,C1014,PC-C1014,C:\docs\report_4.pdf,File Open,False,False,
F-C1014-21-5,05/23/2011 11:05:00,C1014,PC-C1014,C:\docs\report_5.pdf,File Open,False,False,
F-C1014-21-6,05/23/2011 11:06:00,C1014,PC-C1014,C:\docs\report_6.pdf,File Open,False,False,
F-C1014-21-7,05/23/2011 11:07:00,C1014,PC-C1014,C:\docs\report_7.pdf,File Open,False,False,
F-C1014-21-8,05/23/2011 11:08:00,C1014,PC-C1014,C:\docs\report_8.pdf,File Open,False,False,
F-C1014-21-9,05/23/2011 11:09:00,C1014,PC-C1014,C:\docs\report_9.pdf,File Open,False,False,
F-C1015-21-0,05/23/2011 11:00:00,C1015,PC-C1015,C:\docs\report_0.pdf,File Open,False,False,
F-C1015-21-1,05/23/2011 11:01:00,C1015,PC-C1015,C:\docs\report_1.pdf,File Open,False,False,
F-C1015-21-2,05/23/2011 11:02:00,C1015,PC-C1015,C:\docs\report_2.pdf,File Open,False,False,
F-C1015-21-3,05/23/2011 11:03:00,C1015,PC-C1015,C:\docs\report_3.pdf,File Open,False,False,
F-C1015-21-4,05/23/2011 11:04:00,C1015,PC-C1015,C:\docs\report_4.pdf,File Open,False,False,
F-C1015-21-5,05/23/2011 11:05:00,C1015,PC-C1015,C:\docs\report_5.pdf,File Open,False,False,
F-C1015-21-6,05/23/2011 11:06:00,C1015,PC-C1015,C:\docs\report_6.pdf,File Open,False,False,
F-C1015-21-7,05/23/2011 11:07:00,C1015,PC-C1015,C:\docs\report_7.pdf,File Open,False,False,
F-C1016-21-0,05/23/2011 11:00:00,C1016,PC-C1016,C:\docs\report_0.pdf,File Open,False,False,
F-C1016-21-1,05/23/2011 11:01:00,C1016,PC-C1016,C:\docs\report_1.pdf,File Open,False,False,
F-C1016-21-2,05/23/2011 11:02:00,C1016,PC-C1016,C:\docs\report_2.pdf,File Open,False,False,
F-C1016-21-3,05/23/2011 11:03:00,C1016,PC-C1016,C:\docs\report_3.pdf,File Open,False,False,
F-C1016-21-4,05/23/2011 11:04:00,C1016,PC-C1016,C:\docs\report_4.pdf,File Open,False,False,
F-C1016-21-5,05/23/2011 11:05:00,C1016,PC-C1016,C:\docs\report_5.pdf,File Open,False,False,
F-C1016-21-6,05/23/2011 11:06:00,C1016,PC-C1016,C:\docs\report_6.pdf,File Open,False,False,
F-C1016-21-7,05/23/2011 11:07:00,C1016,PC-C1016,C:\docs\report_7.pdf,File Open,False,False,
F-C1016-21-8,05/23/2011 11:08:00,C1016,PC-C1016,C:\docs\report_8.pdf,File Open,False,False,
F-C1017-21-0,05/23/2011 11:00:00,C1017,PC-C1017,C:\docs\report_0.pdf,File Open,False,False,
F-C1017-21-1,05/23/2011 11:01:00,C1017,PC-C1017,C:\docs\report_1.pdf,File Open,False,False,
F-C1017-21-2,05/23/2011 11:02:00,C1017,PC-C1017,C:\docs\report_2.pdf,File Open,False,False,
F-C1017-21-3,05/23/2011 11:03:00,C1017,PC-C1017,C:\docs\report_3.pdf,File Open,False,False,
F-C1017-21-4,05/23/2011 11:04:00,C1017,PC-C1017,C:\docs\report_4.pdf,File Open,False,False,
F-C1017-21-5,05/23/2011 11:05:00,C1017,PC-C1017,C:\docs\report_5.pdf,File Open,False,False,
F-C1017-21-6,05/23/2011 11:06:00,C1017,PC-C1017,C:\docs\report_6.pdf,File Open,False,False,
F-C1017-21-7,05/23/2011 11:07:00,C1017,PC-C1017,C:\docs\report_7.pdf,File Open,False,False,
F-C1017-21-8,05/23/2011 11:08:00,C1017,PC-C1017,C:\docs\report_8.pdf,File Open,False,False,
F-C1017-21-9,05/23/2011 11:09:00,C1017,PC-C1017,C:\docs\report_9.pdf,File Open,False,False,
F-C1018-21-0,05/23/2011 11:00:00,C1018,PC-C1018,R:\docs\confidential_export_0.pdf,File Copy,True,False,
F-C1018-21-1,05/23/2011 11:01:00,C1018,PC-C1018,R:\docs\confidential_export_1.pdf,File Copy,True,False,
F-C1018-21-2,05/23/2011 11:02:00,C1018,PC-C1018,R:\docs\confidential_export_2.pdf,File Copy,True,False,
F-C1018-21-3,05/23/2011 11:03:00,C1018,PC-C1018,R:\docs\confidential_export_3.pdf,File Copy,True,False,
F-C1018-21-4,05/23/2011 11:04:00,C1018,PC-C1018,C:\docs\report_4.pdf,File Open,False,False,
F-C1018-21-5,05/23/2011 11:05:00,C1018,PC-C1018,C:\docs\report_5.pdf,File Open,False,False,
F-C1018-21-6,05/23/2011 11:06:00,C1018,PC-C1018,C:\docs\report_6.pdf,File Open,False,False,
F-C1018-21-7,05/23/2011 11:07:00,C1018,PC-C1018,C:\docs\report_7.pdf,File Open,False,False,
F-C1018-21-8,05/23/2011 11:08:00,C1018,PC-C1018,C:\docs\report_8.pdf,File Open,False,False,
F-C1018-21-9,05/23/2011 11:09:00,C1018,PC-C1018,C:\docs\report_9.pdf,File Open,False,False,
F-C1018-21-10,05/23/2011 11:10:00,C1018,PC-C1018,C:\docs\report_10.pdf,File Open,False,False,
F-C1018-21-11,05/23/2011 11:11:00,C1018,PC-C1018,C:\docs\report_11.pdf,File Open,False,False,
F-C1018-21-12,05/23/2011 11:12:00,C1018,PC-C1018,C:\docs\report_12.pdf,File Open,False,False,
F-C1018-21-13,05/23/2011 11:13:00,C1018,PC-C1018,C:\docs\report_13.pdf,File Open,False,False,
F-C1018-21-14,05/23/2011 11:14:00,C1018,PC-C1018,C:\docs\report_14.pdf,File Open,False,False,
F-C1018-21-15,05/23/2011 11:15:00,C1018,PC-C1018,C:\docs\report_15.pdf,File Open,False,False,
F-C1018-21-16,05/23/2011 11:16:00,C1018,PC-C1018,C:\docs\report_16.pdf,File Open,False,False,
F-C1018-21-17,05/23/2011 11:17:00,C1018,PC-C1018,C:\docs\report_17.pdf,File Open,False,False,
F-C1018-21-18,05/23/2011 11:18:00,C1018,PC-C1018,C:\docs\report_18.pdf,File Open,False,False,
F-C1018-21-19,05/23/2011 11:19:00,C1018,PC-C1018,C:\docs\report_19.pdf,File Open,False,False,
F-C1018-21-20,05/23/2011 11:20:00,C1018,PC-C1018,C:\docs\report_20.pdf,File Open,False,False,
F-C1018-21-21,05/23/2011 11:21:00,C1018,PC-C1018,C:\docs\report_21.pdf,File Open,False,False,
F-C1018-21-22,05/23/2011 11:22:00,C1018,PC-C1018,C:\docs\report_22.pdf,File Open,False,False,
F-C1018-21-23,05/23/2011 11:23:00,C1018,PC-C1018,C:\docs\report_23.pdf,File Open,False,False,
F-C1018-21-24,05/23/2011 11:24:00,C1018,PC-C1018,C:\docs\report_24.pdf,File Open,False,False,
F-C1018-21-25,05/23/2011 11:25:00,C1018,PC-C1018,C:\docs\report_25.pdf,File Open,False,False,
F-C1018-21-26,05/23/2011 11:26:00,C1018,PC-C1018,C:\docs\report_26.pdf,File Open,False,False,
F-C1018-21-27,05/23/2011 11:27:00,C1018,PC-C1018,C:\docs\report_27.pdf,File Open,False,False,
F-C1018-21-28,05/23/2011 11:28:00,C1018,PC-C1018,C:\docs\report_28.pdf,File Open,False,False,
F-C1018-21-29,05/23/2011 11:29:00,C1018,PC-C1018,C:\docs\report_29.pdf,File Open,False,False,
F-C1018-21-30,05/23/2011 11:30:00,C1018,PC-C1018,C:\docs\report_30.pdf,File Open,False,False,
F-C1018-21-31,05/23/2011 11:31:00,C1018,PC-C1018,C:\docs\report_31.pdf,File Open,False,False,
F-C1018-21-32,05/23/2011 11:32:00,C1018,PC-C1018,C:\docs\report_32.pdf,File Open,False,False,
F-C1018-21-33,05/23/2011 11:33:00,C1018,PC-C1018,C:\docs\report_33.pdf,File Open,False,False,
F-C1018-21-34,05/23/2011 11:34:00,C1018,PC-C1018,C:\docs\report_34.pdf,File Open,False,False,
F-C1018-21-35,05/23/2011 11:35:00,C1018,PC-C1018,C:\docs\report_35.pdf,File Open,False,False,
F-C1018-21-36,05/23/2011 11:36:00,C1018,PC-C1018,C:\docs\report_36.pdf,File Open,False,False,
F-C1018-21-37,05/23/2011 11:37:00,C1018,PC-C1018,C:\docs\report_37.pdf,File Open,False,False,
F-C1018-21-38,05/23/2011 11:38:00,C1018,PC-C1018,C:\docs\report_38.pdf,File Open,False,False,
F-C1018-21-39,05/23/2011 11:39:00,C1018,PC-C1018,C:\docs\report_39.pdf,File Open,False,False,
F-C1018-21-40,05/23/2011 11:40:00,C1018,PC-C1018,C:\docs\report_40.pdf,File Open,False,False,
F-C1018-21-41,05/23/2011 11:41:00,C1018,PC-C1018,C:\docs\report_41.pdf,File Open,False,False,
F-C1019-21-0,05/23/2011 11:00:00,C1019,PC-C1019,C:\docs\report_0.pdf,File Open,False,False,
F-C1019-21-1,05/23/2011 11:01:00,C1019,PC-C1019,C:\docs\report_1.pdf,File Open,False,False,
F-C1019-21-2,05/23/2011 11:02:00,C1019,PC-C1019,C:\docs\report_2.pdf,File Open,False,False,
F-C1019-21-3,05/23/2011 11:03:00,C1019,PC-C1019,C:\docs\report_3.pdf,File Open,False,False,
F-C1019-21-4,05/23/2011 11:04:00,C1019,PC-C1019,C:\docs\report_4.pdf,File Open,False,False,
F-C1019-21-5,05/23/2011 11:05:00,C1019,PC-C1019,C:\docs\report_5.pdf,File Open,False,False,
F-C1019-21-6,05/23/2011 11:06:00,C1019,PC-C1019,C:\docs\report_6.pdf,File Open,False,False,
F-C1019-21-7,05/23/2011 11:07:00,C1019,PC-C1019,C:\docs\report_7.pdf,File Open,False,False,
F-C1019-21-8,05/23/2011 11:08:00,C1019,PC-C1019,C:\docs\report_8.pdf,File Open,False,False,
F-C1000-22-0,05/24/2011 11:00:00,C1000,PC-C1000,R:\docs\confidential_export_0.pdf,File Copy,True,False,
F-C1000-22-1,05/24/2011 11:01:00,C1000,PC-C1000,R:\docs\confidential_export_1.pdf,File Copy,True,False,
F-C1000-22-2,05/24/2011 11:02:00,C1000,PC-C1000,R:\docs\confidential_export_2.pdf,File Copy,True,False,
F-C1000-22-3,05/24/2011 11:03:00,C1000,PC-C1000,R:\docs\confidential_export_3.pdf,File Copy,True,False,
F-C1000-22-4,05/24/2011 11:04:00,C1000,PC-C1000,R:\docs\confidential_export_4.pdf,File Copy,True,False,
F-C1000-22-5,05/24/2011 11:05:00,C1000,PC-C1000,R:\docs\confidential_export_5.pdf,File Copy,True,False,
F-C1000-22-6,05/24/2011 11:06:00,C1000,PC-C1000,R:\docs\confidential_export_6.pdf,File Copy,True,False,
F-C1000-22-7,05/24/2011 11:07:00,C1000,PC-C1000,R:\docs\confidential_export_7.pdf,File Copy,True,False,
F-C1000-22-8,05/24/2011 11:08:00,C1000,PC-C1000,R:\docs\confidential_export_8.pdf,File Copy,True,False,
F-C1000-22-9,05/24/2011 11:09:00,C1000,PC-C1000,R:\docs\confidential_export_9.pdf,File Copy,True,False,
F-C1000-22-10,05/24/2011 11:10:00,C1000,PC-C1000,R:\docs\confidential_export_10.pdf,File Copy,True,False,
F-C1000-22-11,05/24/2011 11:11:00,C1000,PC-C1000,R:\docs\confidential_export_11.pdf,File Copy,True,False,
F-C1000-22-12,05/24/2011 11:12:00,C1000,PC-C1000,R:\docs\confidential_export_12.pdf,File Copy,True,False,
F-C1000-22-13,05/24/2011 11:13:00,C1000,PC-C1000,C:\docs\report_13.pdf,File Open,False,False,
F-C1000-22-14,05/24/2011 11:14:00,C1000,PC-C1000,C:\docs\report_14.pdf,File Open,False,False,
F-C1000-22-15,05/24/2011 11:15:00,C1000,PC-C1000,C:\docs\report_15.pdf,File Open,False,False,
F-C1000-22-16,05/24/2011 11:16:00,C1000,PC-C1000,C:\docs\report_16.pdf,File Open,False,False,
F-C1000-22-17,05/24/2011 11:17:00,C1000,PC-C1000,C:\docs\report_17.pdf,File Open,False,False,
F-C1000-22-18,05/24/2011 11:18:00,C1000,PC-C1000,C:\docs\report_18.pdf,File Open,False,False,
F-C1000-22-19,05/24/2011 11:19:00,C1000,PC-C1000,C:\docs\report_19.pdf,File Open,False,False,
F-C1000-22-20,05/24/2011 11:20:00,C1000,PC-C1000,C:\docs\report_20.pdf,File Open,False,False,
F-C1000-22-21,05/24/2011 11:21:00,C1000,PC-C1000,C:\docs\report_21.pdf,File Open,False,False,
F-C1000-22-22,05/24/2011 11:22:00,C1000,PC-C1000,C:\docs\report_22.pdf,File Open,False,False,
F-C1000-22-23,05/24/2011 11:23:00,C1000,PC-C1000,C:\docs\report_23.pdf,File Open,False,False,
F-C1000-22-24,05/24/2011 11:24:00,C1000,PC-C1000,C:\docs\report_24.pdf,File Open,False,False,
F-C1000-22-25,05/24/2011 11:25:00,C1000,PC-C1000,C:\docs\report_25.pdf,File Open,False,False,
F-C1000-22-26,05/24/2011 11:26:00,C1000,PC-C1000,C:\docs\report_26.pdf,File Open,False,False,
F-C1000-22-27,05/24/2011 11:27:00,C1000,PC-C1000,C:\docs\report_27.pdf,File Open,False,False,
F-C1000-22-28,05/24/2011 11:28:00,C1000,PC-C1000,C:\docs\report_28.pdf,File Open,False,False,
F-C1000-22-29,05/24/2011 11:29:00,C1000,PC-C1000,C:\docs\report_29.pdf,File Open,False,False,
F-C1000-22-30,05/24/2011 11:30:00,C1000,PC-C1000,C:\docs\report_30.pdf,File Open,False,False,
F-C1000-22-31,05/24/2011 11:31:00,C1000,PC-C1000,C:\docs\report_31.pdf,File Open,False,False,
F-C1000-22-32,05/24/2011 11:32:00,C1000,PC-C1000,C:\docs\report_32.pdf,File Open,False,False,
F-C1000-22-33,05/24/2011 11:33:00,C1000,PC-C1000,C:\docs\report_33.pdf,File Open,False,False,
F-C1000-22-34,05/24/2011 11:34:00,C1000,PC-C1000,C:\docs\report_34.pdf,File Open,False,False,
F-C1000-22-35,05/24/2011 11:35:00,C1000,PC-C1000,C:\docs\report_35.pdf,File Open,False,False,
F-C1000-22-36,05/24/2011 11:36:00,C1000,PC-C1000,C:\docs\report_36.pdf,File Open,False,False,
F-C1000-22-37,05/24/2011 11:37:00,C1000,PC-C1000,C:\docs\report_37.pdf,File Open,False,False,
F-C1000-22-38,05/24/2011 11:38:00,C1000,PC-C1000,C:\docs\report_38.pdf,File Open,False,False,
F-C1000-22-39,05/24/2011 11:39:00,C1000,PC-C1000,C:\docs\report_39.pdf,File Open,False,False,
F-C1000-22-40,05/24/2011 11:40:00,C1000,PC-C1000,C:\docs\report_40.pdf,File Open,False,False,
F-C1000-22-41,05/24/2011 11:41:00,C1000,PC-C1000,C:\docs\report_41.pdf,File Open,False,False,
F-C1000-22-42,05/24/2011 11:42:00,C1000,PC-C1000,C:\docs\report_42.pdf,File Open,False,False,
F-C1000-22-43,05/24/2011 11:43:00,C1000,PC-C1000,C:\docs\report_43.pdf,File Open,False,False,
F-C1000-22-44,05/24/2011 11:44:00,C1000,PC-C1000,C:\docs\report_44.pdf,File Open,False,False,
F-C1000-22-45,05/24/2011 11:45:00,C1000,PC-C1000,C:\docs\report_45.pdf,File Open,False,False,
F-C1000-22-46,05/24/2011 11:46:00,C1000,PC-C1000,C:\docs\report_46.pdf,File Open,False,False,
F-C1000-22-47,05/24/2011 11:47:00,C1000,PC-C1000,C:\docs\report_47.pdf,File Open,False,False,
F-C1001-22-0,05/24/2011 11:00:00,C1001,PC-C1001,C:\docs\report_0.pdf,File Open,False,False,
F-C1001-22-1,05/24/2011 11:01:00,C1001,PC-C1001,C:\docs\report_1.pdf,File Open,False,False,
F-C1001-22-2,05/24/2011 11:02:00,C1001,PC-C1001,C:\docs\report_2.pdf,File Open,False,False,
F-C1001-22-3,05/24/2011 11:03:00,C1001,PC-C1001,C:\docs\report_3.pdf,File Open,False,False,
F-C1001-22-4,05/24/2011 11:04:00,C1001,PC-C1001,C:\docs\report_4.pdf,File Open,False,False,
F-C1001-22-5,05/24/2011 11:05:00,C1001,PC-C1001,C:\docs\report_5.pdf,File Open,False,False,
F-C1001-22-6,05/24/2011 11:06:00,C1001,PC-C1001,C:\docs\report_6.pdf,File Open,False,False,
F-C1001-22-7,05/24/2011 11:07:00,C1001,PC-C1001,C:\docs\report_7.pdf,File Open,False,False,
F-C1001-22-8,05/24/2011 11:08:00,C1001,PC-C1001,C:\docs\report_8.pdf,File Open,False,False,
F-C1001-22-9,05/24/2011 11:09:00,C1001,PC-C1001,C:\docs\report_9.pdf,File Open,False,False,
F-C1002-22-0,05/24/2011 11:00:00,C1002,PC-C1002,C:\docs\report_0.pdf,File Open,False,False,
F-C1002-22-1,05/24/2011 11:01:00,C1002,PC-C1002,C:\docs\report_1.pdf,File Open,False,False,
F-C1002-22-2,05/24/2011 11:02:00,C1002,PC-C1002,C:\docs\report_2.pdf,File Open,False,False,
F-C1002-22-3,05/24/2011 11:03:00,C1002,PC-C1002,C:\docs\report_3.pdf,File Open,False,False,
F-C1002-22-4,05/24/2011 11:04:00,C1002,PC-C1002,C:\docs\report_4.pdf,File Open,False,False,
F-C1002-22-5,05/24/2011 11:05:00,C1002,PC-C1002,C:\docs\report_5.pdf,File Open,False,False,
F-C1002-22-6,05/24/2011 11:06:00,C1002,PC-C1002,C:\docs\report_6.pdf,File Open,False,False,
F-C1002-22-7,05/24/2011 11:07:00,C1002,PC-C1002,C:\docs\report_7.pdf,File Open,False,False,
F-C1003-22-0,05/24/2011 11:00:00,C1003,PC-C1003,C:\docs\report_0.pdf,File Open,False,False,
F-C1003-22-1,05/24/2011 11:01:00,C1003,PC-C1003,C:\docs\report_1.pdf,File Open,False,False,
F-C1003-22-2,05/24/2011 11:02:00,C1003,PC-C1003,C:\docs\report_2.pdf,File Open,False,False,
F-C1003-22-3,05/24/2011 11:03:00,C1003,PC-C1003,C:\docs\report_3.pdf,File Open,False,False,
F-C1003-22-4,05/24/2011 11:04:00,C1003,PC-C1003,C:\docs\report_4.pdf,File Open,False,False,
F-C1003-22-5,05/24/2011 11:05:00,C1003,PC-C1003,C:\docs\report_5.pdf,File Open,False,False,
F-C1003-22-6,05/24/2011 11:06:00,C1003,PC-C1003,C:\docs\report_6.pdf,File Open,False,False,
F-C1003-22-7,05/24/2011 11:07:00,C1003,PC-C1003,C:\docs\report_7.pdf,File Open,False,False,
F-C1003-22-8,05/24/2011 11:08:00,C1003,PC-C1003,C:\docs\report_8.pdf,File Open,False,False,
F-C1004-22-0,05/24/2011 11:00:00,C1004,PC-C1004,C:\docs\report_0.pdf,File Open,False,False,
F-C1004-22-1,05/24/2011 11:01:00,C1004,PC-C1004,C:\docs\report_1.pdf,File Open,False,False,
F-C1004-22-2,05/24/2011 11:02:00,C1004,PC-C1004,C:\docs\report_2.pdf,File Open,False,False,
F-C1004-22-3,05/24/2011 11:03:00,C1004,PC-C1004,C:\docs\report_3.pdf,File Open,False,False,
F-C1004-22-4,05/24/2011 11:04:00,C1004,PC-C1004,C:\docs\report_4.pdf,File Open,False,False,
F-C1004-22-5,05/24/2011 11:05:00,C1004,PC-C1004,C:\docs\report_5.pdf,File Open,False,False,
F-C1004-22-6,05/24/2011 11:06:00,C1004,PC-C1004,C:\docs\report_6.pdf,File Open,False,False,
F-C1004-22-7,05/24/2011 11:07:00,C1004,PC-C1004,C:\docs\report_7.pdf,File Open,False,False,
F-C1004-22-8,05/24/2011 11:08:00,C1004,PC-C1004,C:\docs\report_8.pdf,File Open,False,False,
F-C1004-22-9,05/24/2011 11:09:00,C1004,PC-C1004,C:\docs\report_9.pdf,File Open,False,False,
F-C1005-22-0,05/24/2011 11:00:00,C1005,PC-C1005,C:\docs\report_0.pdf,File Open,False,False,
F-C1005-22-1,05/24/2011 11:01:00,C1005,PC-C1005,C:\docs\report_1.pdf,File Open,False,False,
F-C1005-22-2,05/24/2011 11:02:00,C1005,PC-C1005,C:\docs\report_2.pdf,File Open,False,False,
F-C1005-22-3,05/24/2011 11:03:00,C1005,PC-C1005,C:\docs\report_3.pdf,File Open,False,False,
F-C1005-22-4,05/24/2011 11:04:00,C1005,PC-C1005,C:\docs\report_4.pdf,File Open,False,False,
F-C1005-22-5,05/24/2011 11:05:00,C1005,PC-C1005,C:\docs\report_5.pdf,File Open,False,False,
F-C1005-22-6,05/24/2011 11:06:00,C1005,PC-C1005,C:\docs\report_6.pdf,File Open,False,False,
F-C1005-22-7,05/24/2011 11:07:00,C1005,PC-C1005,C:\docs\report_7.pdf,File Open,False,False,
F-C1006-22-0,05/24/2011 11:00:00,C1006,PC-C1006,C:\docs\report_0.pdf,File Open,False,False,
F-C1006-22-1,05/24/2011 11:01:00,C1006,PC-C1006,C:\docs\report_1.pdf,File Open,False,False,
F-C1006-22-2,05/24/2011 11:02:00,C1006,PC-C1006,C:\docs\report_2.pdf,File Open,False,False,
F-C1006-22-3,05/24/2011 11:03:00,C1006,PC-C1006,C:\docs\report_3.pdf,File Open,False,False,
F-C1006-22-4,05/24/2011 11:04:00,C1006,PC-C1006,C:\docs\report_4.pdf,File Open,False,False,
F-C1006-22-5,05/24/2011 11:05:00,C1006,PC-C1006,C:\docs\report_5.pdf,File Open,False,False,
F-C1006-22-6,05/24/2011 11:06:00,C1006,PC-C1006,C:\docs\report_6.pdf,File Open,False,False,
F-C1006-22-7,05/24/2011 11:07:00,C1006,PC-C1006,C:\docs\report_7.pdf,File Open,False,False,
F-C1006-22-8,05/24/2011 11:08:00,C1006,PC-C1006,C:\docs\report_8.pdf,File Open,False,False,
F-C1007-22-0,05/24/2011 11:00:00,C1007,PC-C1007,C:\docs\report_0.pdf,File Open,False,False,
F-C1007-22-1,05/24/2011 11:01:00,C1007,PC-C1007,C:\docs\report_1.pdf,File Open,False,False,
F-C1007-22-2,05/24/2011 11:02:00,C1007,PC-C1007,C:\docs\report_2.pdf,File Open,False,False,
F-C1007-22-3,05/24/2011 11:03:00,C1007,PC-C1007,C:\docs\report_3.pdf,File Open,False,False,
F-C1007-22-4,05/24/2011 11:04:00,C1007,PC-C1007,C:\docs\report_4.pdf,File Open,False,False,
F-C1007-22-5,05/24/2011 11:05:00,C1007,PC-C1007,C:\docs\report_5.pdf,File Open,False,False,
F-C1007-22-6,05/24/2011 11:06:00,C1007,PC-C1007,C:\docs\report_6.pdf,File Open,False,False,
F-C1007-22-7,05/24/2011 11:07:00,C1007,PC-C1007,C:\docs\report_7.pdf,File Open,False,False,
F-C1007-22-8,05/24/2011 11:08:00,C1007,PC-C1007,C:\docs\report_8.pdf,File Open,False,False,
F-C1007-22-9,05/24/2011 11:09:00,C1007,PC-C1007,C:\docs\report_9.pdf,File Open,False,False,
F-C1007-22-10,05/24/2011 11:10:00,C1007,PC-C1007,C:\docs\report_10.pdf,File Open,False,False,
F-C1007-22-11,05/24/2011 11:11:00,C1007,PC-C1007,C:\docs\report_11.pdf,File Open,False,False,
F-C1007-22-12,05/24/2011 11:12:00,C1007,PC-C1007,C:\docs\report_12.pdf,File Open,False,False,
F-C1007-22-13,05/24/2011 11:13:00,C1007,PC-C1007,C:\docs\report_13.pdf,File Open,False,False,
F-C1007-22-14,05/24/2011 11:14:00,C1007,PC-C1007,C:\docs\report_14.pdf,File Open,False,False,
F-C1007-22-15,05/24/2011 11:15:00,C1007,PC-C1007,C:\docs\report_15.pdf,File Open,False,False,
F-C1007-22-16,05/24/2011 11:16:00,C1007,PC-C1007,C:\docs\report_16.pdf,File Open,False,False,
F-C1007-22-17,05/24/2011 11:17:00,C1007,PC-C1007,C:\docs\report_17.pdf,File Open,False,False,
F-C1007-22-18,05/24/2011 11:18:00,C1007,PC-C1007,C:\docs\report_18.pdf,File Open,False,False,
F-C1007-22-19,05/24/2011 11:19:00,C1007,PC-C1007,C:\docs\report_19.pdf,File Open,False,False,
F-C1007-22-20,05/24/2011 11:20:00,C1007,PC-C1007,C:\docs\report_20.pdf,File Open,False,False,
F-C1007-22-21,05/24/2011 11:21:00,C1007,PC-C1007,C:\docs\report_21.pdf,File Open,False,False,
F-C1007-22-22,05/24/2011 11:22:00,C1007,PC-C1007,C:\docs\report_22.pdf,File Open,False,False,
F-C1007-22-23,05/24/2011 11:23:00,C1007,PC-C1007,C:\docs\report_23.pdf,File Open,False,False,
F-C1007-22-24,05/24/2011 11:24:00,C1007,PC-C1007,C:\docs\report_24.pdf,File Open,False,False,
F-C1007-22-25,05/24/2011 11:25:00,C1007,PC-C1007,C:\docs\report_25.pdf,File Open,False,False,
F-C1008-22-0,05/24/2011 11:00:00,C1008,PC-C1008,C:\docs\report_0.pdf,File Open,False,False,
F-C1008-22-1,05/24/2011 11:01:00,C1008,PC-C1008,C:\docs\report_1.pdf,File Open,False,False,
F-C1008-22-2,05/24/2011 11:02:00,C1008,PC-C1008,C:\docs\report_2.pdf,File Open,False,False,
F-C1008-22-3,05/24/2011 11:03:00,C1008,PC-C1008,C:\docs\report_3.pdf,File Open,False,False,
F-C1008-22-4,05/24/2011 11:04:00,C1008,PC-C1008,C:\docs\report_4.pdf,File Open,False,False,
F-C1008-22-5,05/24/2011 11:05:00,C1008,PC-C1008,C:\docs\report_5.pdf,File Open,False,False,
F-C1008-22-6,05/24/2011 11:06:00,C1008,PC-C1008,C:\docs\report_6.pdf,File Open,False,False,
F-C1008-22-7,05/24/2011 11:07:00,C1008,PC-C1008,C:\docs\report_7.pdf,File Open,False,False,
F-C1009-22-0,05/24/2011 11:00:00,C1009,PC-C1009,C:\docs\report_0.pdf,File Open,False,False,
F-C1009-22-1,05/24/2011 11:01:00,C1009,PC-C1009,C:\docs\report_1.pdf,File Open,False,False,
F-C1009-22-2,05/24/2011 11:02:00,C1009,PC-C1009,C:\docs\report_2.pdf,File Open,False,False,
F-C1009-22-3,05/24/2011 11:03:00,C1009,PC-C1009,C:\docs\report_3.pdf,File Open,False,False,
F-C1009-22-4,05/24/2011 11:04:00,C1009,PC-C1009,C:\docs\report_4.pdf,File Open,False,False,
F-C1009-22-5,05/24/2011 11:05:00,C1009,PC-C1009,C:\docs\report_5.pdf,File Open,False,False,
F-C1009-22-6,05/24/2011 11:06:00,C1009,PC-C1009,C:\docs\report_6.pdf,File Open,False,False,
F-C1009-22-7,05/24/2011 11:07:00,C1009,PC-C1009,C:\docs\report_7.pdf,File Open,False,False,
F-C1009-22-8,05/24/2011 11:08:00,C1009,PC-C1009,C:\docs\report_8.pdf,File Open,False,False,
F-C1010-22-0,05/24/2011 11:00:00,C1010,PC-C1010,C:\docs\report_0.pdf,File Open,False,False,
F-C1010-22-1,05/24/2011 11:01:00,C1010,PC-C1010,C:\docs\report_1.pdf,File Open,False,False,
F-C1010-22-2,05/24/2011 11:02:00,C1010,PC-C1010,C:\docs\report_2.pdf,File Open,False,False,
F-C1010-22-3,05/24/2011 11:03:00,C1010,PC-C1010,C:\docs\report_3.pdf,File Open,False,False,
F-C1010-22-4,05/24/2011 11:04:00,C1010,PC-C1010,C:\docs\report_4.pdf,File Open,False,False,
F-C1010-22-5,05/24/2011 11:05:00,C1010,PC-C1010,C:\docs\report_5.pdf,File Open,False,False,
F-C1010-22-6,05/24/2011 11:06:00,C1010,PC-C1010,C:\docs\report_6.pdf,File Open,False,False,
F-C1010-22-7,05/24/2011 11:07:00,C1010,PC-C1010,C:\docs\report_7.pdf,File Open,False,False,
F-C1010-22-8,05/24/2011 11:08:00,C1010,PC-C1010,C:\docs\report_8.pdf,File Open,False,False,
F-C1010-22-9,05/24/2011 11:09:00,C1010,PC-C1010,C:\docs\report_9.pdf,File Open,False,False,
F-C1011-22-0,05/24/2011 11:00:00,C1011,PC-C1011,C:\docs\report_0.pdf,File Open,False,False,
F-C1011-22-1,05/24/2011 11:01:00,C1011,PC-C1011,C:\docs\report_1.pdf,File Open,False,False,
F-C1011-22-2,05/24/2011 11:02:00,C1011,PC-C1011,C:\docs\report_2.pdf,File Open,False,False,
F-C1011-22-3,05/24/2011 11:03:00,C1011,PC-C1011,C:\docs\report_3.pdf,File Open,False,False,
F-C1011-22-4,05/24/2011 11:04:00,C1011,PC-C1011,C:\docs\report_4.pdf,File Open,False,False,
F-C1011-22-5,05/24/2011 11:05:00,C1011,PC-C1011,C:\docs\report_5.pdf,File Open,False,False,
F-C1011-22-6,05/24/2011 11:06:00,C1011,PC-C1011,C:\docs\report_6.pdf,File Open,False,False,
F-C1011-22-7,05/24/2011 11:07:00,C1011,PC-C1011,C:\docs\report_7.pdf,File Open,False,False,
F-C1012-22-0,05/24/2011 11:00:00,C1012,PC-C1012,C:\docs\report_0.pdf,File Open,False,False,
F-C1012-22-1,05/24/2011 11:01:00,C1012,PC-C1012,C:\docs\report_1.pdf,File Open,False,False,
F-C1012-22-2,05/24/2011 11:02:00,C1012,PC-C1012,C:\docs\report_2.pdf,File Open,False,False,
F-C1012-22-3,05/24/2011 11:03:00,C1012,PC-C1012,C:\docs\report_3.pdf,File Open,False,False,
F-C1012-22-4,05/24/2011 11:04:00,C1012,PC-C1012,C:\docs\report_4.pdf,File Open,False,False,
F-C1012-22-5,05/24/2011 11:05:00,C1012,PC-C1012,C:\docs\report_5.pdf,File Open,False,False,
F-C1012-22-6,05/24/2011 11:06:00,C1012,PC-C1012,C:\docs\report_6.pdf,File Open,False,False,
F-C1012-22-7,05/24/2011 11:07:00,C1012,PC-C1012,C:\docs\report_7.pdf,File Open,False,False,
F-C1012-22-8,05/24/2011 11:08:00,C1012,PC-C1012,C:\docs\report_8.pdf,File Open,False,False,
F-C1013-22-0,05/24/2011 11:00:00,C1013,PC-C1013,C:\docs\report_0.pdf,File Open,False,False,
F-C1013-22-1,05/24/2011 11:01:00,C1013,PC-C1013,C:\docs\report_1.pdf,File Open,False,False,
F-C1013-22-2,05/24/2011 11:02:00,C1013,PC-C1013,C:\docs\report_2.pdf,File Open,False,False,
F-C1013-22-3,05/24/2011 11:03:00,C1013,PC-C1013,C:\docs\report_3.pdf,File Open,False,False,
F-C1013-22-4,05/24/2011 11:04:00,C1013,PC-C1013,C:\docs\report_4.pdf,File Open,False,False,
F-C1013-22-5,05/24/2011 11:05:00,C1013,PC-C1013,C:\docs\report_5.pdf,File Open,False,False,
F-C1013-22-6,05/24/2011 11:06:00,C1013,PC-C1013,C:\docs\report_6.pdf,File Open,False,False,
F-C1013-22-7,05/24/2011 11:07:00,C1013,PC-C1013,C:\docs\report_7.pdf,File Open,False,False,
F-C1013-22-8,05/24/2011 11:08:00,C1013,PC-C1013,C:\docs\report_8.pdf,File Open,False,False,
F-C1013-22-9,05/24/2011 11:09:00,C1013,PC-C1013,C:\docs\report_9.pdf,File Open,False,False,
F-C1014-22-0,05/24/2011 11:00:00,C1014,PC-C1014,C:\docs\report_0.pdf,File Open,False,False,
F-C1014-22-1,05/24/2011 11:01:00,C1014,PC-C1014,C:\docs\report_1.pdf,File Open,False,False,
F-C1014-22-2,05/24/2011 11:02:00,C1014,PC-C1014,C:\docs\report_2.pdf,File Open,False,False,
F-C1014-22-3,05/24/2011 11:03:00,C1014,PC-C1014,C:\docs\report_3.pdf,File Open,False,False,
F-C1014-22-4,05/24/2011 11:04:00,C1014,PC-C1014,C:\docs\report_4.pdf,File Open,False,False,
F-C1014-22-5,05/24/2011 11:05:00,C1014,PC-C1014,C:\docs\report_5.pdf,File Open,False,False,
F-C1014-22-6,05/24/2011 11:06:00,C1014,PC-C1014,C:\docs\report_6.pdf,File Open,False,False,
F-C1014-22-7,05/24/2011 11:07:00,C1014,PC-C1014,C:\docs\report_7.pdf,File Open,False,False,
F-C1015-22-0,05/24/2011 11:00:00,C1015,PC-C1015,C:\docs\report_0.pdf,File Open,False,False,
F-C1015-22-1,05/24/2011 11:01:00,C1015,PC-C1015,C:\docs\report_1.pdf,File Open,False,False,
F-C1015-22-2,05/24/2011 11:02:00,C1015,PC-C1015,C:\docs\report_2.pdf,File Open,False,False,
F-C1015-22-3,05/24/2011 11:03:00,C1015,PC-C1015,C:\docs\report_3.pdf,File Open,False,False,
F-C1015-22-4,05/24/2011 11:04:00,C1015,PC-C1015,C:\docs\report_4.pdf,File Open,False,False,
F-C1015-22-5,05/24/2011 11:05:00,C1015,PC-C1015,C:\docs\report_5.pdf,File Open,False,False,
F-C1015-22-6,05/24/2011 11:06:00,C1015,PC-C1015,C:\docs\report_6.pdf,File Open,False,False,
F-C1015-22-7,05/24/2011 11:07:00,C1015,PC-C1015,C:\docs\report_7.pdf,File Open,False,False,
F-C1015-22-8,05/24/2011 11:08:00,C1015,PC-C1015,C:\docs\report_8.pdf,File Open,False,False,
F-C1016-22-0,05/24/2011 11:00:00,C1016,PC-C1016,C:\docs\report_0.pdf,File Open,False,False,
F-C1016-22-1,05/24/2011 11:01:00,C1016,PC-C1016,C:\docs\report_1.pdf,File Open,False,False,
F-C1016-22-2,05/24/2011 11:02:00,C1016,PC-C1016,C:\docs\report_2.pdf,File Open,False,False,
F-C1016-22-3,05/24/2011 11:03:00,C1016,PC-C1016,C:\docs\report_3.pdf,File Open,False,False,
F-C1016-22-4,05/24/2011 11:04:00,C1016,PC-C1016,C:\docs\report_4.pdf,File Open,False,False,
F-C1016-22-5,05/24/2011 11:05:00,C1016,PC-C1016,C:\docs\report_5.pdf,File Open,False,False,
F-C1016-22-6,05/24/2011 11:06:00,C1016,PC-C1016,C:\docs\report_6.pdf,File Open,False,False,
F-C1016-22-7,05/24/2011 11:07:00,C1016,PC-C1016,C:\docs\report_7.pdf,File Open,False,False,
F-C1016-22-8,05/24/2011 11:08:00,C1016,PC-C1016,C:\docs\report_8.pdf,File Open,False,False,
F-C1016-22-9,05/24/2011 11:09:00,C1016,PC-C1016,C:\docs\report_9.pdf,File Open,False,False,
F-C1017-22-0,05/24/2011 11:00:00,C1017,PC-C1017,C:\docs\report_0.pdf,File Open,False,False,
F-C1017-22-1,05/24/2011 11:01:00,C1017,PC-C1017,C:\docs\report_1.pdf,File Open,False,False,
F-C1017-22-2,05/24/2011 11:02:00,C1017,PC-C1017,C:\docs\report_2.pdf,File Open,False,False,
F-C1017-22-3,05/24/2011 11:03:00,C1017,PC-C1017,C:\docs\report_3.pdf,File Open,False,False,
F-C1017-22-4,05/24/2011 11:04:00,C1017,PC-C1017,C:\docs\report_4.pdf,File Open,False,False,
F-C1017-22-5,05/24/2011 11:05:00,C1017,PC-C1017,C:\docs\report_5.pdf,File Open,False,False,
F-C1017-22-6,05/24/2011 11:06:00,C1017,PC-C1017,C:\docs\report_6.pdf,File Open,False,False,
F-C1017-22-7,05/24/2011 11:07:00,C1017,PC-C1017,C:\docs\report_7.pdf,File Open,False,False,
F-C1018-22-0,05/24/2011 11:00:00,C1018,PC-C1018,R:\docs\confidential_export_0.pdf,File Copy,True,False,
F-C1018-22-1,05/24/2011 11:01:00,C1018,PC-C1018,R:\docs\confidential_export_1.pdf,File Copy,True,False,
F-C1018-22-2,05/24/2011 11:02:00,C1018,PC-C1018,R:\docs\confidential_export_2.pdf,File Copy,True,False,
F-C1018-22-3,05/24/2011 11:03:00,C1018,PC-C1018,R:\docs\confidential_export_3.pdf,File Copy,True,False,
F-C1018-22-4,05/24/2011 11:04:00,C1018,PC-C1018,C:\docs\report_4.pdf,File Open,False,False,
F-C1018-22-5,05/24/2011 11:05:00,C1018,PC-C1018,C:\docs\report_5.pdf,File Open,False,False,
F-C1018-22-6,05/24/2011 11:06:00,C1018,PC-C1018,C:\docs\report_6.pdf,File Open,False,False,
F-C1018-22-7,05/24/2011 11:07:00,C1018,PC-C1018,C:\docs\report_7.pdf,File Open,False,False,
F-C1018-22-8,05/24/2011 11:08:00,C1018,PC-C1018,C:\docs\report_8.pdf,File Open,False,False,
F-C1018-22-9,05/24/2011 11:09:00,C1018,PC-C1018,C:\docs\report_9.pdf,File Open,False,False,
F-C1018-22-10,05/24/2011 11:10:00,C1018,PC-C1018,C:\docs\report_10.pdf,File Open,False,False,
F-C1018-22-11,05/24/2011 11:11:00,C1018,PC-C1018,C:\docs\report_11.pdf,File Open,False,False,
F-C1018-22-12,05/24/2011 11:12:00,C1018,PC-C1018,C:\docs\report_12.pdf,File Open,False,False,
F-C1018-22-13,05/24/2011 11:13:00,C1018,PC-C1018,C:\docs\report_13.pdf,File Open,False,False,
F-C1018-22-14,05/24/2011 11:14:00,C1018,PC-C1018,C:\docs\report_14.pdf,File Open,False,False,
F-C1018-22-15,05/24/2011 11:15:00,C1018,PC-C1018,C:\docs\report_15.pdf,File Open,False,False,
F-C1018-22-16,05/24/2011 11:16:00,C1018,PC-C1018,C:\docs\report_16.pdf,File Open,False,False,
F-C1018-22-17,05/24/2011 11:17:00,C1018,PC-C1018,C:\docs\report_17.pdf,File Open,False,False,
F-C1018-22-18,05/24/2011 11:18:00,C1018,PC-C1018,C:\docs\report_18.pdf,File Open,False,False,
F-C1018-22-19,05/24/2011 11:19:00,C1018,PC-C1018,C:\docs\report_19.pdf,File Open,False,False,
F-C1018-22-20,05/24/2011 11:20:00,C1018,PC-C1018,C:\docs\report_20.pdf,File Open,False,False,
F-C1018-22-21,05/24/2011 11:21:00,C1018,PC-C1018,C:\docs\report_21.pdf,File Open,False,False,
F-C1018-22-22,05/24/2011 11:22:00,C1018,PC-C1018,C:\docs\report_22.pdf,File Open,False,False,
F-C1018-22-23,05/24/2011 11:23:00,C1018,PC-C1018,C:\docs\report_23.pdf,File Open,False,False,
F-C1018-22-24,05/24/2011 11:24:00,C1018,PC-C1018,C:\docs\report_24.pdf,File Open,False,False,
F-C1018-22-25,05/24/2011 11:25:00,C1018,PC-C1018,C:\docs\report_25.pdf,File Open,False,False,
F-C1018-22-26,05/24/2011 11:26:00,C1018,PC-C1018,C:\docs\report_26.pdf,File Open,False,False,
F-C1018-22-27,05/24/2011 11:27:00,C1018,PC-C1018,C:\docs\report_27.pdf,File Open,False,False,
F-C1018-22-28,05/24/2011 11:28:00,C1018,PC-C1018,C:\docs\report_28.pdf,File Open,False,False,
F-C1018-22-29,05/24/2011 11:29:00,C1018,PC-C1018,C:\docs\report_29.pdf,File Open,False,False,
F-C1018-22-30,05/24/2011 11:30:00,C1018,PC-C1018,C:\docs\report_30.pdf,File Open,False,False,
F-C1018-22-31,05/24/2011 11:31:00,C1018,PC-C1018,C:\docs\report_31.pdf,File Open,False,False,
F-C1018-22-32,05/24/2011 11:32:00,C1018,PC-C1018,C:\docs\report_32.pdf,File Open,False,False,
F-C1018-22-33,05/24/2011 11:33:00,C1018,PC-C1018,C:\docs\report_33.pdf,File Open,False,False,
F-C1018-22-34,05/24/2011 11:34:00,C1018,PC-C1018,C:\docs\report_34.pdf,File Open,False,False,
F-C1018-22-35,05/24/2011 11:35:00,C1018,PC-C1018,C:\docs\report_35.pdf,File Open,False,False,
F-C1018-22-36,05/24/2011 11:36:00,C1018,PC-C1018,C:\docs\report_36.pdf,File Open,False,False,
F-C1018-22-37,05/24/2011 11:37:00,C1018,PC-C1018,C:\docs\report_37.pdf,File Open,False,False,
F-C1018-22-38,05/24/2011 11:38:00,C1018,PC-C1018,C:\docs\report_38.pdf,File Open,False,False,
F-C1018-22-39,05/24/2011 11:39:00,C1018,PC-C1018,C:\docs\report_39.pdf,File Open,False,False,
F-C1018-22-40,05/24/2011 11:40:00,C1018,PC-C1018,C:\docs\report_40.pdf,File Open,False,False,
F-C1018-22-41,05/24/2011 11:41:00,C1018,PC-C1018,C:\docs\report_41.pdf,File Open,False,False,
F-C1018-22-42,05/24/2011 11:42:00,C1018,PC-C1018,C:\docs\report_42.pdf,File Open,False,False,
F-C1018-22-43,05/24/2011 11:43:00,C1018,PC-C1018,C:\docs\report_43.pdf,File Open,False,False,
F-C1019-22-0,05/24/2011 11:00:00,C1019,PC-C1019,C:\docs\report_0.pdf,File Open,False,False,
F-C1019-22-1,05/24/2011 11:01:00,C1019,PC-C1019,C:\docs\report_1.pdf,File Open,False,False,
F-C1019-22-2,05/24/2011 11:02:00,C1019,PC-C1019,C:\docs\report_2.pdf,File Open,False,False,
F-C1019-22-3,05/24/2011 11:03:00,C1019,PC-C1019,C:\docs\report_3.pdf,File Open,False,False,
F-C1019-22-4,05/24/2011 11:04:00,C1019,PC-C1019,C:\docs\report_4.pdf,File Open,False,False,
F-C1019-22-5,05/24/2011 11:05:00,C1019,PC-C1019,C:\docs\report_5.pdf,File Open,False,False,
F-C1019-22-6,05/24/2011 11:06:00,C1019,PC-C1019,C:\docs\report_6.pdf,File Open,False,False,
F-C1019-22-7,05/24/2011 11:07:00,C1019,PC-C1019,C:\docs\report_7.pdf,File Open,False,False,
F-C1019-22-8,05/24/2011 11:08:00,C1019,PC-C1019,C:\docs\report_8.pdf,File Open,False,False,
F-C1019-22-9,05/24/2011 11:09:00,C1019,PC-C1019,C:\docs\report_9.pdf,File Open,False,False,
F-C1000-23-0,05/25/2011 11:00:00,C1000,PC-C1000,R:\docs\confidential_export_0.pdf,File Copy,True,False,
F-C1000-23-1,05/25/2011 11:01:00,C1000,PC-C1000,R:\docs\confidential_export_1.pdf,File Copy,True,False,
F-C1000-23-2,05/25/2011 11:02:00,C1000,PC-C1000,R:\docs\confidential_export_2.pdf,File Copy,True,False,
F-C1000-23-3,05/25/2011 11:03:00,C1000,PC-C1000,R:\docs\confidential_export_3.pdf,File Copy,True,False,
F-C1000-23-4,05/25/2011 11:04:00,C1000,PC-C1000,R:\docs\confidential_export_4.pdf,File Copy,True,False,
F-C1000-23-5,05/25/2011 11:05:00,C1000,PC-C1000,R:\docs\confidential_export_5.pdf,File Copy,True,False,
F-C1000-23-6,05/25/2011 11:06:00,C1000,PC-C1000,R:\docs\confidential_export_6.pdf,File Copy,True,False,
F-C1000-23-7,05/25/2011 11:07:00,C1000,PC-C1000,R:\docs\confidential_export_7.pdf,File Copy,True,False,
F-C1000-23-8,05/25/2011 11:08:00,C1000,PC-C1000,R:\docs\confidential_export_8.pdf,File Copy,True,False,
F-C1000-23-9,05/25/2011 11:09:00,C1000,PC-C1000,R:\docs\confidential_export_9.pdf,File Copy,True,False,
F-C1000-23-10,05/25/2011 11:10:00,C1000,PC-C1000,R:\docs\confidential_export_10.pdf,File Copy,True,False,
F-C1000-23-11,05/25/2011 11:11:00,C1000,PC-C1000,R:\docs\confidential_export_11.pdf,File Copy,True,False,
F-C1000-23-12,05/25/2011 11:12:00,C1000,PC-C1000,R:\docs\confidential_export_12.pdf,File Copy,True,False,
F-C1000-23-13,05/25/2011 11:13:00,C1000,PC-C1000,R:\docs\confidential_export_13.pdf,File Copy,True,False,
F-C1000-23-14,05/25/2011 11:14:00,C1000,PC-C1000,C:\docs\report_14.pdf,File Open,False,False,
F-C1000-23-15,05/25/2011 11:15:00,C1000,PC-C1000,C:\docs\report_15.pdf,File Open,False,False,
F-C1000-23-16,05/25/2011 11:16:00,C1000,PC-C1000,C:\docs\report_16.pdf,File Open,False,False,
F-C1000-23-17,05/25/2011 11:17:00,C1000,PC-C1000,C:\docs\report_17.pdf,File Open,False,False,
F-C1000-23-18,05/25/2011 11:18:00,C1000,PC-C1000,C:\docs\report_18.pdf,File Open,False,False,
F-C1000-23-19,05/25/2011 11:19:00,C1000,PC-C1000,C:\docs\report_19.pdf,File Open,False,False,
F-C1000-23-20,05/25/2011 11:20:00,C1000,PC-C1000,C:\docs\report_20.pdf,File Open,False,False,
F-C1000-23-21,05/25/2011 11:21:00,C1000,PC-C1000,C:\docs\report_21.pdf,File Open,False,False,
F-C1000-23-22,05/25/2011 11:22:00,C1000,PC-C1000,C:\docs\report_22.pdf,File Open,False,False,
F-C1000-23-23,05/25/2011 11:23:00,C1000,PC-C1000,C:\docs\report_23.pdf,File Open,False,False,
F-C1000-23-24,05/25/2011 11:24:00,C1000,PC-C1000,C:\docs\report_24.pdf,File Open,False,False,
F-C1000-23-25,05/25/2011 11:25:00,C1000,PC-C1000,C:\docs\report_25.pdf,File Open,False,False,
F-C1000-23-26,05/25/2011 11:26:00,C1000,PC-C1000,C:\docs\report_26.pdf,File Open,False,False,
F-C1000-23-27,05/25/2011 11:27:00,C1000,PC-C1000,C:\docs\report_27.pdf,File Open,False,False,
F-C1000-23-28,05/25/2011 11:28:00,C1000,PC-C1000,C:\docs\report_28.pdf,File Open,False,False,
F-C1000-23-29,05/25/2011 11:29:00,C1000,PC-C1000,C:\docs\report_29.pdf,File Open,False,False,
F-C1000-23-30,05/25/2011 11:30:00,C1000,PC-C1000,C:\docs\report_30.pdf,File Open,False,False,
F-C1000-23-31,05/25/2011 11:31:00,C1000,PC-C1000,C:\docs\report_31.pdf,File Open,False,False,
F-C1000-23-32,05/25/2011 11:32:00,C1000,PC-C1000,C:\docs\report_32.pdf,File Open,False,False,
F-C1000-23-33,05/25/2011 11:33:00,C1000,PC-C1000,C:\docs\report_33.pdf,File Open,False,False,
F-C1000-23-34,05/25/2011 11:34:00,C1000,PC-C1000,C:\docs\report_34.pdf,File Open,False,False,
F-C1000-23-35,05/25/2011 11:35:00,C1000,PC-C1000,C:\docs\report_35.pdf,File Open,False,False,
F-C1000-23-36,05/25/2011 11:36:00,C1000,PC-C1000,C:\docs\report_36.pdf,File Open,False,False,
F-C1000-23-37,05/25/2011 11:37:00,C1000,PC-C1000,C:\docs\report_37.pdf,File Open,False,False,
F-C1000-23-38,05/25/2011 11:38:00,C1000,PC-C1000,C:\docs\report_38.pdf,File Open,False,False,
F-C1000-23-39,05/25/2011 11:39:00,C1000,PC-C1000,C:\docs\report_39.pdf,File Open,False,False,
F-C1000-23-40,05/25/2011 11:40:00,C1000,PC-C1000,C:\docs\report_40.pdf,File Open,False,False,
F-C1000-23-41,05/25/2011 11:41:00,C1000,PC-C1000,C:\docs\report_41.pdf,File Open,False,False,
F-C1000-23-42,05/25/2011 11:42:00,C1000,PC-C1000,C:\docs\report_42.pdf,File Open,False,False,
F-C1000-23-43,05/25/2011 11:43:00,C1000,PC-C1000,C:\docs\report_43.pdf,File Open,False,False,
F-C1000-23-44,05/25/2011 11:44:00,C1000,PC-C1000,C:\docs\report_44.pdf,File Open,False,False,
F-C1000-23-45,05/25/2011 11:45:00,C1000,PC-C1000,C:\docs\report_45.pdf,File Open,False,False,
F-C1000-23-46,05/25/2011 11:46:00,C1000,PC-C1000,C:\docs\report_46.pdf,File Open,False,False,
F-C1000-23-47,05/25/2011 11:47:00,C1000,PC-C1000,C:\docs\report_47.pdf,File Open,False,False,
F-C1000-23-48,05/25/2011 11:48:00,C1000,PC-C1000,C:\docs\report_48.pdf,File Open,False,False,
F-C1000-23-49,05/25/2011 11:49:00,C1000,PC-C1000,C:\docs\report_49.pdf,File Open,False,False,
F-C1001-23-0,05/25/2011 11:00:00,C1001,PC-C1001,C:\docs\report_0.pdf,File Open,False,False,
F-C1001-23-1,05/25/2011 11:01:00,C1001,PC-C1001,C:\docs\report_1.pdf,File Open,False,False,
F-C1001-23-2,05/25/2011 11:02:00,C1001,PC-C1001,C:\docs\report_2.pdf,File Open,False,False,
F-C1001-23-3,05/25/2011 11:03:00,C1001,PC-C1001,C:\docs\report_3.pdf,File Open,False,False,
F-C1001-23-4,05/25/2011 11:04:00,C1001,PC-C1001,C:\docs\report_4.pdf,File Open,False,False,
F-C1001-23-5,05/25/2011 11:05:00,C1001,PC-C1001,C:\docs\report_5.pdf,File Open,False,False,
F-C1001-23-6,05/25/2011 11:06:00,C1001,PC-C1001,C:\docs\report_6.pdf,File Open,False,False,
F-C1001-23-7,05/25/2011 11:07:00,C1001,PC-C1001,C:\docs\report_7.pdf,File Open,False,False,
F-C1002-23-0,05/25/2011 11:00:00,C1002,PC-C1002,C:\docs\report_0.pdf,File Open,False,False,
F-C1002-23-1,05/25/2011 11:01:00,C1002,PC-C1002,C:\docs\report_1.pdf,File Open,False,False,
F-C1002-23-2,05/25/2011 11:02:00,C1002,PC-C1002,C:\docs\report_2.pdf,File Open,False,False,
F-C1002-23-3,05/25/2011 11:03:00,C1002,PC-C1002,C:\docs\report_3.pdf,File Open,False,False,
F-C1002-23-4,05/25/2011 11:04:00,C1002,PC-C1002,C:\docs\report_4.pdf,File Open,False,False,
F-C1002-23-5,05/25/2011 11:05:00,C1002,PC-C1002,C:\docs\report_5.pdf,File Open,False,False,
F-C1002-23-6,05/25/2011 11:06:00,C1002,PC-C1002,C:\docs\report_6.pdf,File Open,False,False,
F-C1002-23-7,05/25/2011 11:07:00,C1002,PC-C1002,C:\docs\report_7.pdf,File Open,False,False,
F-C1002-23-8,05/25/2011 11:08:00,C1002,PC-C1002,C:\docs\report_8.pdf,File Open,False,False,
F-C1003-23-0,05/25/2011 11:00:00,C1003,PC-C1003,C:\docs\report_0.pdf,File Open,False,False,
F-C1003-23-1,05/25/2011 11:01:00,C1003,PC-C1003,C:\docs\report_1.pdf,File Open,False,False,
F-C1003-23-2,05/25/2011 11:02:00,C1003,PC-C1003,C:\docs\report_2.pdf,File Open,False,False,
F-C1003-23-3,05/25/2011 11:03:00,C1003,PC-C1003,C:\docs\report_3.pdf,File Open,False,False,
F-C1003-23-4,05/25/2011 11:04:00,C1003,PC-C1003,C:\docs\report_4.pdf,File Open,False,False,
F-C1003-23-5,05/25/2011 11:05:00,C1003,PC-C1003,C:\docs\report_5.pdf,File Open,False,False,
F-C1003-23-6,05/25/2011 11:06:00,C1003,PC-C1003,C:\docs\report_6.pdf,File Open,False,False,
F-C1003-23-7,05/25/2011 11:07:00,C1003,PC-C1003,C:\docs\report_7.pdf,File Open,False,False,
F-C1003-23-8,05/25/2011 11:08:00,C1003,PC-C1003,C:\docs\report_8.pdf,File Open,False,False,
F-C1003-23-9,05/25/2011 11:09:00,C1003,PC-C1003,C:\docs\report_9.pdf,File Open,False,False,
F-C1004-23-0,05/25/2011 11:00:00,C1004,PC-C1004,C:\docs\report_0.pdf,File Open,False,False,
F-C1004-23-1,05/25/2011 11:01:00,C1004,PC-C1004,C:\docs\report_1.pdf,File Open,False,False,
F-C1004-23-2,05/25/2011 11:02:00,C1004,PC-C1004,C:\docs\report_2.pdf,File Open,False,False,
F-C1004-23-3,05/25/2011 11:03:00,C1004,PC-C1004,C:\docs\report_3.pdf,File Open,False,False,
F-C1004-23-4,05/25/2011 11:04:00,C1004,PC-C1004,C:\docs\report_4.pdf,File Open,False,False,
F-C1004-23-5,05/25/2011 11:05:00,C1004,PC-C1004,C:\docs\report_5.pdf,File Open,False,False,
F-C1004-23-6,05/25/2011 11:06:00,C1004,PC-C1004,C:\docs\report_6.pdf,File Open,False,False,
F-C1004-23-7,05/25/2011 11:07:00,C1004,PC-C1004,C:\docs\report_7.pdf,File Open,False,False,
F-C1005-23-0,05/25/2011 11:00:00,C1005,PC-C1005,C:\docs\report_0.pdf,File Open,False,False,
F-C1005-23-1,05/25/2011 11:01:00,C1005,PC-C1005,C:\docs\report_1.pdf,File Open,False,False,
F-C1005-23-2,05/25/2011 11:02:00,C1005,PC-C1005,C:\docs\report_2.pdf,File Open,False,False,
F-C1005-23-3,05/25/2011 11:03:00,C1005,PC-C1005,C:\docs\report_3.pdf,File Open,False,False,
F-C1005-23-4,05/25/2011 11:04:00,C1005,PC-C1005,C:\docs\report_4.pdf,File Open,False,False,
F-C1005-23-5,05/25/2011 11:05:00,C1005,PC-C1005,C:\docs\report_5.pdf,File Open,False,False,
F-C1005-23-6,05/25/2011 11:06:00,C1005,PC-C1005,C:\docs\report_6.pdf,File Open,False,False,
F-C1005-23-7,05/25/2011 11:07:00,C1005,PC-C1005,C:\docs\report_7.pdf,File Open,False,False,
F-C1005-23-8,05/25/2011 11:08:00,C1005,PC-C1005,C:\docs\report_8.pdf,File Open,False,False,
F-C1006-23-0,05/25/2011 11:00:00,C1006,PC-C1006,C:\docs\report_0.pdf,File Open,False,False,
F-C1006-23-1,05/25/2011 11:01:00,C1006,PC-C1006,C:\docs\report_1.pdf,File Open,False,False,
F-C1006-23-2,05/25/2011 11:02:00,C1006,PC-C1006,C:\docs\report_2.pdf,File Open,False,False,
F-C1006-23-3,05/25/2011 11:03:00,C1006,PC-C1006,C:\docs\report_3.pdf,File Open,False,False,
F-C1006-23-4,05/25/2011 11:04:00,C1006,PC-C1006,C:\docs\report_4.pdf,File Open,False,False,
F-C1006-23-5,05/25/2011 11:05:00,C1006,PC-C1006,C:\docs\report_5.pdf,File Open,False,False,
F-C1006-23-6,05/25/2011 11:06:00,C1006,PC-C1006,C:\docs\report_6.pdf,File Open,False,False,
F-C1006-23-7,05/25/2011 11:07:00,C1006,PC-C1006,C:\docs\report_7.pdf,File Open,False,False,
F-C1006-23-8,05/25/2011 11:08:00,C1006,PC-C1006,C:\docs\report_8.pdf,File Open,False,False,
F-C1006-23-9,05/25/2011 11:09:00,C1006,PC-C1006,C:\docs\report_9.pdf,File Open,False,False,
F-C1007-23-0,05/25/2011 11:00:00,C1007,PC-C1007,C:\docs\report_0.pdf,File Open,False,False,
F-C1007-23-1,05/25/2011 11:01:00,C1007,PC-C1007,C:\docs\report_1.pdf,File Open,False,False,
F-C1007-23-2,05/25/2011 11:02:00,C1007,PC-C1007,C:\docs\report_2.pdf,File Open,False,False,
F-C1007-23-3,05/25/2011 11:03:00,C1007,PC-C1007,C:\docs\report_3.pdf,File Open,False,False,
F-C1007-23-4,05/25/2011 11:04:00,C1007,PC-C1007,C:\docs\report_4.pdf,File Open,False,False,
F-C1007-23-5,05/25/2011 11:05:00,C1007,PC-C1007,C:\docs\report_5.pdf,File Open,False,False,
F-C1007-23-6,05/25/2011 11:06:00,C1007,PC-C1007,C:\docs\report_6.pdf,File Open,False,False,
F-C1007-23-7,05/25/2011 11:07:00,C1007,PC-C1007,C:\docs\report_7.pdf,File Open,False,False,
F-C1007-23-8,05/25/2011 11:08:00,C1007,PC-C1007,C:\docs\report_8.pdf,File Open,False,False,
F-C1007-23-9,05/25/2011 11:09:00,C1007,PC-C1007,C:\docs\report_9.pdf,File Open,False,False,
F-C1007-23-10,05/25/2011 11:10:00,C1007,PC-C1007,C:\docs\report_10.pdf,File Open,False,False,
F-C1007-23-11,05/25/2011 11:11:00,C1007,PC-C1007,C:\docs\report_11.pdf,File Open,False,False,
F-C1007-23-12,05/25/2011 11:12:00,C1007,PC-C1007,C:\docs\report_12.pdf,File Open,False,False,
F-C1007-23-13,05/25/2011 11:13:00,C1007,PC-C1007,C:\docs\report_13.pdf,File Open,False,False,
F-C1007-23-14,05/25/2011 11:14:00,C1007,PC-C1007,C:\docs\report_14.pdf,File Open,False,False,
F-C1007-23-15,05/25/2011 11:15:00,C1007,PC-C1007,C:\docs\report_15.pdf,File Open,False,False,
F-C1007-23-16,05/25/2011 11:16:00,C1007,PC-C1007,C:\docs\report_16.pdf,File Open,False,False,
F-C1007-23-17,05/25/2011 11:17:00,C1007,PC-C1007,C:\docs\report_17.pdf,File Open,False,False,
F-C1007-23-18,05/25/2011 11:18:00,C1007,PC-C1007,C:\docs\report_18.pdf,File Open,False,False,
F-C1007-23-19,05/25/2011 11:19:00,C1007,PC-C1007,C:\docs\report_19.pdf,File Open,False,False,
F-C1007-23-20,05/25/2011 11:20:00,C1007,PC-C1007,C:\docs\report_20.pdf,File Open,False,False,
F-C1007-23-21,05/25/2011 11:21:00,C1007,PC-C1007,C:\docs\report_21.pdf,File Open,False,False,
F-C1007-23-22,05/25/2011 11:22:00,C1007,PC-C1007,C:\docs\report_22.pdf,File Open,False,False,
F-C1007-23-23,05/25/2011 11:23:00,C1007,PC-C1007,C:\docs\report_23.pdf,File Open,False,False,
F-C1007-23-24,05/25/2011 11:24:00,C1007,PC-C1007,C:\docs\report_24.pdf,File Open,False,False,
F-C1007-23-25,05/25/2011 11:25:00,C1007,PC-C1007,C:\docs\report_25.pdf,File Open,False,False,
F-C1008-23-0,05/25/2011 11:00:00,C1008,PC-C1008,C:\docs\report_0.pdf,File Open,False,False,
F-C1008-23-1,05/25/2011 11:01:00,C1008,PC-C1008,C:\docs\report_1.pdf,File Open,False,False,
F-C1008-23-2,05/25/2011 11:02:00,C1008,PC-C1008,C:\docs\report_2.pdf,File Open,False,False,
F-C1008-23-3,05/25/2011 11:03:00,C1008,PC-C1008,C:\docs\report_3.pdf,File Open,False,False,
F-C1008-23-4,05/25/2011 11:04:00,C1008,PC-C1008,C:\docs\report_4.pdf,File Open,False,False,
F-C1008-23-5,05/25/2011 11:05:00,C1008,PC-C1008,C:\docs\report_5.pdf,File Open,False,False,
F-C1008-23-6,05/25/2011 11:06:00,C1008,PC-C1008,C:\docs\report_6.pdf,File Open,False,False,
F-C1008-23-7,05/25/2011 11:07:00,C1008,PC-C1008,C:\docs\report_7.pdf,File Open,False,False,
F-C1008-23-8,05/25/2011 11:08:00,C1008,PC-C1008,C:\docs\report_8.pdf,File Open,False,False,
F-C1009-23-0,05/25/2011 11:00:00,C1009,PC-C1009,C:\docs\report_0.pdf,File Open,False,False,
F-C1009-23-1,05/25/2011 11:01:00,C1009,PC-C1009,C:\docs\report_1.pdf,File Open,False,False,
F-C1009-23-2,05/25/2011 11:02:00,C1009,PC-C1009,C:\docs\report_2.pdf,File Open,False,False,
F-C1009-23-3,05/25/2011 11:03:00,C1009,PC-C1009,C:\docs\report_3.pdf,File Open,False,False,
F-C1009-23-4,05/25/2011 11:04:00,C1009,PC-C1009,C:\docs\report_4.pdf,File Open,False,False,
F-C1009-23-5,05/25/2011 11:05:00,C1009,PC-C1009,C:\docs\report_5.pdf,File Open,False,False,
F-C1009-23-6,05/25/2011 11:06:00,C1009,PC-C1009,C:\docs\report_6.pdf,File Open,False,False,
F-C1009-23-7,05/25/2011 11:07:00,C1009,PC-C1009,C:\docs\report_7.pdf,File Open,False,False,
F-C1009-23-8,05/25/2011 11:08:00,C1009,PC-C1009,C:\docs\report_8.pdf,File Open,False,False,
F-C1009-23-9,05/25/2011 11:09:00,C1009,PC-C1009,C:\docs\report_9.pdf,File Open,False,False,
F-C1010-23-0,05/25/2011 11:00:00,C1010,PC-C1010,C:\docs\report_0.pdf,File Open,False,False,
F-C1010-23-1,05/25/2011 11:01:00,C1010,PC-C1010,C:\docs\report_1.pdf,File Open,False,False,
F-C1010-23-2,05/25/2011 11:02:00,C1010,PC-C1010,C:\docs\report_2.pdf,File Open,False,False,
F-C1010-23-3,05/25/2011 11:03:00,C1010,PC-C1010,C:\docs\report_3.pdf,File Open,False,False,
F-C1010-23-4,05/25/2011 11:04:00,C1010,PC-C1010,C:\docs\report_4.pdf,File Open,False,False,
F-C1010-23-5,05/25/2011 11:05:00,C1010,PC-C1010,C:\docs\report_5.pdf,File Open,False,False,
F-C1010-23-6,05/25/2011 11:06:00,C1010,PC-C1010,C:\docs\report_6.pdf,File Open,False,False,
F-C1010-23-7,05/25/2011 11:07:00,C1010,PC-C1010,C:\docs\report_7.pdf,File Open,False,False,
F-C1011-23-0,05/25/2011 11:00:00,C1011,PC-C1011,C:\docs\report_0.pdf,File Open,False,False,
F-C1011-23-1,05/25/2011 11:01:00,C1011,PC-C1011,C:\docs\report_1.pdf,File Open,False,False,
F-C1011-23-2,05/25/2011 11:02:00,C1011,PC-C1011,C:\docs\report_2.pdf,File Open,False,False,
F-C1011-23-3,05/25/2011 11:03:00,C1011,PC-C1011,C:\docs\report_3.pdf,File Open,False,False,
F-C1011-23-4,05/25/2011 11:04:00,C1011,PC-C1011,C:\docs\report_4.pdf,File Open,False,False,
F-C1011-23-5,05/25/2011 11:05:00,C1011,PC-C1011,C:\docs\report_5.pdf,File Open,False,False,
F-C1011-23-6,05/25/2011 11:06:00,C1011,PC-C1011,C:\docs\report_6.pdf,File Open,False,False,
F-C1011-23-7,05/25/2011 11:07:00,C1011,PC-C1011,C:\docs\report_7.pdf,File Open,False,False,
F-C1011-23-8,05/25/2011 11:08:00,C1011,PC-C1011,C:\docs\report_8.pdf,File Open,False,False,
F-C1012-23-0,05/25/2011 11:00:00,C1012,PC-C1012,C:\docs\report_0.pdf,File Open,False,False,
F-C1012-23-1,05/25/2011 11:01:00,C1012,PC-C1012,C:\docs\report_1.pdf,File Open,False,False,
F-C1012-23-2,05/25/2011 11:02:00,C1012,PC-C1012,C:\docs\report_2.pdf,File Open,False,False,
F-C1012-23-3,05/25/2011 11:03:00,C1012,PC-C1012,C:\docs\report_3.pdf,File Open,False,False,
F-C1012-23-4,05/25/2011 11:04:00,C1012,PC-C1012,C:\docs\report_4.pdf,File Open,False,False,
F-C1012-23-5,05/25/2011 11:05:00,C1012,PC-C1012,C:\docs\report_5.pdf,File Open,False,False,
F-C1012-23-6,05/25/2011 11:06:00,C1012,PC-C1012,C:\docs\report_6.pdf,File Open,False,False,
F-C1012-23-7,05/25/2011 11:07:00,C1012,PC-C1012,C:\docs\report_7.pdf,File Open,False,False,
F-C1012-23-8,05/25/2011 11:08:00,C1012,PC-C1012,C:\docs\report_8.pdf,File Open,False,False,
F-C1012-23-9,05/25/2011 11:09:00,C1012,PC-C1012,C:\docs\report_9.pdf,File Open,False,False,
F-C1013-23-0,05/25/2011 11:00:00,C1013,PC-C1013,C:\docs\report_0.pdf,File Open,False,False,
F-C1013-23-1,05/25/2011 11:01:00,C1013,PC-C1013,C:\docs\report_1.pdf,File Open,False,False,
F-C1013-23-2,05/25/2011 11:02:00,C1013,PC-C1013,C:\docs\report_2.pdf,File Open,False,False,
F-C1013-23-3,05/25/2011 11:03:00,C1013,PC-C1013,C:\docs\report_3.pdf,File Open,False,False,
F-C1013-23-4,05/25/2011 11:04:00,C1013,PC-C1013,C:\docs\report_4.pdf,File Open,False,False,
F-C1013-23-5,05/25/2011 11:05:00,C1013,PC-C1013,C:\docs\report_5.pdf,File Open,False,False,
F-C1013-23-6,05/25/2011 11:06:00,C1013,PC-C1013,C:\docs\report_6.pdf,File Open,False,False,
F-C1013-23-7,05/25/2011 11:07:00,C1013,PC-C1013,C:\docs\report_7.pdf,File Open,False,False,
F-C1014-23-0,05/25/2011 11:00:00,C1014,PC-C1014,C:\docs\report_0.pdf,File Open,False,False,
F-C1014-23-1,05/25/2011 11:01:00,C1014,PC-C1014,C:\docs\report_1.pdf,File Open,False,False,
F-C1014-23-2,05/25/2011 11:02:00,C1014,PC-C1014,C:\docs\report_2.pdf,File Open,False,False,
F-C1014-23-3,05/25/2011 11:03:00,C1014,PC-C1014,C:\docs\report_3.pdf,File Open,False,False,
F-C1014-23-4,05/25/2011 11:04:00,C1014,PC-C1014,C:\docs\report_4.pdf,File Open,False,False,
F-C1014-23-5,05/25/2011 11:05:00,C1014,PC-C1014,C:\docs\report_5.pdf,File Open,False,False,
F-C1014-23-6,05/25/2011 11:06:00,C1014,PC-C1014,C:\docs\report_6.pdf,File Open,False,False,
F-C1014-23-7,05/25/2011 11:07:00,C1014,PC-C1014,C:\docs\report_7.pdf,File Open,False,False,
F-C1014-23-8,05/25/2011 11:08:00,C1014,PC-C1014,C:\docs\report_8.pdf,File Open,False,False,
F-C1015-23-0,05/25/2011 11:00:00,C1015,PC-C1015,C:\docs\report_0.pdf,File Open,False,False,
F-C1015-23-1,05/25/2011 11:01:00,C1015,PC-C1015,C:\docs\report_1.pdf,File Open,False,False,
F-C1015-23-2,05/25/2011 11:02:00,C1015,PC-C1015,C:\docs\report_2.pdf,File Open,False,False,
F-C1015-23-3,05/25/2011 11:03:00,C1015,PC-C1015,C:\docs\report_3.pdf,File Open,False,False,
F-C1015-23-4,05/25/2011 11:04:00,C1015,PC-C1015,C:\docs\report_4.pdf,File Open,False,False,
F-C1015-23-5,05/25/2011 11:05:00,C1015,PC-C1015,C:\docs\report_5.pdf,File Open,False,False,
F-C1015-23-6,05/25/2011 11:06:00,C1015,PC-C1015,C:\docs\report_6.pdf,File Open,False,False,
F-C1015-23-7,05/25/2011 11:07:00,C1015,PC-C1015,C:\docs\report_7.pdf,File Open,False,False,
F-C1015-23-8,05/25/2011 11:08:00,C1015,PC-C1015,C:\docs\report_8.pdf,File Open,False,False,
F-C1015-23-9,05/25/2011 11:09:00,C1015,PC-C1015,C:\docs\report_9.pdf,File Open,False,False,
F-C1016-23-0,05/25/2011 11:00:00,C1016,PC-C1016,C:\docs\report_0.pdf,File Open,False,False,
F-C1016-23-1,05/25/2011 11:01:00,C1016,PC-C1016,C:\docs\report_1.pdf,File Open,False,False,
F-C1016-23-2,05/25/2011 11:02:00,C1016,PC-C1016,C:\docs\report_2.pdf,File Open,False,False,
F-C1016-23-3,05/25/2011 11:03:00,C1016,PC-C1016,C:\docs\report_3.pdf,File Open,False,False,
F-C1016-23-4,05/25/2011 11:04:00,C1016,PC-C1016,C:\docs\report_4.pdf,File Open,False,False,
F-C1016-23-5,05/25/2011 11:05:00,C1016,PC-C1016,C:\docs\report_5.pdf,File Open,False,False,
F-C1016-23-6,05/25/2011 11:06:00,C1016,PC-C1016,C:\docs\report_6.pdf,File Open,False,False,
F-C1016-23-7,05/25/2011 11:07:00,C1016,PC-C1016,C:\docs\report_7.pdf,File Open,False,False,
F-C1017-23-0,05/25/2011 11:00:00,C1017,PC-C1017,C:\docs\report_0.pdf,File Open,False,False,
F-C1017-23-1,05/25/2011 11:01:00,C1017,PC-C1017,C:\docs\report_1.pdf,File Open,False,False,
F-C1017-23-2,05/25/2011 11:02:00,C1017,PC-C1017,C:\docs\report_2.pdf,File Open,False,False,
F-C1017-23-3,05/25/2011 11:03:00,C1017,PC-C1017,C:\docs\report_3.pdf,File Open,False,False,
F-C1017-23-4,05/25/2011 11:04:00,C1017,PC-C1017,C:\docs\report_4.pdf,File Open,False,False,
F-C1017-23-5,05/25/2011 11:05:00,C1017,PC-C1017,C:\docs\report_5.pdf,File Open,False,False,
F-C1017-23-6,05/25/2011 11:06:00,C1017,PC-C1017,C:\docs\report_6.pdf,File Open,False,False,
F-C1017-23-7,05/25/2011 11:07:00,C1017,PC-C1017,C:\docs\report_7.pdf,File Open,False,False,
F-C1017-23-8,05/25/2011 11:08:00,C1017,PC-C1017,C:\docs\report_8.pdf,File Open,False,False,
F-C1018-23-0,05/25/2011 11:00:00,C1018,PC-C1018,R:\docs\confidential_export_0.pdf,File Copy,True,False,
F-C1018-23-1,05/25/2011 11:01:00,C1018,PC-C1018,R:\docs\confidential_export_1.pdf,File Copy,True,False,
F-C1018-23-2,05/25/2011 11:02:00,C1018,PC-C1018,R:\docs\confidential_export_2.pdf,File Copy,True,False,
F-C1018-23-3,05/25/2011 11:03:00,C1018,PC-C1018,R:\docs\confidential_export_3.pdf,File Copy,True,False,
F-C1018-23-4,05/25/2011 11:04:00,C1018,PC-C1018,C:\docs\report_4.pdf,File Open,False,False,
F-C1018-23-5,05/25/2011 11:05:00,C1018,PC-C1018,C:\docs\report_5.pdf,File Open,False,False,
F-C1018-23-6,05/25/2011 11:06:00,C1018,PC-C1018,C:\docs\report_6.pdf,File Open,False,False,
F-C1018-23-7,05/25/2011 11:07:00,C1018,PC-C1018,C:\docs\report_7.pdf,File Open,False,False,
F-C1018-23-8,05/25/2011 11:08:00,C1018,PC-C1018,C:\docs\report_8.pdf,File Open,False,False,
F-C1018-23-9,05/25/2011 11:09:00,C1018,PC-C1018,C:\docs\report_9.pdf,File Open,False,False,
F-C1018-23-10,05/25/2011 11:10:00,C1018,PC-C1018,C:\docs\report_10.pdf,File Open,False,False,
F-C1018-23-11,05/25/2011 11:11:00,C1018,PC-C1018,C:\docs\report_11.pdf,File Open,False,False,
F-C1018-23-12,05/25/2011 11:12:00,C1018,PC-C1018,C:\docs\report_12.pdf,File Open,False,False,
F-C1018-23-13,05/25/2011 11:13:00,C1018,PC-C1018,C:\docs\report_13.pdf,File Open,False,False,
F-C1018-23-14,05/25/2011 11:14:00,C1018,PC-C1018,C:\docs\report_14.pdf,File Open,False,False,
F-C1018-23-15,05/25/2011 11:15:00,C1018,PC-C1018,C:\docs\report_15.pdf,File Open,False,False,
F-C1018-23-16,05/25/2011 11:16:00,C1018,PC-C1018,C:\docs\report_16.pdf,File Open,False,False,
F-C1018-23-17,05/25/2011 11:17:00,C1018,PC-C1018,C:\docs\report_17.pdf,File Open,False,False,
F-C1018-23-18,05/25/2011 11:18:00,C1018,PC-C1018,C:\docs\report_18.pdf,File Open,False,False,
F-C1018-23-19,05/25/2011 11:19:00,C1018,PC-C1018,C:\docs\report_19.pdf,File Open,False,False,
F-C1018-23-20,05/25/2011 11:20:00,C1018,PC-C1018,C:\docs\report_20.pdf,File Open,False,False,
F-C1018-23-21,05/25/2011 11:21:00,C1018,PC-C1018,C:\docs\report_21.pdf,File Open,False,False,
F-C1018-23-22,05/25/2011 11:22:00,C1018,PC-C1018,C:\docs\report_22.pdf,File Open,False,False,
F-C1018-23-23,05/25/2011 11:23:00,C1018,PC-C1018,C:\docs\report_23.pdf,File Open,False,False,
F-C1018-23-24,05/25/2011 11:24:00,C1018,PC-C1018,C:\docs\report_24.pdf,File Open,False,False,
F-C1018-23-25,05/25/2011 11:25:00,C1018,PC-C1018,C:\docs\report_25.pdf,File Open,False,False,
F-C1018-23-26,05/25/2011 11:26:00,C1018,PC-C1018,C:\docs\report_26.pdf,File Open,False,False,
F-C1018-23-27,05/25/2011 11:27:00,C1018,PC-C1018,C:\docs\report_27.pdf,File Open,False,False,
F-C1018-23-28,05/25/2011 11:28:00,C1018,PC-C1018,C:\docs\report_28.pdf,File Open,False,False,
F-C1018-23-29,05/25/2011 11:29:00,C1018,PC-C1018,C:\docs\report_29.pdf,File Open,False,False,
F-C1018-23-30,05/25/2011 11:30:00,C1018,PC-C1018,C:\docs\report_30.pdf,File Open,False,False,
F-C1018-23-31,05/25/2011 11:31:00,C1018,PC-C1018,C:\docs\report_31.pdf,File Open,False,False,
F-C1018-23-32,05/25/2011 11:32:00,C1018,PC-C1018,C:\docs\report_32.pdf,File Open,False,False,
F-C1018-23-33,05/25/2011 11:33:00,C1018,PC-C1018,C:\docs\report_33.pdf,File Open,False,False,
F-C1018-23-34,05/25/2011 11:34:00,C1018,PC-C1018,C:\docs\report_34.pdf,File Open,False,False,
F-C1018-23-35,05/25/2011 11:35:00,C1018,PC-C1018,C:\docs\report_35.pdf,File Open,False,False,
F-C1018-23-36,05/25/2011 11:36:00,C1018,PC-C1018,C:\docs\report_36.pdf,File Open,False,False,
F-C1018-23-37,05/25/2011 11:37:00,C1018,PC-C1018,C:\docs\report_37.pdf,File Open,False,False,
F-C1018-23-38,05/25/2011 11:38:00,C1018,PC-C1018,C:\docs\report_38.pdf,File Open,False,False,
F-C1018-23-39,05/25/2011 11:39:00,C1018,PC-C1018,C:\docs\report_39.pdf,File Open,False,False,
F-C1018-23-40,05/25/2011 11:40:00,C1018,PC-C1018,C:\docs\report_40.pdf,File Open,False,False,
F-C1018-23-41,05/25/2011 11:41:00,C1018,PC-C1018,C:\docs\report_41.pdf,File Open,False,False,
F-C1018-23-42,05/25/2011 11:42:00,C1018,PC-C1018,C:\docs\report_42.pdf,File Open,False,False,
F-C1018-23-43,05/25/2011 11:43:00,C1018,PC-C1018,C:\docs\report_43.pdf,File Open,False,False,
F-C1018-23-44,05/25/2011 11:44:00,C1018,PC-C1018,C:\docs\report_44.pdf,File Open,False,False,
F-C1018-23-45,05/25/2011 11:45:00,C1018,PC-C1018,C:\docs\report_45.pdf,File Open,False,False,
F-C1019-23-0,05/25/2011 11:00:00,C1019,PC-C1019,C:\docs\report_0.pdf,File Open,False,False,
F-C1019-23-1,05/25/2011 11:01:00,C1019,PC-C1019,C:\docs\report_1.pdf,File Open,False,False,
F-C1019-23-2,05/25/2011 11:02:00,C1019,PC-C1019,C:\docs\report_2.pdf,File Open,False,False,
F-C1019-23-3,05/25/2011 11:03:00,C1019,PC-C1019,C:\docs\report_3.pdf,File Open,False,False,
F-C1019-23-4,05/25/2011 11:04:00,C1019,PC-C1019,C:\docs\report_4.pdf,File Open,False,False,
F-C1019-23-5,05/25/2011 11:05:00,C1019,PC-C1019,C:\docs\report_5.pdf,File Open,False,False,
F-C1019-23-6,05/25/2011 11:06:00,C1019,PC-C1019,C:\docs\report_6.pdf,File Open,False,False,
F-C1019-23-7,05/25/2011 11:07:00,C1019,PC-C1019,C:\docs\report_7.pdf,File Open,False,False,
